WORD,VALUE,
sad-ey,28.691887187132412
hard,24.61383966368833
younger,11.243483649254365
poor,10.487038542433545
insan,9.167501018771908
older,9.167501018771908
blue-ey,7.139718213866259
alon,7.139718213866259
hungri,6.6802518157117765
white,5.984646780970074
empti,5.472154465791693
complet,5.179751730332317
roll,5.179751730332317
alright,4.4655187907460405
first,4.4655187907460405
frozen,3.32241805421601
rag,3.32241805421601
restless,3.32241805421601
fast,3.32241805421601
nake,3.278674893699759
funni,2.0892003949542297
north,1.8240514885972297
second,1.8240514885972297
drunk,1.8240514885972297
round,1.8240514885972297
love,1.6393374468498796
deepest,1.6393374468498796
countless,1.6393374468498796
bare,1.6393374468498796
fat,1.6393374468498796
western,1.6393374468498796
nervous,1.6393374468498796
silver,1.6393374468498796
loud,1.6393374468498796
prime,1.6393374468498796
silent,1.6393374468498796
aw,1.6393374468498796
moral,1.6393374468498796
useless,1.6393374468498796
