WORD,VALUE,
hard,24.736064355946205
younger,11.272746134875726
poor,10.53870918339055
insane,9.192301389295924
older,9.192301389295924
blue-eyed,7.160056469292931
alone,7.160056469292931
hungry,6.7105492512876275
white,6.02344855161229
empty,5.500479581307493
first,5.269354591695275
complete,5.195627870661646
rolling,5.195627870661646
alright,4.491871586201788
frozen,3.333832079447993
ragged,3.333832079447993
fast,3.333832079447993
precious,3.2925787139690375
naked,3.2925787139690375
funny,2.101131895163456
second,1.833493193769164
drunk,1.833493193769164
round,1.833493193769164
yellow,1.6462893569845187
lovely,1.6462893569845187
deepest,1.6462893569845187
bare,1.6462893569845187
fat,1.6462893569845187
nervous,1.6462893569845187
silver,1.6462893569845187
loud,1.6462893569845187
prime,1.6462893569845187
silent,1.6462893569845187
awful,1.6462893569845187
moral,1.6462893569845187
useless,1.6462893569845187
