WORD,VALUE,
sad-ey,36.40994309773686
younger,11.77225840977398
insan,9.627319458573524
alon,9.582114556958619
older,9.419364967611902
funni,8.4728944103627
alright,6.805121817585382
complet,4.998071839377223
frozen,4.709682483805951
weird,4.709682483805951
nake,3.613163899968006
spanish,3.0158824775234847
north,3.0158824775234847
fast,3.0158824775234847
cute,2.4990359196886116
deepest,2.4990359196886116
countless,2.4990359196886116
western,2.4990359196886116
wateri,2.4990359196886116
prime,2.4990359196886116
torn,2.4990359196886116
aw,2.4990359196886116
moral,2.4990359196886116
useless,2.4990359196886116
