WORD,VALUE,
sad-ey,28.491285185024726
hard,25.42228789852574
younger,11.153139910035293
poor,10.327844424741002
insan,9.090939562413919
older,9.090939562413919
blue-ey,7.076939040369342
alon,7.076939040369342
hungri,6.586872474004432
white,5.865281710616626
empti,5.384907364892814
complet,5.130754839696477
roll,5.130754839696477
alright,4.384403930655628
first,4.384403930655628
frozen,3.287203446441248
rag,3.287203446441248
restless,3.287203446441248
fast,3.287203446441248
nake,3.2358102438723906
funni,2.0524679859353303
north,1.7949691216309374
second,1.7949691216309374
drunk,1.7949691216309374
round,1.7949691216309374
love,1.6179051219361953
deepest,1.6179051219361953
countless,1.6179051219361953
bare,1.6179051219361953
fat,1.6179051219361953
western,1.6179051219361953
nervous,1.6179051219361953
silver,1.6179051219361953
loud,1.6179051219361953
prime,1.6179051219361953
silent,1.6179051219361953
aw,1.6179051219361953
moral,1.6179051219361953
useless,1.6179051219361953
