WORD,VALUE,
sad-eyed,28.712472767295615
hard,18.929583482356207
poor,10.503406600744789
insane,9.175359810204611
blue-eyed,7.146162917662238
hungry,6.689849932504123
white,6.309861160785397
empty,5.481126848196408
complete,5.184782346491573
funny,3.654084565464272
frozen,3.326034582738546
ragged,3.326034582738546
fast,3.326034582738546
naked,3.2830797754713887
loud,2.0929795423382265
proud,2.0929795423382265
fake,1.827042282732136
drunk,1.827042282732136
lovely,1.6415398877356944
a-goin,1.6415398877356944
countless,1.6415398877356944
bare,1.6415398877356944
mean,1.6415398877356944
a-cryin,1.6415398877356944
western,1.6415398877356944
nervous,1.6415398877356944
borderline,1.6415398877356944
prime,1.6415398877356944
silent,1.6415398877356944
awful,1.6415398877356944
moral,1.6415398877356944
useless,1.6415398877356944
