WORD,VALUE,
maggi,31.418309513601457
highway,25.84201710252398
queen,24.6964306010117
eden,20.369926452311564
man,17.513488334763338
memphi,16.966880462217773
lee,14.956754427502654
new,13.643780956022542
franki,12.417377408814886
york,12.106099788296092
mister,8.175570406627582
jone,8.175570406627582
orlean,7.685307585936277
war,7.231324745430394
day,6.821890478011271
sweet,6.208688704407443
daddi,6.208688704407443
william,5.630303416849541
sooner,4.809420435996154
world,4.809420435996154
captain,3.727354373704999
blue,3.727354373704999
right,3.1043443522037215
dakota,2.5617691953120922
state,2.5617691953120922
whether,2.5617691953120922
night,2.5617691953120922
thought,2.5617691953120922
