WORD,VALUE,
Man,20.454764543485805
Queen,18.384602778591848
Frankie,18.384602778591848
Eden,15.533686986439879
Jane,14.320112938585861
Lee,13.683581952831073
York,13.389229859449209
Memphis,12.33537819445969
Jones,11.272746134875726
Though,9.192301389295924
Daddy,9.192301389295924
Mister,8.497453759404204
Highway,7.160056469292931
Stay,7.160056469292931
William,7.160056469292931
New,6.585157427938075
Blue,5.195627870661646
Sweet,3.666986387538328
Tom,3.333832079447993
South,3.333832079447993
Sayin,3.333832079447993
Sooner,3.333832079447993
Make,1.833493193769164
Right,1.833493193769164
Hang,1.833493193769164
Dakota,1.6462893569845187
Black,1.6462893569845187
Pretty,1.6462893569845187
Thought,1.6462893569845187
Cadillac,1.6462893569845187
