WORD,VALUE,
maggi,30.834334322007024
highway,25.44624173779999
queen,24.27492663723096
eden,20.048160440721023
man,17.100084004455738
memphi,16.6563905281372
lee,14.606083372818526
new,13.238476259188072
franki,12.063529910093939
york,11.843890608292202
mister,7.961641980700385
jone,7.961641980700385
orlean,7.497107759065835
war,7.094582116673468
day,6.619238129594036
sweet,6.031764955046969
daddi,6.031764955046969
william,5.479108266545824
sooner,4.709682483805951
world,4.709682483805951
captain,3.613163899968006
blue,3.613163899968006
right,3.0158824775234847
better,3.0158824775234847
dakota,2.4990359196886116
state,2.4990359196886116
whether,2.4990359196886116
night,2.4990359196886116
thought,2.4990359196886116
cadillac,2.4990359196886116
