WORD,VALUE,
maggie,31.418309513601457
highway,25.84201710252398
queen,24.6964306010117
eden,20.369926452311564
man,17.513488334763338
memphis,16.966880462217773
lee,14.956754427502654
new,13.643780956022542
frankie,12.417377408814886
york,12.106099788296092
mister,8.175570406627582
jones,8.175570406627582
orleans,7.685307585936277
william,7.313181557833987
war,7.231324745430394
day,6.821890478011271
sweet,6.208688704407443
daddy,6.208688704407443
stay,5.630303416849541
blue,5.1235383906241845
sooner,4.809420435996154
world,4.809420435996154
captain,3.727354373704999
right,3.1043443522037215
dakota,2.5617691953120922
whether,2.5617691953120922
night,2.5617691953120922
thought,2.5617691953120922
