WORD,VALUE,
queen,19.853378883816685
frankie,18.350719620409222
eden,15.507601324966695
jane,14.292325835324476
lee,13.654093407781485
york,13.366192225436645
memphis,12.310639118658926
jones,11.25275652832379
mister,8.478810738524686
oxford,8.478810738524686
new,8.219098774204475
highway,7.146162917662238
whose,7.146162917662238
william,7.146162917662238
pa,3.4327720398015606
tom,3.326034582738546
blue,2.0929795423382265
south,1.827042282732136
sooner,1.827042282732136
dakota,1.6415398877356944
united,1.6415398877356944
