WORD,VALUE,
man,20.40070168734043
queen,18.335002037543816
franki,18.335002037543816
eden,15.495500270623827
jane,14.279436427732518
lee,13.640415646940438
york,13.355505258730501
memphi,12.299163798703688
jone,11.243483649254365
though,9.167501018771908
mister,8.47016359384289
highway,7.139718213866259
daddi,6.64483610843202
new,6.557349787399518
william,4.903747427591633
sweet,3.6481029771944593
tom,3.32241805421601
south,3.32241805421601
sayin,3.32241805421601
sooner,3.32241805421601
blue,3.278674893699759
stay,2.3803511840800504
make,1.8240514885972297
right,1.8240514885972297
hang,1.8240514885972297
dakota,1.6393374468498796
black,1.6393374468498796
pretti,1.6393374468498796
thought,1.6393374468498796
cadillac,1.6393374468498796
