WORD,VALUE,
ask,21.417520759463628
lookin,13.28967221686404
send,13.050014122953806
doe,12.281021923650712
scream,11.243483649254365
speak,10.708760379731814
chime,10.359503460664634
fear,9.167501018771908
happen,9.120257442986155
gaze,8.47016359384289
spend,8.209663276273591
met,7.8068872713080175
hide,7.545276075116224
flash,6.64483610843202
blame,6.64483610843202
spi,6.52065808330612
hand,6.52065808330612
carri,5.990075340328248
ach,5.179751730332317
complain,5.179751730332317
point,5.179751730332317
stare,5.050414046096668
stole,4.918012340549642
comin,4.903747427591633
ran,4.760702368160101
jump,4.178400789908459
neath,3.6481029771944593
critic,3.6481029771944593
steal,3.6481029771944593
shout,3.427578804780841
taken,3.427578804780841
pound,3.427578804780841
heed,3.427578804780841
act,3.427578804780841
lock,3.32241805421601
spin,3.32241805421601
fix,3.32241805421601
leap,3.32241805421601
peek,3.32241805421601
lit,3.32241805421601
discov,3.32241805421601
bless,3.32241805421601
shatter,3.278674893699759
decid,3.278674893699759
crack,3.278674893699759
lean,3.278674893699759
warn,3.278674893699759
return,2.683202018416419
stumbl,2.3803511840800504
expect,2.3803511840800504
threw,2.3803511840800504
stood,2.3803511840800504
kept,2.0892003949542297
yell,2.0892003949542297
realiz,2.0892003949542297
crash,2.0892003949542297
kick,2.0892003949542297
sat,2.0892003949542297
taught,2.0892003949542297
forsak,1.8240514885972297
answer,1.8240514885972297
exist,1.8240514885972297
refus,1.8240514885972297
depend,1.8240514885972297
struck,1.8240514885972297
swallow,1.8240514885972297
hid,1.8240514885972297
preach,1.8240514885972297
promis,1.8240514885972297
bow,1.8240514885972297
understood,1.8240514885972297
block,1.6393374468498796
defin,1.6393374468498796
nail,1.6393374468498796
kneel,1.6393374468498796
click,1.6393374468498796
wore,1.6393374468498796
invit,1.6393374468498796
fed,1.6393374468498796
employ,1.6393374468498796
check,1.6393374468498796
scorn,1.6393374468498796
led,1.6393374468498796
wind,1.6393374468498796
eas,1.6393374468498796
clean,1.6393374468498796
baffl,1.6393374468498796
lend,1.6393374468498796
fallen,1.6393374468498796
memor,1.6393374468498796
place,1.6393374468498796
rattl,1.6393374468498796
rambl,1.6393374468498796
dreamt,1.6393374468498796
mutter,1.6393374468498796
conquer,1.6393374468498796
