WORD,VALUE,
ask,45.14249122712962
fix,28.169624343358834
allow,22.738068478165683
lookin,17.493251437820284
speak,15.069481773438971
chime,14.189164233346936
fear,12.13746331861548
scream,11.843890608292202
plow,11.843890608292202
gaze,11.77225840977398
hand,8.486879721908009
lean,7.150710330020305
comin,7.150710330020305
kept,6.619238129594036
flash,6.031764955046969
critic,6.031764955046969
spi,5.512684443761382
stare,5.512684443761382
taken,5.479108266545824
land,5.479108266545824
shatter,4.998071839377223
crack,4.998071839377223
bid,4.998071839377223
stole,4.87143055560524
neath,4.87143055560524
blame,4.87143055560524
bust,4.709682483805951
leap,4.709682483805951
peek,4.709682483805951
lit,4.709682483805951
shout,4.23644720518135
heed,4.23644720518135
act,4.23644720518135
decid,3.613163899968006
crash,3.613163899968006
ach,3.613163899968006
complain,3.613163899968006
point,3.613163899968006
warn,3.613163899968006
walkin,3.613163899968006
spin,3.0158824775234847
wore,3.0158824775234847
depend,3.0158824775234847
hid,3.0158824775234847
discov,3.0158824775234847
preach,3.0158824775234847
promis,3.0158824775234847
understood,3.0158824775234847
charg,3.0158824775234847
block,2.4990359196886116
defin,2.4990359196886116
nail,2.4990359196886116
kneel,2.4990359196886116
dove,2.4990359196886116
ban,2.4990359196886116
order,2.4990359196886116
invit,2.4990359196886116
employ,2.4990359196886116
duck,2.4990359196886116
echo,2.4990359196886116
argu,2.4990359196886116
check,2.4990359196886116
load,2.4990359196886116
scorn,2.4990359196886116
wind,2.4990359196886116
eas,2.4990359196886116
baffl,2.4990359196886116
fallen,2.4990359196886116
milk,2.4990359196886116
memor,2.4990359196886116
sparkl,2.4990359196886116
rattl,2.4990359196886116
mix,2.4990359196886116
bar,2.4990359196886116
dreamt,2.4990359196886116
mutter,2.4990359196886116
conquer,2.4990359196886116
