WORD,VALUE,
ask,39.63259297757716
fix,28.602404384649542
allow,23.096839166322944
lookin,17.932384367184646
speak,15.551972267443713
chime,14.462649490860787
fear,12.34821530050585
scream,12.106099788296092
plow,12.106099788296092
gaze,12.008738990721113
hand,8.726536746891966
comin,7.313181557833987
kept,6.821890478011271
flash,6.208688704407443
critic,6.208688704407443
spi,5.704060714668644
stare,5.704060714668644
taken,5.630303416849541
land,5.630303416849541
shatter,5.1235383906241845
crack,5.1235383906241845
bid,5.1235383906241845
neath,5.037078227455748
blame,5.037078227455748
bust,4.809420435996154
leap,4.809420435996154
peek,4.809420435996154
lit,4.809420435996154
lean,4.376366277975102
heed,4.376366277975102
act,4.376366277975102
decid,3.727354373704999
crash,3.727354373704999
ach,3.727354373704999
complain,3.727354373704999
point,3.727354373704999
warn,3.727354373704999
wore,3.1043443522037215
depend,3.1043443522037215
hid,3.1043443522037215
discov,3.1043443522037215
preach,3.1043443522037215
promis,3.1043443522037215
understood,3.1043443522037215
charg,3.1043443522037215
block,2.5617691953120922
defin,2.5617691953120922
nail,2.5617691953120922
kneel,2.5617691953120922
dove,2.5617691953120922
ban,2.5617691953120922
order,2.5617691953120922
invit,2.5617691953120922
employ,2.5617691953120922
duck,2.5617691953120922
echo,2.5617691953120922
argu,2.5617691953120922
check,2.5617691953120922
load,2.5617691953120922
scorn,2.5617691953120922
wind,2.5617691953120922
eas,2.5617691953120922
baffl,2.5617691953120922
fallen,2.5617691953120922
milk,2.5617691953120922
memor,2.5617691953120922
sparkl,2.5617691953120922
rattl,2.5617691953120922
mix,2.5617691953120922
bar,2.5617691953120922
dreamt,2.5617691953120922
mutter,2.5617691953120922
conquer,2.5617691953120922
