WORD,VALUE,
ask,44.17454379265289
die,25.196313111240368
allow,20.369926452311564
lookin,17.932384367184646
chimes,17.66536080710031
gazed,12.34821530050585
criticize,12.34821530050585
plow,12.106099788296092
spied,12.008738990721113
happening,12.008738990721113
carried,12.008738990721113
dying,10.546676161436281
puts,9.755861862282268
flashing,9.618840871992308
feeling,7.685307585936277
comin,7.313181557833987
fear,7.231324745430394
sends,7.231324745430394
kept,6.821890478011271
satisfied,6.208688704407443
taken,5.630303416849541
protect,5.630303416849541
stare,5.1235383906241845
bid,5.1235383906241845
neath,5.037078227455748
runs,5.037078227455748
asks,4.809420435996154
wandering,4.809420435996154
busted,4.809420435996154
lit,4.809420435996154
remains,4.809420435996154
landed,4.809420435996154
heed,4.376366277975102
staying,4.376366277975102
sings,3.727354373704999
wasted,3.1043443522037215
cares,3.1043443522037215
prayed,3.1043443522037215
wore,3.1043443522037215
traveled,3.1043443522037215
lean,3.1043443522037215
hid,3.1043443522037215
warn,3.1043443522037215
understood,3.1043443522037215
sound,3.1043443522037215
handed,2.5617691953120922
leaned,2.5617691953120922
dig,2.5617691953120922
block,2.5617691953120922
define,2.5617691953120922
fix,2.5617691953120922
dove,2.5617691953120922
ordered,2.5617691953120922
decided,2.5617691953120922
echo,2.5617691953120922
argue,2.5617691953120922
treated,2.5617691953120922
fills,2.5617691953120922
scorn,2.5617691953120922
plays,2.5617691953120922
bowed,2.5617691953120922
kicks,2.5617691953120922
baffled,2.5617691953120922
refuse,2.5617691953120922
fallen,2.5617691953120922
talks,2.5617691953120922
pounded,2.5617691953120922
milk,2.5617691953120922
decide,2.5617691953120922
barred,2.5617691953120922
dreamt,2.5617691953120922
charged,2.5617691953120922
