WORD,VALUE,
ask,16.462893569845185
doe,14.993964572998912
lookin,13.335328317791973
send,11.565458933405747
spied,11.272746134875726
chime,10.391255741323292
play,9.88120687251169
flashing,9.192301389295924
gazed,9.192301389295924
criticize,9.192301389295924
spend,9.192301389295924
hide,8.711383901585538
happening,8.497453759404204
met,7.849633682070335
jumped,7.160056469292931
fear,7.160056469292931
blame,7.160056469292931
steal,6.667664158895986
Throw,6.667664158895986
talk,5.574388952239758
sends,5.195627870661646
Saying,5.073759571537877
stole,4.938868070953558
comin,4.922113362958256
staying,4.922113362958256
ran,4.789544958653144
neath,3.666986387538328
taken,3.4439724200874093
protect,3.4439724200874093
heed,3.4439724200874093
Leaving,3.333832079447993
scream,3.333832079447993
prayed,3.333832079447993
wandering,3.333832079447993
knocked,3.333832079447993
Watch,3.333832079447993
lit,3.333832079447993
warn,3.333832079447993
'Cause,3.333832079447993
act,3.2925787139690375
started,3.011724275806145
happened,2.394772479326572
threw,2.394772479326572
stood,2.394772479326572
passed,2.394772479326572
kept,2.101131895163456
pretend,2.101131895163456
step,2.101131895163456
sat,2.101131895163456
taught,2.101131895163456
stumble,2.101131895163456
exist,1.833493193769164
split,1.833493193769164
struck,1.833493193769164
hid,1.833493193769164
wondering,1.833493193769164
understood,1.833493193769164
sound,1.833493193769164
block,1.6462893569845187
define,1.6462893569845187
spin,1.6462893569845187
pound,1.6462893569845187
answer,1.6462893569845187
hears,1.6462893569845187
fix,1.6462893569845187
wore,1.6462893569845187
decided,1.6462893569845187
leap,1.6462893569845187
fed,1.6462893569845187
swallowed,1.6462893569845187
sail,1.6462893569845187
treated,1.6462893569845187
wasted,1.6462893569845187
wishing,1.6462893569845187
scorn,1.6462893569845187
led,1.6462893569845187
bowed,1.6462893569845187
kick,1.6462893569845187
baffled,1.6462893569845187
refuse,1.6462893569845187
lend,1.6462893569845187
fallen,1.6462893569845187
returned,1.6462893569845187
complain,1.6462893569845187
beat,1.6462893569845187
Turned,1.6462893569845187
slip,1.6462893569845187
dreamt,1.6462893569845187
returning,1.6462893569845187
