WORD,VALUE,
broken,576.3312879736378
tender,41.72843876603682
