WORD,VALUE,
littl,602.0299250630655
old,579.4668875731435
wrong,393.71456027806505
next,303.9430749258949
black,297.72530405784454
broken,288.14168530701954
mani,281.7429699976013
hard,276.57559124739237
handi,233.83399723301108
true,201.93511663635962
long,193.69884100869507
whole,190.59174984079345
high,190.59174984079345
last,187.87228675121105
blue,175.05959485792846
bad,170.08068323820817
cold,154.17510681985738
roll,151.10532212137676
low,150.06427421013555
big,138.28779562369618
sick,134.35903246563902
right,124.60231638817885
dead,122.42283149633516
dark,122.42283149633516
closer,122.42283149633516
poor,106.58584077139132
full,106.58584077139132
sweet,87.52979742896423
white,85.0705469749448
free,75.03213710506778
wild,75.03213710506778
deep,72.06373963265612
love,72.06373963265612
finest,59.34720150606613
gray,59.34720150606613
fair,56.713697983296534
bright,54.79179679841396
frail,43.764898714482115
wet,43.764898714482115
loud,43.764898714482115
past,43.764898714482115
real,43.764898714482115
late,43.764898714482115
tender,43.764898714482115
wide,43.764898714482115
beauti,43.764898714482115
blind,43.764898714482115
tire,41.53410546272629
pleasant,28.356848991648267
charm,28.356848991648267
spanish,28.356848991648267
pale,28.356848991648267
best,28.356848991648267
bold,28.356848991648267
ol,28.356848991648267
asleep,28.356848991648267
clear,28.356848991648267
silent,28.356848991648267
better,28.356848991648267
less,28.356848991648267
slender,28.356848991648267
thick,28.356848991648267
rag,28.356848991648267
higher,28.356848991648267
leavin,28.356848991648267
