WORD,VALUE,
littl,586.8519496861553
old,548.3186164060157
wrong,394.29363412084666
next,304.4063177273899
black,298.16539840315164
broken,288.58176485893546
hard,276.9925149464249
mani,266.1602603114469
handi,234.1814385800018
true,202.23623148419216
long,193.9999410631365
whole,190.89284249853935
high,190.89284249853935
bad,170.33547158688256
cold,154.4067319189527
roll,151.36005869318222
blue,144.35908217432086
last,142.01584047055437
big,138.49625747321244
low,134.56748691845965
sick,134.56748691845965
dead,122.60813009627229
dark,122.60813009627229
closer,122.60813009627229
poor,106.74797612174936
full,106.74797612174936
right,94.83464544881703
sweet,87.66876213304761
white,85.20950428233263
free,75.14794595626765
wild,75.14794595626765
deep,72.17954108716043
love,72.17954108716043
finest,59.439847107686916
gray,59.439847107686916
fair,56.806336188221756
bright,54.88442760664363
frail,43.834381066523804
loud,43.834381066523804
past,43.834381066523804
real,43.834381066523804
late,43.834381066523804
tender,43.834381066523804
wide,43.834381066523804
beauti,43.834381066523804
blind,43.834381066523804
tire,41.60358041807242
pleasant,28.403168094110878
charm,28.403168094110878
spanish,28.403168094110878
pale,28.403168094110878
best,28.403168094110878
bold,28.403168094110878
ol,28.403168094110878
asleep,28.403168094110878
clear,28.403168094110878
silent,28.403168094110878
better,28.403168094110878
less,28.403168094110878
slender,28.403168094110878
thick,28.403168094110878
rag,28.403168094110878
higher,28.403168094110878
