WORD,VALUE,
dandy,177.96692215954317
fine,67.11969759580437
weary,43.108885180735726
pale,31.33193617546501
