WORD,VALUE,
wiggle,732.7306446741939
woogie,379.2619093258096
davey,144.7753115464411
mousey,103.53359300766112
lyons,75.35607372191735
teardrop,56.97282270523401
toil,28.486411352617004
