WORD,VALUE,
davey,144.7753115464411
lyons,75.35607372191735
