WORD,VALUE,
linger,100.67954639370654
weep,82.77021679361329
saw,79.26735068138342
gamble,43.108885180735726
saddle,21.554442590367863
rumble,21.554442590367863
