NGRAM,VALUE,
narrow work,34.967695776256576
work someday,34.967695776256576
long narrow,32.00583593746578
way work,28.12285730735691
long way,25.20846357268104
scarlet town,22.07799455664466
roll john,17.333876595404572
narrow sure,16.679499921533832
sure someday,16.679499921533832
roman king,16.20115325396408
road narrow,16.141514541312382
burn roll,15.590820025133159
earli roman,15.055197571081443
bright john,14.981465629082312
bright roll,14.981465629082312
move burn,13.783824052376545
shine burn,13.783824052376545
shine move,13.783824052376545
way sure,13.646725347301981
burn bright,13.252338457236144
burn john,13.252338457236144
move bright,13.252338457236144
move john,13.252338457236144
move roll,13.252338457236144
shine bright,13.252338457236144
narrow way,13.116609152356567
road way,13.116609152356567
way someday,13.116609152356567
sure work,13.101038420878199
work sure,13.101038420878197
earli king,12.784868110132734
light burn,12.784868110132734
light move,12.784868110132734
shine light,12.784868110132734
road work,12.57289436960721
light bright,12.255340899521148
light roll,12.255340899521148
long sure,11.743794442064571
long road,11.22157851678077
road long,11.22157851678077
pay blood,9.84577621986461
work work,9.102954751245782
long long,8.81814989650162
fight em,8.482050202528667
dream titan,8.269894923142509
dream dream,8.269894923142509
soon midnight,8.269894923142509
watchman dream,8.269894923142509
long work,7.811081788185568
dream sink,7.767475821898319
titan sink,7.767475821898319
like earli,7.37937128072565
lay dream,7.035723833912531
watchman lay,7.035723833912531
night day,6.716712421699243
like king,5.857566501784243
like roman,5.857566501784243
dream titan,5.664528398030766
king earli,4.7900053675809335
lay dream,4.767660161304432
scarlet born,4.41516311440466
dead lost,4.4072862552741405
earli earli,4.334276726861631
town born,4.2935431389463865
em fight,4.200366309258939
saw saw,3.8795820632376294
much long,3.853018961442582
scarlet scarlet,3.6086467984336363
side side,3.4706322671688214
town scarlet,3.45257103276498
town town,3.297478551304997
gentl long,3.151952597020519
tear long,3.151952597020519
roman earli,3.135187823932012
one day,2.749349689223079
hand long,2.6920475728493964
saw long,1.8658636858324253
