NGRAM,VALUE,
narrow work,34.85045893167841
work someday,34.85045893167841
long narrow,31.88902017537771
way work,28.007040056124865
long way,25.09358940274948
scarlet town,22.00355580768133
roll john,17.280553655188804
narrow sure,16.62115915985713
sure someday,16.62115915985713
roman king,16.15311264923604
road narrow,16.083272462794472
burn roll,15.542840477838293
earli roman,15.007279141254486
bright john,14.93355779318337
bright roll,14.93355779318337
move burn,13.741193890856326
shine burn,13.741193890856326
shine move,13.741193890856326
way sure,13.58909148722106
burn bright,13.209772015657986
burn john,13.209772015657986
move bright,13.209772015657986
move john,13.209772015657986
move roll,13.209772015657986
shine bright,13.209772015657986
narrow way,13.059160052520658
road way,13.059160052520658
way someday,13.059160052520658
sure work,13.043582160725727
work sure,13.043582160725727
earli king,12.742365451151297
light burn,12.742365451151297
light move,12.742365451151297
shine light,12.742365451151297
road work,12.51564449570211
light bright,12.212923284148225
light roll,12.212923284148225
long sure,11.686873097232269
long road,11.164928694402889
road long,11.164928694402889
pay blood,9.813878805245873
work work,9.047780005050978
long long,8.754848034394513
fight em,8.455440651516472
dream titan,8.248489472806527
dream dream,8.248489472806527
soon midnight,8.248489472806527
watchman dream,8.248489472806527
long work,7.7571620332810385
dream sink,7.7461020599973
titan sink,7.7461020599973
like earli,7.35293410760212
watchman lay,7.014413542156045
lay dream,7.014413542156044
night day,6.685618803316659
like king,5.836436234525737
like roman,5.836436234525737
dream titan,5.648515487256924
king earli,4.7691724605506245
lay dream,4.751750351636098
scarlet born,4.399306618776727
dead lost,4.391442568551735
earli earli,4.313635356428715
town born,4.277710588221757
em fight,4.184567674405359
saw saw,3.8638708171900555
much long,3.837257705472525
scarlet scarlet,3.588432135072325
side side,3.4550643056849584
town scarlet,3.4324739396019095
town town,3.2775097799579496
gentl long,3.136482067880517
tear long,3.136482067880517
roman earli,3.1197740228521287
one day,2.734167698220237
hand long,2.6768680570790604
