NGRAM,VALUE,
narrow work,34.70484878676973
work someday,34.70484878676973
long narrow,30.915496028886178
way work,27.863215152882873
long way,24.13875484159987
scarlet town,23.996991279811184
narrow surely,16.54870315896989
surely someday,16.54870315896989
roman kings,16.09344411232581
road narrow,16.01094055090507
early roman,14.947764225142713
bright john,14.874056197251038
roll john,14.874056197251038
move burn,13.688246470778536
shine burn,13.688246470778536
shine move,13.688246470778536
way surely,13.517524421698333
burn bright,13.156904715670601
burn john,13.156904715670601
burn roll,13.156904715670601
move bright,13.156904715670601
move john,13.156904715670601
move roll,13.156904715670601
shine bright,13.156904715670601
narrow way,12.987825324790219
road way,12.987825324790219
way someday,12.987825324790219
surely work,12.972238442287097
work surely,12.972238442287097
early kings,12.689578351001206
bright roll,12.62656596963251
road work,12.44456031313105
light burn,12.27257546959242
light move,12.27257546959242
shine light,12.27257546959242
light bright,11.744244251995612
light roll,11.744244251995612
long surely,11.234209306980738
long road,10.71463553250938
road long,10.71463553250938
pay blood,9.43468899771469
fight 'em,9.070305871583049
dream sink,8.22190213250004
dream titanic,8.22190213250004
dream dream,8.22190213250004
soon midnight,8.22190213250004
titanic sink,8.22190213250004
watchman dream,8.22190213250004
long work,7.33065086925831
shoot husband,7.321871200032396
lay dream,7.319841294037234
watchman lay,7.319841294037234
like early,6.900656058800154
night day,6.647013501093563
husband hell,6.596357254565799
dream titanic,5.628626752389289
back home,5.544248616393587
like kings,5.482304448615828
like roman,5.482304448615828
lay dream,4.974497631098615
dead lose,4.9031763355055435
kings early,4.743305009635628
much long,4.680736468002063
'em fight,4.5241718726356925
scarlet bear,4.512334130825729
town bear,4.512334130825729
town scarlet,3.9063991215986156
roman early,3.1006385816392426
gentle long,3.0169712343005584
tear long,3.0169712343005584
hand long,2.5597461745883616
one day,2.542627113895705
heart see,2.4173070294108454
