WORD,VALUE,
loaded,43.832676758304444
faithful,28.40203194876715
friendless,28.40203194876715
