WORD,VALUE,
forgetful,45.507288100964495
newborn,40.9578524532069
barren,33.38570979314271
weary,31.15790107133417
restless,31.15790107133417
joyful,21.438384554071096
faithful,21.438384554071096
fatherless,21.438384554071096
