WORD,VALUE,
christmas,574.7700634724599
dum,148.15445645195157
jolene,108.15867369002432
coulee,72.17670063359733
workingman,56.8040638975343
overdrive,28.40203194876715
