WORD,VALUE,
po,173.65090594582276
dixie,156.9486828773979
levee,155.78950535667087
angel,119.7216730034429
merry,116.84345193117608
happiness,81.9157049064138
moonlight,66.77141958628542
frontline,45.507288100964495
paradise,42.87676910814219
hark,42.87676910814219
farewell,33.38570979314271
boulevard,31.15790107133417
snowman,31.15790107133417
splinter,21.438384554071096
sinner,21.438384554071096
emptiness,21.438384554071096
doom,21.438384554071096
