WORD,VALUE,
po,173.81082919460766
dixie,157.0711296445368
levee,155.93063919080728
angel,119.83452889692656
merry,116.94697282013189
happiness,81.99096491265867
moonlight,66.82790723582363
frontline,45.54495221997058
paradise,42.91441616920644
hark,42.91441616920644
farewell,33.413953617911815
boulevard,31.186127838161454
snowman,31.186127838161454
splinter,21.45720808460322
sinner,21.45720808460322
emptiness,21.45720808460322
doom,21.45720808460322
