WORD,VALUE,
christmas,574.7700634724599
dum,159.81773556175773
jolene,109.76431099272739
hark,59.43757463659192
