WORD,VALUE,
dixie,156.9486828773979
po,83.71026554391187
mi,40.9578524532069
cap,31.15790107133417
train,21.438384554071096
