WORD,VALUE,
wan,103.21848117167355
saw,78.86099170340178
herald,42.87676910814219
lag,40.9578524532069
proclaim,21.438384554071096
crave,21.438384554071096
