WORD,VALUE,
senor,225.90952144917588
suckling,180.7276171593407
bos,29.30147433211217
