WORD,VALUE,
senor,232.18170945059754
papa,74.42537054847308
neath,29.30147433211217
