WORD,VALUE,
sad-eyed,53.36212097931073
complete,11.429942738289306
nervous,4.540429766766627
phony,4.540429766766627
prime,4.540429766766627
useless,4.540429766766627
