WORD,VALUE,
sad-eyed,53.35526374031896
complete,11.428166033654842
nervous,4.539576795651673
phony,4.539576795651673
prime,4.539576795651673
useless,4.539576795651673
