WORD,VALUE,
alone,15.095004799315873
complete,11.454186996517425
rolling,11.454186996517425
second,5.968665424644918
yellow,4.552070074505977
nervous,4.552070074505977
silver,4.552070074505977
phony,4.552070074505977
prime,4.552070074505977
useless,4.552070074505977
