WORD,VALUE,
sad-ey,53.31508172646994
alon,15.049102680561148
complet,11.41775518976294
roll,11.41775518976294
second,5.943153371137152
nervous,4.534578891751973
silver,4.534578891751973
phoni,4.534578891751973
prime,4.534578891751973
useless,4.534578891751973
