WORD,VALUE,
stone,65.48338461600991
sad-ey,53.170733472209946
insid,47.388901874278716
row,41.528138491316284
desol,33.828398475112714
eden,30.00439836216285
jane,30.0039683527592
gate,29.591039710694492
memphi,26.362037691473947
stuck,24.639978382672417
mr.,24.639978382672417
jone,22.429065676280544
factori,22.429065676280544
tombston,22.429065676280544
brand,20.164854938018664
hat,17.750931563486898
mister,16.814191712794774
alley,15.007224432291677
hopin,15.0019841763796
lowland,15.0019841763796
hole,13.549887937781872
kitchen,13.304928867605136
sailor,12.319989191336209
blanket,12.319989191336209
captain,11.947784423667404
among,11.947784423667404
food,11.947784423667404
steal,11.83395437565793
railroad,11.380359660589233
direct,11.380359660589233
dyin,11.380359660589233
drum,10.423029218111129
ticket,9.033258625187914
complet,9.033258625187914
except,8.904544550287099
pictur,8.904544550287099
invit,7.861367952216507
sigh,7.861367952216507
phantom,7.861367952216507
claw,7.861367952216507
discov,7.861367952216507
realiz,7.397759927673623
guard,7.397759927673623
refus,5.916977187828965
card,5.916977187828965
perfect,5.916977187828965
bluff,5.916977187828965
ach,5.916977187828965
clown,5.916977187828965
organ,4.516629312593957
click,4.516629312593957
wore,4.516629312593957
cape,4.516629312593957
advertis,4.516629312593957
hobo,4.516629312593957
flip,4.516629312593957
employ,4.516629312593957
bay,4.516629312593957
jealous,4.516629312593957
cigarett,4.516629312593957
penni,4.516629312593957
insur,4.516629312593957
nervous,4.516629312593957
shovel,4.516629312593957
curfew,4.516629312593957
princess,4.516629312593957
scorn,4.516629312593957
thrill,4.516629312593957
balanc,4.516629312593957
prime,4.516629312593957
frame,4.516629312593957
artist,4.516629312593957
hero,4.516629312593957
useless,4.516629312593957
station,4.516629312593957
failur,4.516629312593957
