WORD,VALUE,
stone,65.75786216581496
sad-ey,53.31508172646994
insid,47.611771807329205
row,41.643317820552745
desol,33.92413185433349
jane,30.098205361122297
eden,30.090408766375777
gate,29.728650860527914
memphi,26.446551724829195
stuck,24.731222649320163
jone,22.49563013047778
factori,22.49563013047778
tombston,22.49563013047778
hat,17.829460113411454
mister,16.877763425276665
alley,15.082760240500887
hopin,15.049102680561148
lowland,15.049102680561148
brand,14.864325430263957
hole,13.60373667525592
sailor,12.365611324660081
blanket,12.365611324660081
captain,12.006867023576273
among,12.006867023576273
kitchen,12.006867023576273
food,12.006867023576273
steal,11.886306742274304
railroad,11.41775518976294
direct,11.41775518976294
dyin,11.41775518976294
drum,10.473885213869826
ticket,9.069157783503947
complet,9.069157783503947
except,8.947173941895628
pictur,8.947173941895628
invit,7.889040506382367
sigh,7.889040506382367
phantom,7.889040506382367
claw,7.889040506382367
discov,7.889040506382367
realiz,7.4321627151319785
guard,7.4321627151319785
refus,5.943153371137152
card,5.943153371137152
perfect,5.943153371137152
bluff,5.943153371137152
ach,5.943153371137152
clown,5.943153371137152
organ,4.534578891751973
click,4.534578891751973
wore,4.534578891751973
cape,4.534578891751973
advertis,4.534578891751973
hobo,4.534578891751973
flip,4.534578891751973
employ,4.534578891751973
bay,4.534578891751973
jealous,4.534578891751973
cigarett,4.534578891751973
penni,4.534578891751973
insur,4.534578891751973
nervous,4.534578891751973
shovel,4.534578891751973
curfew,4.534578891751973
princess,4.534578891751973
scorn,4.534578891751973
thrill,4.534578891751973
balanc,4.534578891751973
prime,4.534578891751973
frame,4.534578891751973
artist,4.534578891751973
hero,4.534578891751973
useless,4.534578891751973
station,4.534578891751973
failur,4.534578891751973
