WORD,VALUE,
stone,50.711226255397115
inside,40.55619269930152
Queen,37.60727784697205
gate,32.89095954193648
Jane,30.190009598631747
Eden,30.17419213313146
Memphis,26.528885650338413
stuck,24.82012800433666
Jones,22.56047287323299
factory,22.56047287323299
tombstone,22.56047287323299
happening,19.338182806948602
Mister,19.338182806948602
Daddy,18.803638923486027
hat,17.905996273934754
steal,15.832004002273223
alley,15.15639751853123
Highway,15.095004799315873
hole,13.65621022351793
kitchen,13.424552816140976
brand,13.424552816140976
sailor,12.41006400216833
blanket,12.41006400216833
railroad,11.454186996517425
dyin,11.454186996517425
complete,11.454186996517425
vision,10.523459879638882
drum,10.523459879638882
except,10.48492536848462
ticket,9.104140149011954
Blue,9.104140149011954
Watch,9.104140149011954
pa,9.104140149011954
picture,8.98872773691092
Inside,7.9160020011366115
phantom,7.9160020011366115
stare,7.9160020011366115
sail,7.465695639393507
stumble,7.465695639393507
card,5.968665424644918
lean,5.968665424644918
bluff,5.968665424644918
clown,5.968665424644918
Sooner,5.968665424644918
sends,5.968665424644918
Hang,5.968665424644918
ruin,4.552070074505977
asks,4.552070074505977
busted,4.552070074505977
wore,4.552070074505977
cape,4.552070074505977
decided,4.552070074505977
hobo,4.552070074505977
sigh,4.552070074505977
cigarette,4.552070074505977
penny,4.552070074505977
nervous,4.552070074505977
shovel,4.552070074505977
curfew,4.552070074505977
Upon,4.552070074505977
cowboy,4.552070074505977
claw,4.552070074505977
pointed,4.552070074505977
scorn,4.552070074505977
refuse,4.552070074505977
balance,4.552070074505977
prime,4.552070074505977
returned,4.552070074505977
uncle,4.552070074505977
frame,4.552070074505977
range,4.552070074505977
artist,4.552070074505977
Bow,4.552070074505977
Better,4.552070074505977
hero,4.552070074505977
Puts,4.552070074505977
useless,4.552070074505977
station,4.552070074505977
failure,4.552070074505977
