WORD,VALUE,
stone,50.49108808582747
jane,30.098205361122297
eden,30.090408766375777
gate,29.728650860527914
memphi,26.446551724829195
jone,22.49563013047778
factori,22.49563013047778
tombston,22.49563013047778
hat,17.829460113411454
insid,17.829460113411454
mister,16.877763425276665
alley,15.082760240500887
hopin,15.049102680561148
lowland,15.049102680561148
drum,15.049102680561148
hole,13.60373667525592
brand,13.365507838371677
sailor,12.365611324660081
blanket,12.365611324660081
captain,12.006867023576273
kitchen,12.006867023576273
food,12.006867023576273
railroad,11.41775518976294
dyin,11.41775518976294
sweet,10.473885213869826
ticket,9.069157783503947
pictur,8.947173941895628
unknown,7.4321627151319785
card,5.943153371137152
guard,5.943153371137152
clown,5.943153371137152
sooner,5.943153371137152
ruin,4.534578891751973
organ,4.534578891751973
cape,4.534578891751973
hobo,4.534578891751973
sigh,4.534578891751973
bay,4.534578891751973
cigarett,4.534578891751973
penni,4.534578891751973
pound,4.534578891751973
shovel,4.534578891751973
curfew,4.534578891751973
claw,4.534578891751973
princess,4.534578891751973
drag,4.534578891751973
frame,4.534578891751973
rang,4.534578891751973
artist,4.534578891751973
proud,4.534578891751973
better,4.534578891751973
hero,4.534578891751973
station,4.534578891751973
failur,4.534578891751973
