WORD,VALUE,
queen,37.80547629834547
man,33.95078151820199
jane,30.1244399888983
eden,30.114351960248186
memphis,26.470079882609106
jones,22.51416038435799
mister,19.292904723227572
highway,15.06221999444915
blue,7.441743486838873
sooner,5.950442708940447
