WORD,VALUE,
Queen,37.60727784697205
Jane,30.190009598631747
Eden,30.17419213313146
Memphis,26.528885650338413
Man,22.760350372529885
Jones,22.56047287323299
Mister,19.338182806948602
Daddy,18.803638923486027
Highway,15.095004799315873
Sweet,11.937330849289836
Blue,11.454186996517425
Sooner,7.9160020011366115
Hang,5.968665424644918
Better,4.552070074505977
