WORD,VALUE,
queen,37.382850027083336
eden,30.00439836216285
jane,30.0039683527592
memphi,26.362037691473947
mr.,24.639978382672417
man,22.583146562969787
jone,22.429065676280544
mister,19.20972142210031
daddi,15.722735904433014
highway,15.0019841763796
sweet,11.83395437565793
blue,9.033258625187914
sooner,7.861367952216507
hang,5.916977187828965
better,4.516629312593957
