WORD,VALUE,
hand,11.886306742274304
steal,11.886306742274304
expect,8.947173941895628
discov,7.889040506382367
bless,7.889040506382367
realiz,7.4321627151319785
refus,5.943153371137152
point,5.943153371137152
ach,5.943153371137152
kneel,4.534578891751973
click,4.534578891751973
bust,4.534578891751973
wore,4.534578891751973
invit,4.534578891751973
flip,4.534578891751973
employ,4.534578891751973
scorn,4.534578891751973
aim,4.534578891751973
