WORD,VALUE,
hand,11.83395437565793
steal,11.83395437565793
expect,8.904544550287099
discov,7.861367952216507
bless,7.861367952216507
realiz,7.397759927673623
refus,5.916977187828965
point,5.916977187828965
ach,5.916977187828965
kneel,4.516629312593957
click,4.516629312593957
bust,4.516629312593957
wore,4.516629312593957
invit,4.516629312593957
flip,4.516629312593957
employ,4.516629312593957
scorn,4.516629312593957
aim,4.516629312593957
