WORD,VALUE,
happening,19.338182806948602
steal,15.832004002273223
stare,7.9160020011366115
stumble,7.465695639393507
sends,5.968665424644918
asks,4.552070074505977
busted,4.552070074505977
wore,4.552070074505977
decided,4.552070074505977
leap,4.552070074505977
scorn,4.552070074505977
refuse,4.552070074505977
returned,4.552070074505977
Wants,4.552070074505977
Puts,4.552070074505977
