NGRAM,VALUE,
narrow work,24.236076399449967
work someday,24.236076399449967
long narrow,22.32249823063828
way work,20.18276563153583
long way,18.269187462724144
scarlet town,15.797160922448679
roll john,12.433999845196082
narrow sure,12.118038199724984
sure someday,12.118038199724984
road narrow,11.772828273994369
roman king,11.613255406915517
burn roll,11.230924153670317
earli roman,10.888917193418953
bright john,10.848592900425112
bright roll,10.848592900425112
way sure,10.091382815767915
move burn,9.983043692151393
shine burn,9.983043692151393
shine move,9.983043692151393
narrow way,9.746172890037304
road way,9.746172890037304
way someday,9.746172890037304
sure work,9.713248125455594
work sure,9.713248125455594
burn bright,9.643193689266766
burn john,9.643193689266766
move bright,9.643193689266766
move john,9.643193689266766
move roll,9.643193689266766
shine bright,9.643193689266766
road work,9.368038199724984
earli king,9.339187502376666
light burn,9.339187502376666
light move,9.339187502376666
shine light,9.339187502376666
light bright,8.999337499492041
light roll,8.999337499492041
long sure,8.75645904104975
long road,8.411249115319137
road long,8.411249115319137
pay blood,7.232395266950075
work work,6.9632481254555945
long long,6.751068090330133
fight em,6.23940230759462
long work,6.006459041049751
dream titan,5.991521846075696
dream dream,5.991521846075696
soon midnight,5.991521846075696
watchman dream,5.991521846075696
dream sink,5.669593751188333
titan sink,5.669593751188333
like earli,5.508199181693174
lay dream,5.184166924018091
watchman lay,5.184166924018091
night day,5.124919515027694
like king,4.406559345354539
like roman,4.406559345354539
dream titan,4.182363260097638
king earli,3.6695937511883328
lay dream,3.576847068554436
earli earli,3.347665656300971
dead lost,3.3354009973889136
scarlet born,3.3049195090159045
town born,3.2183115959509525
em fight,3.1909171889321173
saw saw,2.9713308770112326
much long,2.826847068554436
scarlet scarlet,2.821596844633383
town scarlet,2.7061196272134476
side side,2.6823632600976386
town town,2.590642409793511
roman earli,2.4409171889321173
gentl long,2.3881251930135683
tear long,2.3881251930135683
one day,2.15703347149182
hand long,2.076847068554436
