NGRAM,VALUE,
narrow work,24.321356213950473
work someday,24.321356213950473
long narrow,22.40777804513878
way work,20.268045446036336
long way,18.354467277224646
scarlet town,15.851429895312634
roll john,12.472763397241764
narrow sure,12.160678106975237
sure someday,12.160678106975237
road narrow,11.815468181244622
roman king,11.648142603756632
burn roll,11.26581135051143
earli roman,10.923804390260067
bright john,10.883480097266226
bright roll,10.883480097266226
way sure,10.134022723018168
move burn,10.014054533787938
shine burn,10.014054533787938
shine move,10.014054533787938
narrow way,9.788812797287555
road way,9.788812797287555
way someday,9.788812797287555
sure work,9.755888032705847
work sure,9.755888032705847
burn bright,9.674204530903312
burn john,9.674204530903312
move bright,9.674204530903312
move john,9.674204530903312
move roll,9.674204530903312
shine bright,9.674204530903312
road work,9.410678106975237
earli king,9.370198344013213
light burn,9.370198344013213
light move,9.370198344013213
shine light,9.370198344013213
light bright,9.030348341128589
light roll,9.030348341128589
long sure,8.799098948300003
long road,8.45388902256939
road long,8.45388902256939
pay blood,7.2556533981774844
work work,7.005888032705846
long long,6.80146070798952
fight em,6.258784083617462
long work,6.049098948300002
dream titan,6.007027266893968
dream dream,6.007027266893968
soon midnight,6.007027266893968
watchman dream,6.007027266893968
dream sink,5.6850991720066055
titan sink,5.6850991720066055
like earli,5.527580957716016
lay dream,5.199672344836364
watchman lay,5.199672344836364
night day,5.148177646255103
like king,4.422064766172813
like roman,4.422064766172813
dream titan,4.193992325711343
king earli,3.6850991720066064
lay dream,3.5884761341681406
earli earli,3.363171077119244
dead lost,3.3470300630026184
scarlet born,3.3165485746296097
town born,3.2299406615646573
em fight,3.2025462545458216
saw saw,2.9829599426249374
much long,2.8384761341681406
scarlet scarlet,2.837102265451656
town scarlet,2.7216250480317203
side side,2.693992325711344
town town,2.6061478306117842
roman earli,2.4525462545458216
gentl long,2.399754258627273
tear long,2.399754258627273
one day,2.168662537105525
hand long,2.0884761341681406
saw long,1.4829599426249376
