NGRAM,VALUE,
narrow way work,229.80057078133638
way work someday,229.80057078133638
long narrow way,219.95647328796946
narrow way surely,114.90028539066819
way surely someday,114.90028539066819
road narrow way,113.51944568774573
narrow surely work,113.38774662941888
narrow work surely,113.38774662941888
surely work someday,113.38774662941888
work surely someday,113.38774662941888
road narrow work,112.00690692649644
long narrow surely,108.46569788273544
bright roll john,108.11268974506172
long road narrow,107.08485817981298
road long narrow,107.08485817981298
way surely work,105.28112509359062
way work surely,105.28112509359062
road way work,103.90028539066816
work surely work,103.76858633234134
long way surely,100.35907634690716
long road way,98.97823664398473
road long way,98.97823664398473
long work surely,98.84653758565788
shine move burn,98.8189686853541
long narrow work,97.46569788273544
road long work,97.46569788273544
move burn bright,97.45956867381558
move burn john,97.45956867381558
move burn roll,97.45956867381558
shine burn bright,97.45956867381558
shine move bright,97.45956867381558
early roman kings,96.2435439262552
burn bright john,96.10016866227708
burn bright roll,96.10016866227708
burn roll john,96.10016866227708
move bright john,96.10016866227708
move bright roll,96.10016866227708
move roll john,96.10016866227708
light move burn,95.14351573625571
shine light burn,95.14351573625571
shine light move,95.14351573625571
light burn bright,93.78411572471721
light burn roll,93.78411572471721
light move bright,93.78411572471721
light move roll,93.78411572471721
shine light bright,93.78411572471721
long road long,92.54364913605201
light bright roll,92.4247157131787
long way work,89.35907634690719
dream titanic sink,57.40948434267705
watchman lay dream,55.06963433979242
night day strip,48.76999899556349
like roman kings,46.180064654446625
like early kings,44.892352274897185
like early roman,44.892352274897185
fight 'em whiskey,44.81200075917125
high fight 'em,44.81200075917125
dream dream titanic,41.81200075917125
gentle pray long,40.33644147018222
lay dream dream,40.057113257007785
scarlet town scarlet,39.896304919029475
town scarlet town,39.896304919029475
blood night day,39.482286616014036
saw dig long,36.09132897234569
scarlet town bear,34.300523545184
roman kings early,31.846216474509163
early kings early,30.880432189847077
