WORD,VALUE,
littl,389.07751222775164
true,348.13574032952357
slow,288.0488363303335
sweet,220.43631494281365
right,219.95822966338244
new,219.95822966338244
big,211.89587695831813
best,211.89587695831813
young,210.46035009630626
low,206.94643632342974
next,202.93232363835818
high,199.49249529069618
long,189.56752652660592
old,180.01022269915615
bad,157.576320016635
last,157.0840857239
black,144.02441816516674
dark,130.48772565962295
hard,126.3783510177373
free,116.96929837626885
blind,90.00511134957807
mani,76.57304351643496
poor,76.57304351643496
readi,76.57304351643496
better,76.57304351643496
real,76.57304351643496
glad,73.31940988779415
sad,70.86161740161084
blue,68.86073931995475
fine,67.16486964287579
great,63.18917550886865
cold,63.18917550886865
tire,60.222236004293094
wrong,49.873123822674046
differ,49.873123822674046
full,49.873123822674046
fair,47.24107826774056
cool,47.24107826774056
open,47.24107826774056
bright,45.320635050694115
white,45.320635050694115
past,36.659704943897076
golden,36.659704943897076
outsid,36.659704943897076
quick,36.659704943897076
straight,36.659704943897076
tough,36.659704943897076
quiet,36.659704943897076
worth,36.659704943897076
wide,36.659704943897076
late,36.659704943897076
precious,36.659704943897076
beauti,36.659704943897076
clear,36.659704943897076
warm,36.659704943897076
deep,34.43036965997737
wild,23.62053913387028
mad,23.62053913387028
wet,23.62053913387028
paint,23.62053913387028
ol,23.62053913387028
swift,23.62053913387028
wick,23.62053913387028
tall,23.62053913387028
dead,23.62053913387028
asleep,23.62053913387028
higher,23.62053913387028
vacant,23.62053913387028
dumb,23.62053913387028
unknown,23.62053913387028
tight,23.62053913387028
low-down,23.62053913387028
earth,23.62053913387028
