WORD,VALUE,
fine,99.73673210569851
mighty,71.27622574345614
