WORD,VALUE,
fine,99.53953153321912
mighty,71.12296624625755
