WORD,VALUE,
broken,53.242749386954856
god-fearing,27.582256643458635
low-down,27.582256643458635
