WORD,VALUE,
senor,213.01470774868793
suckling,170.41176619895035
others,127.80882464921274
toil,42.60294154973759
bos,27.582256643458635
starin,27.582256643458635
