WORD,VALUE,
henry,349.1967075076742
joey,284.1621678741745
sara,260.6702479112574
alberta,231.40257792625954
senor,171.29196671399566
heaven,131.87979061740322
quinn,94.1283149775079
rosemary,91.64452915842841
rooster,43.95993020580108
acapulco,32.22538517362749
kin,32.22538517362749
dark,32.22538517362749
valerie,29.998351659248318
brighton,20.66509321020407
