WORD,VALUE,
henri,494.78130562508824
joey,382.5399788061365
alberta,304.3426215430128
may,257.06330269288065
jack,242.3003661692832
heart,214.7332729217729
goin,177.1564170418088
heaven,175.9478434503905
father,164.92710187502942
lord,149.49004826926515
honey,134.07125988569058
mayb,118.67481857091612
knock,112.06446236673227
jim,112.06446236673227
might,99.80077349228392
devil,97.11901087088367
time,91.39390484547218
ya,87.97392172519525
big,87.97392172519525
king,80.2577523510274
appl,72.68969261740847
never,72.68969261740847
senor,69.72146472027038
street,57.47327983099339
lookin,57.47327983099339
tomorrow,57.47327983099339
stripe,54.839945883497364
love,54.839945883497364
ooh,42.35949985199595
ol,42.35949985199595
bell,27.419972941748682
everyth,27.419972941748682
queen,27.419972941748682
road,27.419972941748682
jesus,27.419972941748682
brooklyn,27.419972941748682
littl,27.419972941748682
starin,27.419972941748682
louisiana,27.419972941748682
san,27.419972941748682
meet,27.419972941748682
miss,27.419972941748682
neath,27.419972941748682
three,27.419972941748682
true,27.419972941748682
minnesota,27.419972941748682
