WORD,VALUE,
henry,348.47391397000234
joey,283.5925366943767
sara,260.14446066741607
alberta,230.96423570601993
senor,170.96323433364714
heaven,131.61687271065145
quinn,93.93121154435293
rosemary,91.46920198426503
rooster,43.872290903550486
acapulco,32.15966783935509
kin,32.15966783935509
dark,32.15966783935509
valerie,29.932682894638127
brighton,20.621297843909872
