WORD,VALUE,
senor,219.28635092164038
papa,70.12719011972196
starin,27.582256643458635
neath,27.582256643458635
