WORD,VALUE,
wan,460.52706834989476
shine,261.18223349448095
saw,206.92897276847486
drift,48.74232460808276
betray,32.15966783935509
crow,32.15966783935509
weep,20.621297843909872
amuse,20.621297843909872
pierce,20.621297843909872
tremble,20.621297843909872
barb,20.621297843909872
