WORD,VALUE,
saw,248.2403097911277
singin,82.7467699303759
waylay,27.582256643458635
