WORD,VALUE,
a-changin,79.30701600938316
a-gonna,76.33839509057493
