WORD,VALUE,
weary,46.19108235887093
countless,23.095541179435465
sly,23.095541179435465
