WORD,VALUE,
chime,88.21529991388559
disgrace,71.78561338788865
farewell,61.910820666046035
lonesome,44.298581783010505
heed,35.89280669394432
coyote,23.10936918035246
shatter,23.10936918035246
doorway,23.10936918035246
cavalry,23.10936918035246
