WORD,VALUE,
chime,88.16688122169155
disgrace,71.74412110954383
farewell,61.87623825036282
lonesome,44.27093405677034
heed,35.87206055477191
coyote,23.095541179435465
shatter,23.095541179435465
doorway,23.095541179435465
cavalry,23.095541179435465
