WORD,VALUE,
lord,178.6808760231539
oxford,112.05861514744069
york,108.55266056637296
new,100.1442822603901
rita,95.47580879926642
william,78.94120227666899
though,75.9725969647381
toll,46.11025468163515
clay,43.87925359036012
holli,29.920350356577217
way,29.920350356577217
black,29.920350356577217
john,29.920350356577217
russian,29.920350356577217
jesus,29.920350356577217
lookin,29.920350356577217
indian,29.920350356577217
german,29.920350356577217
