WORD,VALUE,
gaze,88.16688122169155
saw,84.66288736292502
crow,35.87206055477191
jerk,23.095541179435465
