NGRAM,VALUE,
fight 'em whiskey,15.937333586390412
high fight 'em,15.937333586390412
dream titanic sink,15.352371085669262
dream dream titanic,14.937333586390412
watchman lay dream,14.767408584948106
gentle pray long,14.445480490060739
lay dream dream,14.352371085669256
shine move burn,13.352371085669262
night day strip,13.192499748890873
move burn bright,13.182446084226946
move burn john,13.182446084226946
move burn roll,13.182446084226946
shine burn bright,13.182446084226946
shine move bright,13.182446084226946
early roman kings,13.030442990781896
saw dig long,13.030442990781896
bright roll john,13.012521082784634
burn bright john,13.012521082784634
burn bright roll,13.012521082784634
burn roll john,13.012521082784634
move bright john,13.012521082784634
move bright roll,13.012521082784634
move roll john,13.012521082784634
light move burn,12.892939467031962
shine light burn,12.892939467031962
shine light move,12.892939467031962
light burn bright,12.72301446558965
light burn roll,12.72301446558965
light move bright,12.72301446558965
light move roll,12.72301446558965
shine light bright,12.72301446558965
light bright roll,12.553089464147337
like roman kings,12.54501616361166
scarlet town bear,12.433507848394662
like early kings,12.223088068724294
like early roman,12.223088068724294
roman kings early,11.61540549150305
narrow way surely,11.445480490060742
narrow way work,11.445480490060742
way surely someday,11.445480490060742
way work someday,11.445480490060742
road narrow way,11.31994960797688
narrow surely work,11.307976966310804
narrow work surely,11.307976966310804
surely work someday,11.307976966310804
work surely someday,11.307976966310804
early kings early,11.293477396615689
early roman early,11.293477396615689
road narrow work,11.182446084226946
long narrow way,10.998021513089522
scarlet town scarlet,10.974076229757369
town scarlet town,10.974076229757369
blood night day,10.870571654003513
long narrow surely,10.860517989339584
long road narrow,10.734987107255723
road long narrow,10.734987107255723
way surely work,10.5710113721446
way work surely,10.5710113721446
road way work,10.445480490060739
work surely work,10.433507848394662
long way surely,10.123552395173377
long road way,9.998021513089519
road long way,9.998021513089519
long work surely,9.986048871423442
long narrow work,9.86051798933958
road long work,9.86051798933958
long road long,9.413059012368365
