WORD,VALUE,
slow,46.19214154875279
lucki,11.005105080874557
unkind,10.448323726248066
simpl,10.448323726248066
mighti,7.161322597545721
ol,6.451127642201831
unto,6.451127642201831
differ,6.451127642201831
cool,6.328179007307746
tini,4.152150909645757
unknown,4.152150909645757
close,4.152150909645757
tire,3.9636165016540037
quick,3.4684216549792533
angri,2.9849268535150517
brief,2.5274339348196753
fifth,2.1503758807339435
natur,2.1503758807339435
vacant,2.1503758807339435
ev'ri,2.1503758807339435
