WORD,VALUE,
henri,52.07665024147721
may,35.53353951860888
indian,26.650154638956675
father,26.424864372120986
billi,23.707822154038134
ann,18.751699166882375
heaven,11.984030495881893
johnni,10.82309775256038
call,10.82309775256038
dear,8.72659361971884
big,8.619637209531362
richard,8.619637209531362
heavi,8.619637209531362
jim,8.475780646932456
bay,7.109350960204617
time,5.301271494442235
diamond,4.757263059983451
might,4.757263059983451
hill,4.309818604765681
lost,4.309818604765681
summer,3.1607367585125097
bill,2.6644534168421314
eskimo,2.6644534168421314
pedro,2.248604939781404
presid,2.248604939781404
america,2.248604939781404
crazi,2.248604939781404
true,2.248604939781404
