WORD,VALUE,
Henry,51.958880782970795
May,38.687969833860194
Father,26.378990320831964
Billy,23.64898231524018
Ann,16.2034355529136
Heaven,11.946205259829732
Johnny,10.79823830401715
Call,10.79823830401715
Mary,10.481292322464073
Dear,8.703075640381758
Big,8.598712387696061
Richard,8.598712387696061
Heavy,8.598712387696061
Jim,8.44582466429616
Time,7.508820953005372
Bay,7.087174450073677
Diamond,4.737769488264797
Might,4.737769488264797
Hill,4.2993561938480305
Lost,4.2993561938480305
Eskimo,4.2993561938480305
Rolling,4.2993561938480305
Summer,3.1490226592992174
Bill,2.6553324751306278
Pedro,2.2420771555716863
President,2.2420771555716863
America,2.2420771555716863
Crazy,2.2420771555716863
True,2.2420771555716863
