WORD,VALUE,
henry,52.279521538943605
may,30.066155786669697
billy,23.8091929123334
ann,16.28547222288074
heaven,12.049222768979622
papa,10.865921811551864
johnny,10.865921811551864
mary,10.591157070150636
richard,8.655685913853048
jim,8.527422210690586
bay,7.147571595499003
diamond,4.790880271580733
big,4.519707874544901
rooster,4.519707874544901
ev'ry,3.7076919089064955
bill,2.680176057154426
pedro,2.2598539372724504
president,2.2598539372724504
america,2.2598539372724504
trance,2.2598539372724504
