WORD,VALUE,
serve,60.13231157333939
wake,47.6183858246668
stop,39.25780332788452
knock,32.70036992802845
going,30.92947768197711
please,30.438628444076976
shine,16.21296434961109
remain,11.651604449801763
answer,10.720704228617704
travel,8.66228206850271
cause,6.570085045330778
climb,6.570085045330778
betray,6.529688820724716
rock,6.442832232294759
arrive,4.519707874544901
rush,4.519707874544901
bend,4.519707874544901
grind,4.327842956926524
greet,4.327842956926524
working,4.327842956926524
mention,4.327842956926524
rolling,4.327842956926524
offer,4.246150821377491
pack,3.1809330416460506
went,3.1809330416460506
cook,3.1809330416460506
bite,2.680176057154426
agree,2.680176057154426
playing,2.2598539372724504
sneak,2.2598539372724504
hire,2.2598539372724504
hearin,2.2598539372724504
cost,2.2598539372724504
happenin,2.2598539372724504
divide,2.2598539372724504
roar,2.2598539372724504
confuse,2.2598539372724504
amuse,2.2598539372724504
mislead,2.2598539372724504
afford,2.2598539372724504
hound,2.2598539372724504
overtake,2.2598539372724504
empty,2.2598539372724504
overlook,2.2598539372724504
coming,2.2598539372724504
