WORD,VALUE,
wake,52.40361616017683
serve,50.18448426595251
sang,28.97806998595796
wan,25.919004290992866
travel,21.89913070856284
please,21.53621952629543
stop,18.38576107228962
answer,17.319626927656934
pass,13.717215512527249
remain,12.96685055189092
shine,10.75802652137694
throw,9.447067977897653
stayed,9.319751928410595
dug,8.598712387696061
hurt,8.559703682925528
move,8.44582466429616
rock,7.508820953005372
laid,7.462753627902128
betrayed,6.530888300874556
Shine,5.823024385536943
stepped,5.3106649502612555
forgot,5.3106649502612555
save,5.3106649502612555
unto,4.861599500036042
man,4.861599500036042
learned,4.737769488264797
changing,4.484154311143373
behold,4.484154311143373
delivered,4.484154311143373
shared,4.2993561938480305
greet,4.2993561938480305
slow,4.2993561938480305
Pack,4.2993561938480305
Went,4.2993561938480305
offered,4.2993561938480305
Hold,4.2993561938480305
kinda,4.2993561938480305
Remember,4.20010683838459
'd,3.6687147262366295
grab,2.6553324751306278
lifted,2.6553324751306278
offer,2.6553324751306278
Blowing,2.6553324751306278
blowed,2.6553324751306278
choose,2.6553324751306278
climb,2.6553324751306278
laying,2.6553324751306278
cause,2.6553324751306278
return,2.6553324751306278
bothered,2.2420771555716863
part,2.2420771555716863
mirror,2.2420771555716863
hired,2.2420771555716863
sway,2.2420771555716863
sits,2.2420771555716863
cost,2.2420771555716863
flowed,2.2420771555716863
forbidden,2.2420771555716863
happens,2.2420771555716863
arrive,2.2420771555716863
bringing,2.2420771555716863
grief,2.2420771555716863
arrived,2.2420771555716863
pulling,2.2420771555716863
Build,2.2420771555716863
stripped,2.2420771555716863
defeat,2.2420771555716863
aching,2.2420771555716863
afford,2.2420771555716863
writes,2.2420771555716863
hounded,2.2420771555716863
suffered,2.2420771555716863
emptied,2.2420771555716863
fare,2.2420771555716863
pour,2.2420771555716863
promised,2.2420771555716863
escaped,2.2420771555716863
discovered,2.2420771555716863
Pick,2.2420771555716863
