WORD,VALUE,
sad-ey,63.59059082491376
alon,18.41580385434405
complet,11.657275376273205
cute,5.828637688136602
phoni,5.828637688136602
prime,5.828637688136602
useless,5.828637688136602
