WORD,VALUE,
alone,18.294420625317898
complete,11.563284031728918
cute,5.781642015864459
phony,5.781642015864459
prime,5.781642015864459
useless,5.781642015864459
