WORD,VALUE,
stone,83.74013197562172
sad-ey,63.154222985853046
maggi,60.17925729119682
row,49.49770446985118
desol,40.45534876357547
gate,39.29842728849674
memphi,32.23155197300274
eden,29.367489976280414
tombston,27.042092429635108
stuck,23.83314225575166
factori,21.254962142353534
jone,19.252565744477423
lowland,18.27239523966203
brand,18.24385788330369
hopin,15.504272092720736
bum,13.979462878835598
prophet,13.495951109243283
except,11.91657112787583
blanket,11.91657112787583
direct,11.546233681536378
ticket,9.824606822124185
complet,9.824606822124185
invit,9.789163325426806
circus,9.789163325426806
phantom,9.789163325426806
candl,9.789163325426806
fold,9.789163325426806
claw,9.789163325426806
bluff,7.758644399141364
discov,7.758644399141364
advic,7.758644399141364
cute,5.773116840768189
crutch,5.773116840768189
organ,5.773116840768189
advertis,5.773116840768189
hobo,5.773116840768189
flip,5.773116840768189
employ,5.773116840768189
jealous,5.773116840768189
patient,5.773116840768189
insur,5.773116840768189
shovel,5.773116840768189
curfew,5.773116840768189
princess,5.773116840768189
scorn,5.773116840768189
post,5.773116840768189
balanc,5.773116840768189
prime,5.773116840768189
tramp,5.773116840768189
barkin,5.773116840768189
artist,5.773116840768189
useless,5.773116840768189
failur,5.773116840768189
