WORD,VALUE,
stone,66.00412491775651
Maggie,60.25385862326071
Queen,45.31933875540513
gate,42.56022044266325
Eden,36.000066471991545
Memphis,32.271102674127945
tombstone,27.07311795566404
stuck,23.87434323540262
happening,23.76717057430911
factory,21.285037737828876
Daddy,19.60437714141922
Mister,19.282166374675967
Jones,19.282166374675967
brand,16.158821067177417
steal,15.542389358294738
vision,14.04486107357324
except,13.517026564345558
prophet,13.517026564345558
blanket,11.93717161770131
complete,11.563284031728918
pa,11.563284031728918
ticket,9.841182207039928
Captain,9.841182207039928
bum,9.80218857070961
circus,9.80218857070961
Inside,9.80218857070961
phantom,9.80218857070961
candle,9.80218857070961
direction,9.80218857070961
bluff,7.771194679147369
advice,7.771194679147369
Sooner,7.771194679147369
sends,7.771194679147369
cute,5.781642015864459
crutch,5.781642015864459
decided,5.781642015864459
hobo,5.781642015864459
shovel,5.781642015864459
curfew,5.781642015864459
cowboy,5.781642015864459
claw,5.781642015864459
scorn,5.781642015864459
refuse,5.781642015864459
post,5.781642015864459
balance,5.781642015864459
prime,5.781642015864459
tramp,5.781642015864459
barkin,5.781642015864459
range,5.781642015864459
artist,5.781642015864459
Bow,5.781642015864459
barred,5.781642015864459
Puts,5.781642015864459
useless,5.781642015864459
failure,5.781642015864459
