WORD,VALUE,
stone,65.88904715389992
maggi,60.17925729119682
gate,39.29842728849674
memphi,32.23155197300274
eden,29.367489976280414
tombston,27.042092429635108
insid,21.737145161711776
factori,21.254962142353534
jone,19.252565744477423
lowland,18.27239523966203
drum,18.27239523966203
brand,16.130170367532465
hopin,15.504272092720736
sweet,14.020235478838023
prophet,13.495951109243283
blanket,11.91657112787583
ticket,9.824606822124185
unknown,9.824606822124185
cost,9.824606822124185
bum,9.789163325426806
circus,9.789163325426806
candl,9.789163325426806
direct,9.789163325426806
advic,7.758644399141364
sooner,7.758644399141364
crutch,5.773116840768189
organ,5.773116840768189
hobo,5.773116840768189
shout,5.773116840768189
pound,5.773116840768189
shovel,5.773116840768189
curfew,5.773116840768189
claw,5.773116840768189
princess,5.773116840768189
drag,5.773116840768189
post,5.773116840768189
barkin,5.773116840768189
rang,5.773116840768189
artist,5.773116840768189
failur,5.773116840768189
