WORD,VALUE,
Maggie,60.25385862326071
Queen,45.31933875540513
Eden,36.000066471991545
Memphis,32.271102674127945
Man,22.518464658094246
Daddy,19.60437714141922
Mister,19.282166374675967
Jones,19.282166374675967
Sweet,15.542389358294738
Blue,11.563284031728918
Captain,9.841182207039928
Sooner,9.80218857070961
