WORD,VALUE,
maggie,60.080632164902745
queen,44.90410544543992
man,40.39648192700324
memphis,32.17926457898625
eden,29.315832363080766
mister,19.21343723557242
jones,19.21343723557242
captain,13.956294012696807
highway,11.889341942448644
sooner,7.742054975558317
