WORD,VALUE,
maggie,60.11132986834627
queen,44.92428035827104
man,40.41480491583877
memphis,32.195539392705804
eden,29.33191092567994
mister,19.225615699060032
jones,19.225615699060032
captain,13.96350545755879
highway,11.897816557945072
sooner,7.747218245304326
