WORD,VALUE,
happening,23.76717057430911
hand,18.294420625317898
steal,15.542389358294738
lean,7.771194679147369
sends,7.771194679147369
decided,5.781642015864459
leap,5.781642015864459
scorn,5.781642015864459
refuse,5.781642015864459
Wants,5.781642015864459
barred,5.781642015864459
Puts,5.781642015864459
