WORD,VALUE,
hand,16.31681583955359
lean,9.932577519353686
discov,7.840390171440319
kneel,5.828637688136602
invit,5.828637688136602
flip,5.828637688136602
employ,5.828637688136602
scorn,5.828637688136602
aim,5.828637688136602
sparkl,5.828637688136602
mix,5.828637688136602
bar,5.828637688136602
