WORD,VALUE,
hand,11.897816557945072
fold,9.777303641893313
discover,7.747218245304326
invite,5.765354894978013
flip,5.765354894978013
employ,5.765354894978013
bar,5.765354894978013
puts,5.765354894978013
