WORD,VALUE,
best,13.760596422234666
tall,9.78824636743918
red,9.315953772435524
blue,9.070102782344888
insane,7.450982310592082
cool,5.850590511626104
wet,4.8170474767602505
back,4.8170474767602505
real,3.5371169930270376
secret,3.2627487891463933
smart,3.2627487891463933
ashamed,3.2627487891463933
dearer,3.2627487891463933
late,3.1819879176683976
new,3.008424901725655
broken,2.5192949826636593
black,2.431494214730896
beautiful,2.3580779953513593
rolling,2.3580779953513593
least,2.2032038715117195
final,1.863190754487106
fourth,1.863190754487106
hot,1.639316389528989
fat,1.5909939588341988
weak,1.3669969887581008
cruel,1.3669969887581008
wise,1.1790389976756797
many,1.1580137980491976
plain,1.0190544090104519
lonesome,0.8311274443354095
tired,0.7620445914698901
dead,0.6676736391772546
long,0.5985672396978923
rich,0.5665805575687848
holy,0.5665805575687848
big,0.45484526481819465
low,0.41415136579230327
hard,0.40562142946584445
vain,0.3531793685252157
fine,0.3531793685252157
next,0.3457124597216099
old,0.3294087796285843
little,0.24925161841977372
sweet,0.24738319532850273
strong,0.16973112849609084
dark,0.16924821745441254
ready,0.14242702278136743
cold,0.14242702278136743
poor,0.09075794463838827
whole,0.07568433844295708
wrong,0.0734851775383899
good,0.0690041159636201
crazy,0.0639637999682292
bad,0.042001686133426586
true,0.03676269968836543
deep,0.03239470753850032
right,0.017726423920979395
sure,0.012254233229455125
last,0.009214545152550546
sad,0.005972196108859712
blind,0.001990332262114522
full,0.0003471409849885518
