WORD,VALUE,
best,13.783131171727348
back,11.004454386220726
little,9.871267377127825
new,6.599146773346472
final,5.862969618463841
dearer,5.862969618463841
least,4.7102691327486195
weak,4.7102691327486195
cruel,4.323678231683733
long,2.0711024793246153
deep,1.9315518450886202
blue,1.8523970938795082
blind,1.7775760422355418
cold,1.4567770713773347
low,1.34859285633893
whole,1.2980332084519086
sweet,1.116025836237228
wrong,1.074994571965149
black,0.7974709609766193
ready,0.7398031383670471
hard,0.39504513876988145
