WORD,VALUE,
best,17.11034438223068
little,8.671929590645266
new,6.407126396734763
final,5.826721637336323
least,4.674623123310881
weak,4.674623123310881
cruel,4.288333208090884
tight,3.465351056693306
dear,2.9095262559013593
blind,1.7473477780058067
long,1.2273040828792876
low,1.2221058640213789
deep,1.2221058640213789
cold,1.2221058640213789
blue,1.176016043313388
whole,1.0894094021461649
wrong,1.0486791237189728
black,0.7735633994895512
ready,0.7164975485697689
sweet,0.6136520414396438
hard,0.1261741549599158
