WORD,VALUE,
bit,25.230987105093735
boot,21.374410901103147
bottom,20.79327053551776
meet,18.441468083268163
shoe,15.453334805094947
line,12.091463101288777
blue,11.927688151056905
brand,8.645045047562345
eve,5.861784661387569
rail,5.861784661387569
gut,5.861784661387569
rice,5.861784661387569
bean,5.861784661387569
frost,5.19831763387944
listenin,5.19831763387944
haul,5.19831763387944
sailin,5.19831763387944
mist,5.19831763387944
thinkin,5.19831763387944
sinkin,5.19831763387944
haze,5.19831763387944
hill,5.1773304420605495
feet,4.818430296609479
vine,4.709103675121488
hunger,4.709103675121488
suit,4.709103675121488
barn,4.709103675121488
weapon,4.709103675121488
starlight,4.709103675121488
sittin,4.322522523781172
battl,4.322522523781172
realiti,4.003757693812563
edg,4.003757693812563
month,4.003757693812563
hall,4.003757693812563
steel,3.733192689420763
stori,3.733192689420763
shelf,3.4986666640226356
crime,3.292114041041705
path,3.1079084868608935
work,3.1079084868608935
gettin,3.1079084868608935
dime,3.1079084868608935
kitchen,2.7912371688031077
rest,2.7912371688031077
weep,2.7912371688031077
life,2.747597559509924
wife,2.6533680523372283
prayer,2.5265183033989143
call,2.5265183033989143
sun,2.404683967510144
power,2.1036376618690067
arm,2.1036376618690067
knee,2.0144549717703755
hors,1.9305423830546142
thought,1.851397381570066
town,1.8160096729165391
memori,1.7765860796506714
tomorrow,1.7765860796506714
look,1.7765860796506714
day,1.7416111211792642
dark,1.5746106899390133
bird,1.5746106899390133
sea,1.4558358574153158
tryin,1.4558358574153158
money,1.2971212436636046
song,1.202341983755072
star,1.1578557639224634
father,0.8270724442514532
soul,0.7966857426077258
home,0.6852575700501564
someon,0.6111534204159492
sky,0.5657295507730169
night,0.5088006603601025
way,0.5088006603601025
street,0.4644265629508664
morn,0.44607121538000083
nobodi,0.4110946497252892
end,0.3783050718223314
place,0.24275077894556074
peopl,0.16243949657236878
eye,0.0013497658043142569
