WORD,VALUE,
bit,25.23574643284796
boot,21.379121480234517
bottom,20.797971364924564
Meet,18.44503270422155
shoe,15.457899138357764
blue,13.172923000183946
line,12.26379800062784
brand,8.647356463367466
rail,5.862969618463841
Money,5.862969618463841
thinkin,5.862969618463841
haul,5.862969618463841
gut,5.862969618463841
Starlight,5.862969618463841
rice,5.862969618463841
bean,5.862969618463841
hill,5.308891524886459
frost,5.199492841231141
vine,5.199492841231141
listenin,5.199492841231141
hunger,5.199492841231141
sailin,5.199492841231141
mist,5.199492841231141
sinkin,5.199492841231141
haze,5.199492841231141
suit,4.7102691327486195
barn,4.7102691327486195
weapon,4.7102691327486195
sittin,4.323678231683733
reality,4.323678231683733
battle,4.323678231683733
foot,4.030948367057906
edge,4.004903651990554
month,4.004903651990554
hall,4.004903651990554
steel,3.7343288978741818
story,3.7343288978741818
work,3.4997931227514876
call,3.4997931227514876
crime,3.2932307500459865
shelf,3.2932307500459865
path,3.1090154461406048
tomorrow,3.1090154461406048
dark,3.1090154461406048
dime,3.1090154461406048
kitchen,2.9430653644248768
Look,2.9430653644248768
rest,2.7923246286336756
weep,2.7923246286336756
Someone,2.6544457624432294
prayer,2.527586263780343
life,2.4523712445900587
sun,2.4523712445900587
wife,2.410273358961599
town,2.232051672474456
father,2.199715591115495
bird,2.1046666233521574
power,2.1046666233521574
arm,2.1046666233521574
thought,2.1046666233521574
knee,2.015474183528953
horse,1.9315518450886202
memory,1.9315518450886202
day,1.907261063572152
tryin,1.8523970938795082
sea,1.4567770713773347
song,1.2496252556471144
star,1.2032344490942377
soul,0.8278674123449112
street,0.6860037895207667
home,0.6860037895207667
nobody,0.6357536878573844
sky,0.6118703907128455
way,0.5715944484815625
night,0.5588323246398212
morning,0.544808303209408
end,0.3789050454243944
people,0.3055767693495347
place,0.2549125562609985
eye,0.0029115411331694235
