WORD,VALUE,
Meet,18.44503270422155
Money,5.862969618463841
