WORD,VALUE,
meet,18.441468083268163
money,5.861784661387569
