WORD,VALUE,
fight,18.418306964173638
sing,14.4480014322314
hang,13.16845616416682
bring,13.16845616416682
compet,5.861784661387569
punch,5.861784661387569
creep,5.861784661387569
rob,5.19831763387944
hurri,5.19831763387944
forc,5.19831763387944
sleep,5.0530366067978285
spare,4.322522523781172
wast,4.322522523781172
forgotten,4.003757693812563
kick,4.003757693812563
'd,3.733192689420763
win,3.4986666640226356
stole,3.4986666640226356
woke,3.4986666640226356
feed,3.4986666640226356
shut,3.1079084868608935
lift,2.6533680523372283
pray,2.6533680523372283
worri,2.3002627603465546
rise,2.3002627603465546
hope,2.1986768799077745
save,2.1036376618690067
lose,2.0144549717703755
mean,1.9305423830546142
forget,1.4558358574153158
want,1.4501608881639898
sit,1.3476711418260607
told,1.2971212436636046
meet,1.1578557639224634
burn,0.9250991680720055
find,0.7673564029200055
rememb,0.7116848530399629
saw,0.6852575700501564
leav,0.6350269678358986
stay,0.588064340568806
work,0.5029740270849601
believ,0.4283004067665259
went,0.3944354154432528
love,0.3329233495291337
put,0.24275077894556074
hear,0.21004471424331317
give,0.1713110279812573
live,0.16243949657236878
gone,0.1456149021355806
tri,0.10197949891752744
keep,0.10197949891752744
tell,0.02240952155967335
see,0.002571976246217411
think,0.0019110765459098844
