WORD,VALUE,
Bring,22.696051869890876
fight,19.28423381627379
hang,15.192825517073622
sleep,6.3972273518795415
compete,5.862969618463841
kick,5.862969618463841
waste,5.862969618463841
finding,5.862969618463841
hurry,5.862969618463841
forced,5.862969618463841
spared,5.199492841231141
pray,4.7102691327486195
forgotten,4.004903651990554
lift,4.004903651990554
woke,3.7343288978741818
leaving,3.7343288978741818
feed,3.7343288978741818
'd,3.7343288978741818
win,3.4997931227514876
stole,3.4997931227514876
shut,3.4997931227514876
save,3.4997931227514876
wa,3.2661666306553276
rise,3.1090154461406048
burned,3.1090154461406048
getting,2.6544457624432294
hope,2.527586263780343
worry,2.527586263780343
lose,2.1046666233521574
want,2.084147266129847
sit,2.015474183528953
mean,1.9315518450886202
forget,1.6394733803996642
trying,1.4567770713773347
told,1.34859285633893
Tell,1.34859285633893
stay,0.9976099729111816
remember,0.892037545652214
saw,0.7974709609766193
work,0.7124408222351346
live,0.6604534781978084
love,0.6357536878573844
believe,0.6118703907128455
went,0.41171412277647734
put,0.3789050454243944
hear,0.31930925406042343
give,0.2669631318007367
keep,0.17174525626562953
gone,0.15429135979262465
think,0.011023473898801844
see,0.0005656930803482341
