WORD,VALUE,
meine,64.52592435158107
sein,19.535761394659943
unsere,16.07358522454588
seiner,15.851922681556118
unseres,12.341979634143556
ihre,8.696450867911338
seine,8.664358299055074
unserer,5.705873770007386
deine,3.5067336182103253
seinen,3.1150936934547424
unserem,2.5560552776165473
seines,1.775978308605449
meines,1.7448264387594605
seinem,1.7448264387594605
ihrer,1.7433241070058934
dein,1.655804357090703
ihr,0.8396985183321313
ihres,0.6609984496581394
unseren,0.6092409677508908
ihren,0.190279654581472
meinem,0.08580322764196158
ihrem,0.023715163672564543
meiner,0.010128513387762883
