WORD,VALUE,
fine,78.36387214619545
mystical,21.296406661837313
