WORD,VALUE,
littl,311.3413338930491
true,311.3413338930491
old,242.94845061726556
sweet,211.5116305238311
next,207.72498244685832
right,199.13642959982823
hard,195.81897647542166
bad,184.57854010187472
young,176.11231370936207
last,171.03507482029127
best,152.98933927570178
big,152.98933927570178
black,121.47422530863278
slow,117.74583606254032
mani,105.75581526191554
dark,105.75581526191554
long,99.56821479991412
greek,90.07344419419198
better,90.07344419419198
white,84.35918061991653
blue,82.35688380853477
poor,74.43927295204521
wrong,74.43927295204521
quick,74.43927295204521
free,74.43927295204521
beauti,74.43927295204521
glad,71.47091471774401
blind,58.87291803127016
dead,58.87291803127016
late,58.87291803127016
differ,58.87291803127016
great,58.87291803127016
cold,58.87291803127016
open,56.23945374661103
wild,43.40919591791275
tough,43.40919591791275
past,43.40919591791275
readi,43.40919591791275
mad,43.40919591791275
upper,43.40919591791275
quiet,43.40919591791275
clear,43.40919591791275
warm,43.40919591791275
full,43.40919591791275
low,41.17844190426739
brief,41.17844190426739
foolish,28.119726873305513
golden,28.119726873305513
paint,28.119726873305513
ol,28.119726873305513
wick,28.119726873305513
straight,28.119726873305513
asham,28.119726873305513
final,28.119726873305513
unknown,28.119726873305513
natur,28.119726873305513
wide,28.119726873305513
higher,28.119726873305513
vacant,28.119726873305513
dumb,28.119726873305513
sunni,28.119726873305513
real,28.119726873305513
