WORD,VALUE,
littl,310.4825229934381
true,310.4825229934381
old,242.26141964919935
sweet,210.91048212502784
next,207.12384884107394
right,198.53534037310035
hard,195.2607693612499
bad,184.06325947931563
young,175.554224939341
last,170.5198533698075
best,152.55994122240568
big,152.55994122240568
black,121.13070982459968
slow,117.40233537152606
mani,105.45524106251392
dark,105.45524106251392
long,99.26767018655018
greek,89.81581127942185
better,89.81581127942185
white,84.10157729118409
blue,82.09929527282114
poor,74.22458132190658
wrong,74.22458132190658
quick,74.22458132190658
free,74.22458132190658
beauti,74.22458132190658
glad,71.25623788062421
blind,58.70116768576303
dead,58.70116768576303
late,58.70116768576303
differ,58.70116768576303
great,58.70116768576303
cold,58.70116768576303
open,56.06771819412272
wild,43.2803868570371
tough,43.2803868570371
past,43.2803868570371
readi,43.2803868570371
mad,43.2803868570371
upper,43.2803868570371
quiet,43.2803868570371
clear,43.2803868570371
warm,43.2803868570371
full,43.2803868570371
low,41.04964763641057
brief,41.04964763641057
foolish,28.03385909706136
golden,28.03385909706136
paint,28.03385909706136
ol,28.03385909706136
wick,28.03385909706136
straight,28.03385909706136
asham,28.03385909706136
final,28.03385909706136
unknown,28.03385909706136
natur,28.03385909706136
wide,28.03385909706136
higher,28.03385909706136
vacant,28.03385909706136
dumb,28.03385909706136
sunni,28.03385909706136
real,28.03385909706136
