WORD,VALUE,
senor,218.03055791885956
suckling,174.42444633508765
bos,28.250996647435592
