WORD,VALUE,
senor,224.30244120408761
papa,71.79910015773325
bello,56.501993294871184
neath,28.250996647435592
