WORD,VALUE,
henry,347.73274949677585
joey,292.37310625243043
sara,268.24922892004287
senor,176.03035914935023
katie,151.45355048444836
rosemary,94.17171471847331
rubin,85.18562664734925
diamond,75.68505576906098
bradley,45.223201026904874
acapulco,33.172677309996004
rooster,33.172677309996004
kin,33.172677309996004
dark,33.172677309996004
valerie,30.94499987777953
