WORD,VALUE,
saw,163.73300613640922
drift,50.429057921652095
weep,21.296406661837313
tremble,21.296406661837313
crow,21.296406661837313
barb,21.296406661837313
