WORD,VALUE,
sad-eyed,228.79929050962284
leopard-skin,106.4917969370132
pill-box,74.96496417472923
jingle-jangle,74.96496417472923
frozen,28.32998241736904
bored,28.32998241736904
faithful,28.32998241736904
