WORD,VALUE,
sad-eyed,228.83697304856238
leopard-skin,106.50938206772973
pill-box,74.97752475043264
jingle-jangle,74.97752475043264
frozen,28.335006160552794
bored,28.335006160552794
faithful,28.335006160552794
