WORD,VALUE,
tambourine,146.72385659086345
desolation,139.60107800987018
