WORD,VALUE,
alberta,312.32194092993336
queen,185.16689772121586
lee,174.2250917700721
father,169.31566145797424
man,161.65281954071446
honey,153.4796345406572
jane,153.4796345406572
juda,153.4796345406572
eden,137.66187284552976
mobil,137.66187284552976
row,133.73313241860967
mister,106.09901699529232
jone,106.09901699529232
day,95.82936116169222
sweet,87.11254588503606
mari,87.11254588503606
priest,87.11254588503606
arab,74.68441233103624
highway,74.68441233103624
hopin,74.68441233103624
stay,67.72783343625022
arabian,67.72783343625022
abe,59.06902623306832
louis,59.06902623306832
captain,56.43554544143582
hang,56.43554544143582
tom,43.55627294251803
pain,43.55627294251803
bell,43.55627294251803
tonight,43.55627294251803
lord,43.55627294251803
howard,43.55627294251803
sooner,43.55627294251803
street,43.55627294251803
dear,41.32550242189931
love,41.32550242189931
guard,28.21777272071791
littl,28.21777272071791
jack,28.21777272071791
casanova,28.21777272071791
madonna,28.21777272071791
sam,28.21777272071791
watch,28.21777272071791
john,28.21777272071791
napoleon,28.21777272071791
nation,28.21777272071791
everyth,28.21777272071791
three,28.21777272071791
mona,28.21777272071791
better,28.21777272071791
minnesota,28.21777272071791
