WORD,VALUE,
tambourine,146.69873625128602
desolation,139.57596010578075
