WORD,VALUE,
god-fearing,30.228396979023266
low-down,30.228396979023266
