WORD,VALUE,
senor,191.11313889996865
altar,62.4034554548544
groom,59.43668776223272
despair,23.306354199436914
