WORD,VALUE,
senor,232.86170359210408
others,90.68519093706979
bos,30.228396979023266
