WORD,VALUE,
senor,239.13410142640168
neath,30.228396979023266
