WORD,VALUE,
saw,175.60395818223463
waylay,30.228396979023266
