NGRAM,VALUE,
piti poor immigr,0.07407407407407407
walk togeth hand,0.05555555555555555
cove togeth hand,0.045454545454545456
along cove spi,0.044444444444444446
cove walk hand,0.044444444444444446
priest franki lee,0.031007751937984496
