WORD,VALUE,
new,27.228753311894643
oxford,21.25902746481003
war,17.466940681743043
york,16.86082670443813
orleans,15.250891307547821
world,12.557563314643945
william,11.793698474122905
dakota,5.083630435849274
