WORD,VALUE,
god-fearing,30.28986260679142
low-down,30.28986260679142
