WORD,VALUE,
readi,483.87021705256
true,230.4779877557359
slow,225.76965292234493
glad,209.05852984882443
right,180.93835768204167
dead,179.97922231552732
pure,169.46705933526007
blind,163.17375755029204
long,155.8312630358168
new,132.69991507967742
real,112.88482646117247
last,102.61414874938268
big,96.18398636833783
bad,79.53134610107995
high,72.57400079765166
great,62.9465221551938
closer,62.9465221551938
littl,62.9465221551938
worth,62.9465221551938
sweet,60.312785894013885
grate,60.312785894013885
mani,46.46433101672528
black,46.46433101672528
differ,46.46433101672528
poor,46.46433101672528
better,46.46433101672528
higher,46.46433101672528
solid,46.46433101672528
east,46.46433101672528
abl,44.23330502655915
cool,44.23330502655915
mine,44.23330502655915
swift,30.156392947006943
wrong,30.156392947006943
golden,30.156392947006943
full,30.156392947006943
half,30.156392947006943
wise,30.156392947006943
unknown,30.156392947006943
content,30.156392947006943
precious,30.156392947006943
wick,30.156392947006943
low-down,30.156392947006943
earth,30.156392947006943
dark,30.156392947006943
