WORD,VALUE,
senor,233.32271113681378
others,90.86958782037426
bos,30.28986260679142
