WORD,VALUE,
senor,191.58087001756186
altar,62.559354102827086
groom,59.59255123653023
despair,23.36869255442087
