WORD,VALUE,
lord,433.12212837525743
devil,155.8312630358168
jesus,146.38655800724635
mayb,129.62170553300083
heart,120.62557178802777
might,109.37884698121366
ya,79.53134610107995
curtain,79.53134610107995
senor,76.56271589025798
jordan,76.56271589025798
resent,74.35388784289981
bruce,72.57400079765166
honey,62.9465221551938
never,62.9465221551938
ooh,62.9465221551938
west,62.9465221551938
stripe,60.312785894013885
made,46.46433101672528
armageddon,30.156392947006943
satan,30.156392947006943
master,30.156392947006943
peter,30.156392947006943
miss,30.156392947006943
neath,30.156392947006943
true,30.156392947006943
