WORD,VALUE,
senor,239.5951212402702
neath,30.28986260679142
