WORD,VALUE,
saw,175.97273354510534
waylay,30.28986260679142
