WORD,VALUE,
dandy,187.57689177045697
clean-cut,93.7230786996694
