WORD,VALUE,
broken,567.5364469756202
a-rollin,78.66880017347552
