WORD,VALUE,
wiggle,710.0367244233487
bully,206.23613563711794
conceit,161.56554666734223
satan,93.78787373050588
sorrow,33.27667297662476
