WORD,VALUE,
wiggle,768.5017421392512
teardrop,75.70020685981265
outskirt,29.81139671426064
