WORD,VALUE,
wiggle,709.5991588496892
bully,206.09842163039073
conceit,161.46022500420173
satan,93.7230786996694
sorrow,33.25238389076624
