WORD,VALUE,
god,422.90678920105785
mayb,227.30375960971006
broken,202.44929558263277
trust,160.9064657791279
satan,127.8078819492676
everyth,94.82363097203546
tomorrow,78.39772479849306
never,78.39772479849306
late,78.39772479849306
one,78.39772479849306
seen,45.78417790156927
peter,29.702973925566376
street,29.702973925566376
june,29.702973925566376
tree,29.702973925566376
far,29.702973925566376
