WORD,VALUE,
shore,107.07496959072806
satan,93.78787373050588
ring,74.2643123341741
