WORD,VALUE,
shore,106.99403010641339
satan,93.7230786996694
ring,74.21570313146795
