WORD,VALUE,
weep,48.3017156600899
howl,45.670126387337994
saw,33.25238389076624
thump,22.835063193668997
