WORD,VALUE,
sad-eyed,222.85244272661114
leopard-skin,103.71661075790581
pill-box,72.98272884521549
jingle-jangle,72.98272884521549
blowed,42.53531220826302
frozen,27.53717336224579
bored,27.53717336224579
faithful,27.53717336224579
