WORD,VALUE,
sad-eyed,222.8352908664774
leopard-skin,103.70860658657568
pill-box,72.97701170883231
jingle-jangle,72.97701170883231
blowed,42.53188210682679
frozen,27.53488677828303
bored,27.53488677828303
faithful,27.53488677828303
