WORD,VALUE,
sadie,91.79604577319577
neath,67.80031207790265
toil,27.53488677828303
bos,27.53488677828303
astray,27.53488677828303
