WORD,VALUE,
tambourine,142.72297356494676
desolation,135.6006241558053
sadie,91.79604577319577
neath,27.53488677828303
