WORD,VALUE,
alberta,304.9740526544623
lee,184.91201919658764
queen,180.75821840652912
father,165.27438326338554
mari,160.99684740555043
man,157.6118095991051
honey,149.80575746616648
jane,149.80575746616648
juda,149.80575746616648
eden,134.3553968911371
mobil,134.3553968911371
row,130.4267905907067
done,109.93241842804605
mister,103.52734328109574
jone,103.52734328109574
day,93.25822395345433
tom,88.16334215627732
sweet,84.90840741742718
priest,84.90840741742718
arab,72.84754085703574
watch,72.84754085703574
lord,72.84754085703574
highway,72.84754085703574
hopin,72.84754085703574
stay,65.89136434171874
arabian,65.89136434171874
abe,57.59955587916585
louis,57.59955587916585
captain,54.966209214023024
bill,54.966209214023024
hang,54.966209214023024
pain,42.45420370871359
bell,42.45420370871359
jake,42.45420370871359
tonight,42.45420370871359
howard,42.45420370871359
sooner,42.45420370871359
street,42.45420370871359
though,40.22356731458455
york,40.22356731458455
dear,40.22356731458455
love,40.22356731458455
guard,27.483104607011512
littl,27.483104607011512
jack,27.483104607011512
casanova,27.483104607011512
madonna,27.483104607011512
sam,27.483104607011512
john,27.483104607011512
napoleon,27.483104607011512
nation,27.483104607011512
everyth,27.483104607011512
three,27.483104607011512
mona,27.483104607011512
better,27.483104607011512
minnesota,27.483104607011512
