WORD,VALUE,
ready,62.45970800162568
glad,24.336280023794473
grateful,9.23988761748244
solid,6.067703912292417
secret,4.61994380874122
angry,4.61994380874122
smooth,4.61994380874122
innocent,4.61994380874122
