WORD,VALUE,
wan,107.68536334730172
trouble,87.15226526274688
stop,77.71364428098573
may,63.72225693532579
ready,62.45970800162568
shot,61.62105322514552
beginning,60.834655158355545
serve,58.328123185377265
wake,50.05015342847319
unto,42.76095437018756
lord,42.36862783415321
shine,41.07795850661391
save,36.4062234737545
thank,34.78643607719593
glad,24.336280023794473
jesus,24.061754148584523
devil,23.099719043706102
press,21.78806631568672
power,21.247124735021504
lamb,19.584057217888052
pony,19.01834858101322
grace,16.041169432389683
waitin,16.041169432389683
resent,15.273005476020078
groom,15.273005476020078
ago,12.135407824584833
grain,11.595478692398643
stripe,11.595478692398643
cripple,11.595478692398643
foundation,11.595478692398643
dare,10.651837590367364
altar,10.651837590367364
grateful,9.23988761748244
arise,9.23988761748244
betray,9.23988761748244
faith,9.150095731382931
heal,9.150095731382931
intend,8.020584716194842
loyalty,8.020584716194842
infinity,8.020584716194842
master,7.595898880453264
solid,6.067703912292417
destruction,4.61994380874122
judgment,4.61994380874122
tattoo,4.61994380874122
confuse,4.61994380874122
amuse,4.61994380874122
confession,4.61994380874122
despair,4.61994380874122
decay,4.61994380874122
angry,4.61994380874122
afford,4.61994380874122
mock,4.61994380874122
smooth,4.61994380874122
mercury,4.61994380874122
lion,4.61994380874122
vanity,4.61994380874122
capture,4.61994380874122
accident,4.61994380874122
innocent,4.61994380874122
