WORD,VALUE,
trouble,87.15226526274688
shot,61.62105322514552
beginning,60.834655158355545
lord,42.36862783415321
jesus,24.061754148584523
devil,23.099719043706102
rock,21.78806631568672
power,21.247124735021504
lamb,19.584057217888052
pony,19.01834858101322
grace,16.041169432389683
groom,15.273005476020078
bend,15.255279193574536
west,13.653794544848228
grain,11.595478692398643
stripe,11.595478692398643
foundation,11.595478692398643
altar,10.651837590367364
faith,9.150095731382931
risin,9.150095731382931
loyalty,8.020584716194842
infinity,8.020584716194842
master,7.595898880453264
destruction,4.61994380874122
judgment,4.61994380874122
wink,4.61994380874122
confession,4.61994380874122
despair,4.61994380874122
decay,4.61994380874122
mercury,4.61994380874122
lion,4.61994380874122
vanity,4.61994380874122
accident,4.61994380874122
