WORD,VALUE,
lord,47.312900115303975
jesus,24.061754148584523
west,19.584057217888052
risin,15.273005476020078
