WORD,VALUE,
wan,107.68536334730172
stop,77.71364428098573
serve,58.328123185377265
wake,51.616522599044856
shine,42.49424947004301
save,36.4062234737545
thank,34.78643607719593
press,24.061754148584523
waitin,16.041169432389683
resent,15.273005476020078
cripple,11.595478692398643
dare,10.651837590367364
arise,9.23988761748244
betray,9.23988761748244
heal,9.150095731382931
intend,8.020584716194842
climb,8.020584716194842
confuse,4.61994380874122
amuse,4.61994380874122
afford,4.61994380874122
capture,4.61994380874122
