WORD,VALUE,
broken,53.277054869478874
god-fearing,27.599411053371085
low-down,27.599411053371085
