WORD,VALUE,
old,679.2644183025387
littl,657.3762139248406
true,426.20105188797675
right,388.4722567335473
slow,348.2731922853693
high,325.06716278757847
sweet,319.59120145274096
big,296.3899914104216
new,289.9377126268052
long,286.4437892826623
best,267.582974197186
wrong,253.18711948556665
young,251.8466805759776
last,250.96574050532038
low,248.02051849855533
next,243.80037209068382
hard,233.7358321246482
bad,210.03758476684848
black,195.66985052022466
free,181.31166286744505
dark,181.31166286744505
poor,152.63018816654161
white,144.9688563134026
blue,128.2657968318622
blind,124.01025924927767
cold,124.01025924927767
better,109.73177447054061
mani,95.48126309422078
open,91.97629411586978
love,91.97629411586978
sad,89.29513968239347
bright,89.29513968239347
fine,85.21462738886228
greek,81.26679069689462
readi,81.26679069689462
ol,81.26679069689462
differ,81.26679069689462
real,81.26679069689462
great,81.26679069689462
tire,78.01247686361519
glad,78.01247686361519
grand,67.10051812514524
quick,67.10051812514524
full,67.10051812514524
beauti,67.10051812514524
hot,64.1328984159311
whole,60.14620432654045
dead,53.002061874767605
wild,53.002061874767605
tough,53.002061874767605
late,53.002061874767605
golden,53.002061874767605
mad,53.002061874767605
fair,50.369336115195516
second,50.369336115195516
cool,50.369336115195516
drunk,50.369336115195516
low-down,39.006238431807596
will,39.006238431807596
past,39.006238431807596
pale,39.006238431807596
outsid,39.006238431807596
tight,39.006238431807596
earth,39.006238431807596
wick,39.006238431807596
straight,39.006238431807596
upper,39.006238431807596
quiet,39.006238431807596
unknown,39.006238431807596
worth,39.006238431807596
wide,39.006238431807596
precious,39.006238431807596
clear,39.006238431807596
warm,39.006238431807596
yellow,36.77622294324928
deep,36.77622294324928
brief,36.77622294324928
sentiment,25.184668057597758
foolish,25.184668057597758
wet,25.184668057597758
paint,25.184668057597758
lower,25.184668057597758
swift,25.184668057597758
chilli,25.184668057597758
asham,25.184668057597758
final,25.184668057597758
tall,25.184668057597758
natur,25.184668057597758
insan,25.184668057597758
asleep,25.184668057597758
complet,25.184668057597758
faithless,25.184668057597758
higher,25.184668057597758
vacant,25.184668057597758
dumb,25.184668057597758
sunni,25.184668057597758
rag,25.184668057597758
less,25.184668057597758
