WORD,VALUE,
littl,445.2858282824705
true,398.5292681404051
slow,330.6880095137227
right,254.8391373121521
new,254.8391373121521
sweet,253.38417438647397
young,245.33604320223947
big,242.90677728974174
best,242.90677728974174
low,237.95603301914423
next,233.94061669836356
high,230.49948471499243
long,218.63755683866555
old,207.14329389897904
last,182.27498326864972
bad,180.83416935627542
black,165.34400475686135
dark,149.8690495033718
hard,145.758371225777
free,134.4123594720719
blind,103.57164694948952
mani,88.20131636840061
poor,88.20131636840061
readi,88.20131636840061
better,88.20131636840061
real,88.20131636840061
glad,84.94637910405069
sad,82.48728298215828
blue,80.48510126479307
fine,78.787927952005
great,72.8791856128885
cold,72.8791856128885
tire,69.91094247260385
wrong,57.62487117874811
differ,57.62487117874811
full,57.62487117874811
fair,54.991521988105525
cool,54.991521988105525
open,54.991521988105525
bright,53.06977513534996
white,53.06977513534996
past,42.473189552025346
golden,42.473189552025346
outsid,42.473189552025346
quick,42.473189552025346
straight,42.473189552025346
tough,42.473189552025346
quiet,42.473189552025346
worth,42.473189552025346
wide,42.473189552025346
late,42.473189552025346
precious,42.473189552025346
beauti,42.473189552025346
clear,42.473189552025346
warm,42.473189552025346
deep,40.24255063239654
wild,27.495760994052763
mad,27.495760994052763
wet,27.495760994052763
paint,27.495760994052763
ol,27.495760994052763
swift,27.495760994052763
wick,27.495760994052763
tall,27.495760994052763
dead,27.495760994052763
asleep,27.495760994052763
higher,27.495760994052763
vacant,27.495760994052763
dumb,27.495760994052763
unknown,27.495760994052763
tight,27.495760994052763
low-down,27.495760994052763
earth,27.495760994052763
