WORD,VALUE,
old,604.3285705809551
littl,585.5611523360001
true,379.36572682862624
right,343.20656987450616
slow,309.2457158249276
high,287.6042817271165
sweet,283.68619205848563
big,263.6057681489092
new,255.60066049941605
long,253.66292788803648
best,237.9212180018598
wrong,225.0865968233336
last,221.31070804376728
young,220.63881924854775
low,219.92167676976555
next,215.70321129533735
hard,207.1982239289516
bad,186.6207627038948
black,173.81426199036417
free,161.01730787067766
dark,161.01730787067766
poor,135.45830023596048
white,127.80033024970803
blue,112.660185234704
blind,109.96083838488278
cold,109.96083838488278
better,97.24358713923887
mani,84.55430929601215
open,81.05102125110442
love,81.05102125110442
sad,78.37154775107139
bright,78.37154775107139
fine,74.29439732442675
greek,71.90107043177912
readi,71.90107043177912
ol,71.90107043177912
differ,71.90107043177912
real,71.90107043177912
great,71.90107043177912
tire,68.64843753194296
glad,68.64843753194296
grand,59.296031393122895
quick,59.296031393122895
full,59.296031393122895
beauti,59.296031393122895
hot,56.330092617352
whole,52.34676039484789
dead,46.758808675838374
wild,46.758808675838374
tough,46.758808675838374
late,46.758808675838374
golden,46.758808675838374
mad,46.758808675838374
fair,44.12776384970955
second,44.12776384970955
cool,44.12776384970955
drunk,44.12776384970955
low-down,34.32421876597148
past,34.32421876597148
pale,34.32421876597148
outsid,34.32421876597148
tight,34.32421876597148
earth,34.32421876597148
wick,34.32421876597148
straight,34.32421876597148
upper,34.32421876597148
quiet,34.32421876597148
unknown,34.32421876597148
worth,34.32421876597148
wide,34.32421876597148
precious,34.32421876597148
clear,34.32421876597148
warm,34.32421876597148
yellow,32.09588421085644
deep,32.09588421085644
brief,32.09588421085644
sentiment,22.063881924854776
foolish,22.063881924854776
wet,22.063881924854776
paint,22.063881924854776
lower,22.063881924854776
swift,22.063881924854776
chilli,22.063881924854776
asham,22.063881924854776
final,22.063881924854776
tall,22.063881924854776
natur,22.063881924854776
insan,22.063881924854776
asleep,22.063881924854776
complet,22.063881924854776
faithless,22.063881924854776
higher,22.063881924854776
vacant,22.063881924854776
dumb,22.063881924854776
sunni,22.063881924854776
rag,22.063881924854776
less,22.063881924854776
