WORD,VALUE,
senor,213.14337416628354
suckling,170.5146993330268
others,127.8860244997701
toil,42.6286748332567
bos,27.599411053371085
starin,27.599411053371085
