WORD,VALUE,
henri,406.37490070788147
well,336.64916159528735
joey,312.8901934942108
alberta,250.76110928176888
may,233.79404337919186
ira,200.84702942760805
jack,199.43561418456147
sarah,186.6207627038948
jane,186.6207627038948
indian,186.6207627038948
heart,174.5545783702834
mari,169.1086185920243
mayb,148.2313731185187
father,148.2313731185187
lord,148.2313731185187
heaven,143.80214086355824
goin,142.34296999268196
flora,118.3040243815473
jim,115.36332505495378
drunken,113.30572792861314
honey,109.96083838488278
ann,100.42351471380402
knock,90.63780917778944
done,88.2555276994191
black,84.55430929601215
bay,84.55430929601215
time,84.4166427229355
dear,81.05102125110442
might,81.05102125110442
ai,81.05102125110442
devil,78.37154775107139
new,72.65330908976152
ya,71.90107043177912
big,71.90107043177912
richard,71.90107043177912
king,64.19176842171288
garrett,59.296031393122895
said,59.296031393122895
appl,59.296031393122895
never,59.296031393122895
senor,56.330092617352
adio,52.34676039484789
san,46.758808675838374
ol,46.758808675838374
bradley,46.758808675838374
street,46.758808675838374
west,46.758808675838374
lookin,46.758808675838374
tomorrow,46.758808675838374
though,44.12776384970955
gon,44.12776384970955
stripe,44.12776384970955
bello,44.12776384970955
love,44.12776384970955
smith,42.20832136146775
brazo,34.32421876597148
watch,34.32421876597148
tom,34.32421876597148
jake,34.32421876597148
ooh,34.32421876597148
arthur,34.32421876597148
miss,34.32421876597148
ruben,34.32421876597148
captain,32.09588421085644
hill,32.09588421085644
rio,32.09588421085644
hang,32.09588421085644
york,32.09588421085644
bill,32.09588421085644
open,32.09588421085644
bell,22.063881924854776
guitar,22.063881924854776
el,22.063881924854776
paso,22.063881924854776
panama,22.063881924854776
doin,22.063881924854776
everyth,22.063881924854776
queen,22.063881924854776
road,22.063881924854776
william,22.063881924854776
jesus,22.063881924854776
carter,22.063881924854776
buddha,22.063881924854776
east,22.063881924854776
brooklyn,22.063881924854776
littl,22.063881924854776
starin,22.063881924854776
louisiana,22.063881924854776
meet,22.063881924854776
silver,22.063881924854776
neath,22.063881924854776
three,22.063881924854776
corazon,22.063881924854776
pima,22.063881924854776
go,22.063881924854776
true,22.063881924854776
minnesota,22.063881924854776
