WORD,VALUE,
henri,496.0320142705841
joey,383.52536067440855
alberta,305.10063925437265
may,257.74545613620364
jack,242.90677728974174
heart,215.30173666506647
goin,177.64903176021198
heaven,176.40263273680122
father,165.34400475686135
lord,149.8690495033718
honey,134.4123594720719
mayb,118.97801650957211
knock,112.36762981909514
jim,112.36762981909514
might,100.06605454006802
devil,97.3842766755212
time,91.65912492067005
big,88.20131636840061
king,80.48510126479307
appl,72.8791856128885
never,72.8791856128885
senor,69.91094247260385
street,57.62487117874811
lookin,57.62487117874811
tomorrow,57.62487117874811
stripe,54.991521988105525
love,54.991521988105525
ol,42.473189552025346
bell,27.495760994052763
everyth,27.495760994052763
queen,27.495760994052763
road,27.495760994052763
jesus,27.495760994052763
brooklyn,27.495760994052763
littl,27.495760994052763
starin,27.495760994052763
louisiana,27.495760994052763
san,27.495760994052763
meet,27.495760994052763
miss,27.495760994052763
neath,27.495760994052763
three,27.495760994052763
true,27.495760994052763
minnesota,27.495760994052763
