WORD,VALUE,
senor,219.41502401383778
papa,70.17007781315354
starin,27.599411053371085
neath,27.599411053371085
