WORD,VALUE,
saw,248.3946994803398
waylay,27.599411053371085
