WORD,VALUE,
shine,261.7297484276517
saw,207.32347105275804
drift,48.85174016932494
betray,32.22538517362749
crow,32.22538517362749
weep,20.66509321020407
amuse,20.66509321020407
pierce,20.66509321020407
tremble,20.66509321020407
barb,20.66509321020407
