WORD,VALUE,
hard,483.8636774843472
mani,438.0561196048502
last,238.01452240712456
black,228.88611590133223
poor,228.88611590133223
old,223.72088500409015
true,215.84624958843102
white,206.66759589124797
bad,189.786976794948
young,175.797976547782
new,172.1549377247389
dead,163.76131863710052
littl,150.76428222262643
right,147.28130686050474
long,130.12151600415248
whole,127.2750864716169
free,124.81114247880424
cold,124.81114247880424
better,124.81114247880424
high,114.76995848315929
big,111.86044250204507
stuck,98.932089594086
lay,95.20580896284983
full,86.03171008854414
dark,86.03171008854414
wrong,86.03171008854414
best,86.03171008854414
insan,86.03171008854414
leopard-skin,86.03171008854414
younger,86.03171008854414
next,79.84832685625527
great,73.16736956199595
readi,73.16736956199595
older,73.16736956199595
sick,69.91442581848575
sad,67.45732321743306
clear,60.35122886102458
wild,60.35122886102458
real,60.35122886102458
deep,57.38497924157964
alon,55.17853178559853
blue,53.401025331727425
worth,47.602904481424915
precious,47.602904481424915
blind,47.602904481424915
wide,47.602904481424915
complet,47.602904481424915
love,44.971548811622036
sweet,44.971548811622036
drunk,44.971548811622036
rise,43.05179547970619
bright,43.05179547970619
frozen,34.95721290924288
outsid,34.95721290924288
constant,34.95721290924288
rag,34.95721290924288
spanish,34.95721290924288
phantom,34.95721290924288
warm,34.95721290924288
wise,34.95721290924288
round,34.95721290924288
yellow,32.728567510453786
hot,32.728567510453786
mine,32.728567510453786
second,32.728567510453786
cute,22.485774405811018
wet,22.485774405811018
broad,22.485774405811018
handsom,22.485774405811018
golden,22.485774405811018
mad,22.485774405811018
soul,22.485774405811018
gray,22.485774405811018
wick,22.485774405811018
silver,22.485774405811018
higher,22.485774405811018
solid,22.485774405811018
loud,22.485774405811018
differ,22.485774405811018
foolish,22.485774405811018
prime,22.485774405811018
silent,22.485774405811018
straight,22.485774405811018
tall,22.485774405811018
torn,22.485774405811018
bigger,22.485774405811018
tight,22.485774405811018
aw,22.485774405811018
quiet,22.485774405811018
moral,22.485774405811018
useless,22.485774405811018
