WORD,VALUE,
fine,62.16154124728791
weary,39.80465186718997
ragged,28.854664379404603
restless,28.854664379404603
countless,19.902325933594984
sly,19.902325933594984
egyptian,19.902325933594984
faithful,19.902325933594984
