WORD,VALUE,
hard,542.573397316768
mani,490.5870547263105
last,268.9084459619278
black,256.69590413719266
poor,256.69590413719266
old,251.52917122951126
true,242.1109661439415
white,232.9293084258798
bad,212.9615499897585
young,200.50410332898866
new,195.3220008673528
dead,183.84574847121107
littl,169.30364037638697
right,167.35822664241863
long,147.1127984566844
whole,144.2648669137095
free,140.2603572718648
cold,140.2603572718648
better,140.2603572718648
high,130.2146672449019
big,125.76458561475563
stuck,111.29116102644659
lay,107.5633783847711
full,96.84570984055473
dark,96.84570984055473
wrong,96.84570984055473
best,96.84570984055473
insan,96.84570984055473
leopard-skin,96.84570984055473
younger,96.84570984055473
next,90.65932258738722
great,82.43629763365658
readi,82.43629763365658
older,82.43629763365658
sick,79.18185187970705
sad,76.72324726821503
clear,68.0750852523352
wild,68.0750852523352
real,68.0750852523352
deep,65.10733362245095
alon,62.899384156030514
blue,61.1203756917201
worth,53.78168919238555
precious,53.78168919238555
blind,53.78168919238555
wide,53.78168919238555
complet,53.78168919238555
love,51.14883151214335
sweet,51.14883151214335
drunk,51.14883151214335
rise,49.22757616978819
bright,49.22757616978819
frozen,39.59092593985353
outsid,39.59092593985353
constant,39.59092593985353
rag,39.59092593985353
spanish,39.59092593985353
phantom,39.59092593985353
warm,39.59092593985353
wise,39.59092593985353
round,39.59092593985353
yellow,37.36077853062511
hot,37.36077853062511
mine,37.36077853062511
second,37.36077853062511
cute,25.574415756071676
wet,25.574415756071676
broad,25.574415756071676
handsom,25.574415756071676
golden,25.574415756071676
mad,25.574415756071676
soul,25.574415756071676
gray,25.574415756071676
wick,25.574415756071676
silver,25.574415756071676
higher,25.574415756071676
solid,25.574415756071676
loud,25.574415756071676
differ,25.574415756071676
foolish,25.574415756071676
prime,25.574415756071676
silent,25.574415756071676
straight,25.574415756071676
tall,25.574415756071676
torn,25.574415756071676
bigger,25.574415756071676
tight,25.574415756071676
aw,25.574415756071676
quiet,25.574415756071676
moral,25.574415756071676
useless,25.574415756071676
