WORD,VALUE,
hard,565.0582338669127
mani,465.02379464307876
old,262.1795359374395
true,236.99982231183012
poor,236.99982231183012
black,221.83707389638752
young,209.96838105242918
last,206.8288337057636
bad,206.6826762480809
white,198.18851857300538
new,189.60079561412638
littl,176.40399350668352
right,175.04865348965976
long,153.6207680448036
free,146.17726321793972
better,146.17726321793972
whole,136.13058326587705
big,131.08976796871974
dead,116.02461978829987
stuck,116.02461978829987
lay,112.29650717159112
full,100.98744501029721
wrong,100.98744501029721
cold,100.98744501029721
best,100.98744501029721
leopard-skin,100.98744501029721
younger,100.98744501029721
next,94.80039780706319
high,92.59804295121084
dark,85.98630921128823
great,85.98630921128823
readi,85.98630921128823
insan,85.98630921128823
older,85.98630921128823
sick,82.73153348230545
wild,71.03337323785603
real,71.03337323785603
deep,68.06529163293852
sad,65.85701219148484
alon,65.85701219148484
precious,56.14825358579556
blind,56.14825358579556
wide,56.14825358579556
clear,56.14825358579556
complet,56.14825358579556
frozen,41.365766741152726
rag,41.365766741152726
spanish,41.365766741152726
phantom,41.365766741152726
warm,41.365766741152726
wise,41.365766741152726
round,41.365766741152726
worth,41.365766741152726
hot,39.13528935689106
sweet,39.13528935689106
mine,39.13528935689106
second,39.13528935689106
drunk,39.13528935689106
constant,26.757532965260058
wet,26.757532965260058
broad,26.757532965260058
handsom,26.757532965260058
outsid,26.757532965260058
mad,26.757532965260058
soul,26.757532965260058
gray,26.757532965260058
wick,26.757532965260058
silver,26.757532965260058
higher,26.757532965260058
solid,26.757532965260058
loud,26.757532965260058
differ,26.757532965260058
foolish,26.757532965260058
prime,26.757532965260058
silent,26.757532965260058
straight,26.757532965260058
tall,26.757532965260058
torn,26.757532965260058
bigger,26.757532965260058
tight,26.757532965260058
aw,26.757532965260058
quiet,26.757532965260058
moral,26.757532965260058
useless,26.757532965260058
