WORD,VALUE,
hard,563.9858864854249
mani,464.1489763359568
old,261.6715962499156
true,236.54830977518085
poor,236.54830977518085
black,221.41378174443642
young,209.51699108247533
last,206.40559602789935
bad,206.28760448082798
white,197.79347404279588
new,189.20579193948203
littl,176.06536250882698
right,174.68187019971356
long,153.31038466868873
free,145.89507298947956
better,145.89507298947956
whole,135.84843389298203
big,130.8357981249578
dead,115.7988703292361
stuck,115.7988703292361
lay,112.07077133104904
full,100.78991593593162
wrong,100.78991593593162
cold,100.78991593593162
best,100.78991593593162
leopard-skin,100.78991593593162
younger,100.78991593593162
next,94.60289596974101
high,92.40055473241038
dark,85.81700052162081
great,85.81700052162081
readi,85.81700052162081
insan,85.81700052162081
older,85.81700052162081
sick,82.56223841115975
wild,70.89228493288681
real,70.89228493288681
deep,67.92421694649101
sad,65.71595112355905
alon,65.71595112355905
precious,56.03538566552452
blind,56.03538566552452
wide,56.03538566552452
clear,56.03538566552452
complet,56.03538566552452
frozen,41.28111920557988
rag,41.28111920557988
spanish,41.28111920557988
phantom,41.28111920557988
warm,41.28111920557988
wise,41.28111920557988
round,41.28111920557988
worth,41.28111920557988
hot,39.05065543983992
sweet,39.05065543983992
mine,39.05065543983992
second,39.05065543983992
drunk,39.05065543983992
constant,26.701105814385397
wet,26.701105814385397
broad,26.701105814385397
handsom,26.701105814385397
outsid,26.701105814385397
mad,26.701105814385397
soul,26.701105814385397
gray,26.701105814385397
wick,26.701105814385397
silver,26.701105814385397
higher,26.701105814385397
solid,26.701105814385397
loud,26.701105814385397
differ,26.701105814385397
foolish,26.701105814385397
prime,26.701105814385397
silent,26.701105814385397
straight,26.701105814385397
tall,26.701105814385397
torn,26.701105814385397
bigger,26.701105814385397
tight,26.701105814385397
aw,26.701105814385397
quiet,26.701105814385397
moral,26.701105814385397
useless,26.701105814385397
