WORD,VALUE,
sad-eyed,217.77629338848897
leopard-skin,101.34775075958434
pill-box,71.29072752985249
jingle-jangle,71.29072752985249
a-changin,71.29072752985249
a-gonna,68.32262157370474
broken,51.799310474022334
frozen,41.520169575858496
bored,26.860460071320496
faithful,26.860460071320496
