WORD,VALUE,
neath,80.58138021396148
evers,26.860460071320496
