WORD,VALUE,
tambourine,139.35055014803612
desolation,132.22863556204163
evers,26.860460071320496
