WORD,VALUE,
well,1659.9960766380082
lord,534.508599746028
god,239.81072374151537
honey,227.53257481309026
jesus,212.9615499897585
new,181.31864517477445
man,175.61076452860132
queen,169.30364037638697
highway,154.7743941511636
juda,154.7743941511636
lee,144.2648669137095
jane,140.2603572718648
eden,125.76458561475563
mobil,125.76458561475563
corrina,121.83646829922587
row,121.83646829922587
mari,107.5633783847711
york,107.5633783847711
mister,96.84570984055473
jone,96.84570984055473
oxford,96.84570984055473
day,86.57854645251585
rita,82.43629763365658
sweet,79.18185187970705
though,79.18185187970705
orlean,79.18185187970705
priest,79.18185187970705
arab,68.0750852523352
john,68.0750852523352
hopin,68.0750852523352
william,68.0750852523352
stay,61.1203756917201
arabian,61.1203756917201
go,53.78168919238555
street,53.78168919238555
abe,53.78168919238555
louis,53.78168919238555
captain,51.14883151214335
love,51.14883151214335
said,39.59092593985353
tom,39.59092593985353
pain,39.59092593985353
toll,39.59092593985353
howard,39.59092593985353
lookin,39.59092593985353
sooner,39.59092593985353
everyth,39.59092593985353
better,39.59092593985353
dear,37.36077853062511
clay,37.36077853062511
sayin,37.36077853062511
hang,37.36077853062511
holli,25.574415756071676
way,25.574415756071676
black,25.574415756071676
guard,25.574415756071676
unit,25.574415756071676
jack,25.574415756071676
tonight,25.574415756071676
casanova,25.574415756071676
golden,25.574415756071676
madonna,25.574415756071676
sam,25.574415756071676
watch,25.574415756071676
russian,25.574415756071676
napoleon,25.574415756071676
nation,25.574415756071676
colorado,25.574415756071676
mona,25.574415756071676
indian,25.574415756071676
german,25.574415756071676
