WORD,VALUE,
well,1479.2347061205744
lord,477.34244958351786
god,210.47088392969806
honey,202.81292993792982
jesus,189.786976794948
new,159.69665371251054
man,155.52933871536942
queen,150.76428222262643
highway,137.78010767775308
juda,137.78010767775308
lee,127.2750864716169
jane,124.81114247880424
eden,111.86044250204507
mobil,111.86044250204507
corrina,107.93382719695461
row,107.93382719695461
mari,95.20580896284983
york,95.20580896284983
mister,86.03171008854414
jone,86.03171008854414
oxford,86.03171008854414
day,75.77055474226252
rita,73.16736956199595
sweet,69.91442581848575
though,69.91442581848575
orlean,69.91442581848575
priest,69.91442581848575
arab,60.35122886102458
john,60.35122886102458
hopin,60.35122886102458
william,60.35122886102458
stay,53.401025331727425
arabian,53.401025331727425
go,47.602904481424915
street,47.602904481424915
abe,47.602904481424915
louis,47.602904481424915
captain,44.971548811622036
love,44.971548811622036
said,34.95721290924288
tom,34.95721290924288
pain,34.95721290924288
toll,34.95721290924288
howard,34.95721290924288
lookin,34.95721290924288
sooner,34.95721290924288
everyth,34.95721290924288
better,34.95721290924288
dear,32.728567510453786
clay,32.728567510453786
sayin,32.728567510453786
hang,32.728567510453786
holli,22.485774405811018
way,22.485774405811018
black,22.485774405811018
guard,22.485774405811018
unit,22.485774405811018
jack,22.485774405811018
tonight,22.485774405811018
casanova,22.485774405811018
golden,22.485774405811018
madonna,22.485774405811018
sam,22.485774405811018
watch,22.485774405811018
russian,22.485774405811018
napoleon,22.485774405811018
nation,22.485774405811018
colorado,22.485774405811018
mona,22.485774405811018
indian,22.485774405811018
german,22.485774405811018
