WORD,VALUE,
blue-eyed,14.731049089983687
drunk,5.766700818203038
a-goin,4.413520141840573
countless,4.413520141840573
bare,4.413520141840573
a-cryin,4.413520141840573
western,4.413520141840573
borderline,4.413520141840573
weird,4.413520141840573
silent,4.413520141840573
restless,4.413520141840573
