WORD,VALUE,
blue-eyed,14.751903742276234
drunk,5.778253361604007
a-goin,4.421450467911351
countless,4.421450467911351
bare,4.421450467911351
a-cryin,4.421450467911351
western,4.421450467911351
borderline,4.421450467911351
weird,4.421450467911351
silent,4.421450467911351
restless,4.421450467911351
