WORD,VALUE,
blue-eyed,14.758228896103812
drunk,5.7817577026327225
a-goin,4.42385592175617
countless,4.42385592175617
bare,4.42385592175617
a-cryin,4.42385592175617
western,4.42385592175617
borderline,4.42385592175617
weird,4.42385592175617
silent,4.42385592175617
restless,4.42385592175617
