WORD,VALUE,
babe,54.63370903007062
toll,33.39160759731128
blowin,27.34417160664034
ocean,23.029668639350003
younger,21.984205714304824
met,21.6369518878978
gaze,18.77508588818166
york,18.77508588818166
oxford,18.77508588818166
disgrac,18.311577107284915
older,18.311577107284915
freedom,17.58731851685235
gal,16.389780606933193
chime,16.389780606933193
flash,15.837688229957905
blue-ey,14.687148325841818
farewel,14.687148325841818
seven,14.336769977937902
children,13.027766806948193
william,12.015377768855494
week,11.130535865770426
twice,10.103409375333012
pawn,10.103409375333012
pound,10.084079024082655
critic,10.084079024082655
accept,8.793659258426175
chase,8.620381983920531
darl,8.620381983920531
scream,8.620381983920531
roar,7.676556213116665
poet,7.676556213116665
court,7.676556213116665
afternoon,7.676556213116665
callin,7.676556213116665
level,7.676556213116665
middl,7.168384988968951
rat,7.168384988968951
exist,7.168384988968951
forsak,5.742389876786197
wishin,5.742389876786197
crow,5.742389876786197
duck,5.742389876786197
equal,5.742389876786197
trace,4.396829629213087
defin,4.396829629213087
ladder,4.396829629213087
a-goin,4.396829629213087
deepest,4.396829629213087
countless,4.396829629213087
sleev,4.396829629213087
a-cryin,4.396829629213087
louder,4.396829629213087
dakota,4.396829629213087
nighttim,4.396829629213087
anytim,4.396829629213087
stove,4.396829629213087
sailin,4.396829629213087
western,4.396829629213087
spanish,4.396829629213087
gamblin,4.396829629213087
liberti,4.396829629213087
borderlin,4.396829629213087
weird,4.396829629213087
tenni,4.396829629213087
club,4.396829629213087
immedi,4.396829629213087
travelin,4.396829629213087
memor,4.396829629213087
nobl,4.396829629213087
rattl,4.396829629213087
dreamt,4.396829629213087
o'clock,4.396829629213087
cadillac,4.396829629213087
