WORD,VALUE,
ocean,23.154801794698166
use,23.154801794698166
chime,18.873192750986732
york,18.873192750986732
oxford,18.873192750986732
disgrace,18.397342436786552
freedom,17.69542368702468
gal,16.48554424380208
farewell,14.758228896103812
william,14.758228896103812
new,14.577157209944739
week,11.186931676792783
pawn,10.16980349372262
south,8.84771184351234
darling,8.684432876373947
poet,7.718267264899389
afternoon,7.718267264899389
level,7.718267264899389
middle,7.2200943481189235
rat,7.2200943481189235
number,5.7817577026327225
question,5.7817577026327225
bullet,5.7817577026327225
trace,4.42385592175617
ladder,4.42385592175617
roar,4.42385592175617
youth,4.42385592175617
sleeve,4.42385592175617
dakota,4.42385592175617
nighttime,4.42385592175617
stove,4.42385592175617
shatter,4.42385592175617
spanish,4.42385592175617
liberty,4.42385592175617
fair,4.42385592175617
tennis,4.42385592175617
court,4.42385592175617
club,4.42385592175617
travelin,4.42385592175617
politics,4.42385592175617
equality,4.42385592175617
confusion,4.42385592175617
shift,4.42385592175617
cadillac,4.42385592175617
