WORD,VALUE,
ocean,23.143665733180946
use,23.143665733180946
chime,18.86446214331434
york,18.86446214331434
oxford,18.86446214331434
disgrace,18.389710716298048
freedom,17.685801871645403
gal,16.477021315606702
farewell,14.751903742276234
william,14.751903742276234
new,14.56884196122639
week,11.181913089626125
pawn,10.163893698849087
south,8.842900935822701
darling,8.67873076097743
poet,7.714555244393649
afternoon,7.714555244393649
level,7.714555244393649
middle,7.215491119906307
rat,7.215491119906307
number,5.778253361604007
question,5.778253361604007
trace,4.421450467911351
ladder,4.421450467911351
roar,4.421450467911351
youth,4.421450467911351
sleeve,4.421450467911351
dakota,4.421450467911351
nighttime,4.421450467911351
stove,4.421450467911351
shatter,4.421450467911351
spanish,4.421450467911351
liberty,4.421450467911351
fair,4.421450467911351
tennis,4.421450467911351
court,4.421450467911351
club,4.421450467911351
travelin,4.421450467911351
politics,4.421450467911351
equality,4.421450467911351
confusion,4.421450467911351
shift,4.421450467911351
cadillac,4.421450467911351
