WORD,VALUE,
york,18.86446214331434
oxford,18.86446214331434
william,14.751903742276234
new,14.56884196122639
south,5.778253361604007
dakota,4.421450467911351
spanish,4.421450467911351
