WORD,VALUE,
york,18.910881512365233
new,13.027048660271358
though,12.110524437220924
william,12.110524437220924
south,7.734291786253918
dakota,4.434240724441265
black,4.434240724441265
pretti,4.434240724441265
thought,4.434240724441265
cadillac,4.434240724441265
