WORD,VALUE,
york,18.835677164951015
oxford,18.835677164951015
william,14.731049089983687
new,14.541428765683861
south,5.766700818203038
dakota,4.413520141840573
spanish,4.413520141840573
