WORD,VALUE,
york,18.873192750986732
oxford,18.873192750986732
william,14.758228896103812
new,14.577157209944739
south,5.7817577026327225
dakota,4.42385592175617
spanish,4.42385592175617
