WORD,VALUE,
blowin,27.482789539169552
flash,25.797763294488977
gaze,18.86446214331434
chase,12.077997638830745
blame,10.163893698849087
feelin,10.153670447259106
accept,8.842900935822701
listenin,7.714555244393649
crow,7.714555244393649
callin,7.714555244393649
exist,5.778253361604007
block,4.421450467911351
define,4.421450467911351
clean,4.421450467911351
memorize,4.421450467911351
