WORD,VALUE,
well,875.065774724769
dee,166.44164999318707
gon,162.0107680929616
beyond,146.58226620123907
john,137.87539248733964
heart,114.07586102269401
roman,109.38322184059612
roll,106.62180564774904
king,100.39021346498131
lord,81.0053840464808
someday,81.0053840464808
sugar,66.8826844644968
dum,66.8826844644968
might,63.915096043460885
heaven,50.19510673249066
winter,50.19510673249066
got,38.87555075068982
east,38.87555075068982
water,38.87555075068982
mississippi,38.87555075068982
meet,38.87555075068982
ai,36.645566550309766
mari,36.645566550309766
tomorrow,25.09755336624533
honey,25.09755336624533
tennesse,25.09755336624533
west,25.09755336624533
everyth,25.09755336624533
go,25.09755336624533
sail,25.09755336624533
mister,25.09755336624533
thunder,25.09755336624533
boss,25.09755336624533
