NGRAM,VALUE,
dear landlord please,0.08333333333333333
pity poor immigrant,0.07407407407407407
walk together hand,0.06060606060606061
cove walk hand,0.047619047619047616
cove together hand,0.045454545454545456
along cove spy,0.041666666666666664
priest frankie lee,0.023809523809523808
