WORD,VALUE,
hard,555.5580955197984
mani,502.20510235117746
last,275.74169885274443
black,262.8465400038177
poor,262.8465400038177
old,257.67960473473914
true,247.91988877567638
white,238.7378263348204
bad,218.0870461517132
young,205.96949147325904
new,200.4464852223217
dead,188.28781816338548
littl,173.40399683367127
right,171.79928452760728
long,150.87103695628426
whole,148.0229030519122
free,143.67728725936885
cold,143.67728725936885
better,143.67728725936885
high,133.6309901482145
big,128.83980236736957
stuck,114.0246645441704
lay,110.29667954109776
full,99.23750012338843
dark,99.23750012338843
wrong,99.23750012338843
best,99.23750012338843
insan,99.23750012338843
leopard-skin,99.23750012338843
younger,99.23750012338843
next,93.0507081474266
great,84.48637468160015
readi,84.48637468160015
older,84.48637468160015
sick,81.23172656625347
sad,78.77291959336429
clear,69.78344906538865
wild,69.78344906538865
real,69.78344906538865
deep,66.81549507410725
alon,64.60734324628966
blue,62.82813242058208
worth,55.14833977054888
precious,55.14833977054888
blind,55.14833977054888
wide,55.14833977054888
complet,55.14833977054888
love,52.515279728909526
sweet,52.515279728909526
drunk,52.515279728909526
rise,50.59382202515721
bright,50.59382202515721
frozen,40.615863283126735
outsid,40.615863283126735
constant,40.615863283126735
rag,40.615863283126735
spanish,40.615863283126735
phantom,40.615863283126735
warm,40.615863283126735
wise,40.615863283126735
round,40.615863283126735
yellow,38.38551351250116
hot,38.38551351250116
mine,38.38551351250116
second,38.38551351250116
cute,26.257639864454763
wet,26.257639864454763
broad,26.257639864454763
handsom,26.257639864454763
golden,26.257639864454763
mad,26.257639864454763
soul,26.257639864454763
gray,26.257639864454763
wick,26.257639864454763
silver,26.257639864454763
higher,26.257639864454763
solid,26.257639864454763
loud,26.257639864454763
differ,26.257639864454763
foolish,26.257639864454763
prime,26.257639864454763
silent,26.257639864454763
straight,26.257639864454763
tall,26.257639864454763
torn,26.257639864454763
bigger,26.257639864454763
tight,26.257639864454763
aw,26.257639864454763
quiet,26.257639864454763
moral,26.257639864454763
useless,26.257639864454763
