WORD,VALUE,
a-gonna,361.67224551695466
sad-eyed,213.24434372931808
leopard-skin,99.23285107367792
pill-box,69.78012841866222
jingle-jangle,69.78012841866222
a-changin,69.78012841866222
broken,64.60402332103065
frozen,40.61387103938436
bored,26.25631182220442
faithful,26.25631182220442
