WORD,VALUE,
fine,82.50046368798772
weary,38.622266798746324
ragged,27.968301313074665
restless,27.968301313074665
countless,19.311133399373162
bound,19.311133399373162
sly,19.311133399373162
egyptian,19.311133399373162
faithful,19.311133399373162
