WORD,VALUE,
fine,82.4180134437029
weary,38.58107368356697
ragged,27.937422480171687
restless,27.937422480171687
countless,19.290536841783485
bound,19.290536841783485
sly,19.290536841783485
egyptian,19.290536841783485
faithful,19.290536841783485
