WORD,VALUE,
maggie,188.66106055780898
frankie,131.57574368086924
lonesome,90.48793574232714
peggy,90.48793574232714
tombstone,86.14087144342068
chime,86.14087144342068
plow,86.14087144342068
eden,83.81226744051504
mobile,80.5068963035535
darling,71.72942636440911
pawn,64.59235721544376
farewell,63.57481160687656
disgrace,60.32529049488477
sorrow,60.32529049488477
whistle,57.87161052535045
freight,57.87161052535045
prophet,57.87161052535045
cove,54.18308779991341
rag,54.18308779991341
gambler,52.358001003678154
whose,47.1921491912889
yonder,38.58107368356697
sunglass,38.58107368356697
abe,36.664742983169525
hang,36.664742983169525
shatter,30.162645247442384
heed,30.162645247442384
rambling,30.162645247442384
juggler,30.162645247442384
lagoon,30.162645247442384
hater,30.162645247442384
crutch,27.937422480171687
jealousy,27.937422480171687
paradise,27.937422480171687
coyote,19.290536841783485
deed,19.290536841783485
doorway,19.290536841783485
lad,19.290536841783485
icebox,19.290536841783485
handle,19.290536841783485
sparkle,19.290536841783485
harmonica,19.290536841783485
cloak,19.290536841783485
cavalry,19.290536841783485
