WORD,VALUE,
corrina,124.90550559848178
neath,107.40954362196483
astray,26.25631182220442
evers,26.25631182220442
