WORD,VALUE,
tambourine,136.3295042512556
desolation,129.2080466420613
corrina,124.90550559848178
neath,26.25631182220442
evers,26.25631182220442
