WORD,VALUE,
maggie,188.83637134954424
frankie,131.6994830612226
row,112.65251390735594
peggy,90.58066826192527
eden,83.90490393922398
mobile,82.17138005556335
whose,47.24362458178155
abe,36.70590409138581
uptown,19.311133399373162
