WORD,VALUE,
maggie,188.66106055780898
frankie,131.57574368086924
row,112.53915282320507
peggy,90.48793574232714
eden,83.81226744051504
mobile,82.07877556381746
whose,47.1921491912889
abe,36.664742983169525
uptown,19.290536841783485
