WORD,VALUE,
saw,138.5383723175092
gaze,74.9119900046233
spy,66.53825577562067
ache,52.40954040809693
pledge,52.40954040809693
howl,38.622266798746324
curse,36.70590409138581
crow,30.193556087308426
peek,30.193556087308426
weep,30.193556087308426
tremble,30.193556087308426
kneel,19.311133399373162
jerk,19.311133399373162
