WORD,VALUE,
saw,165.72565240423805
toll,90.84383293770102
