WORD,VALUE,
saw,138.4043506618425
wan,115.91877700279207
gaze,74.83982203565178
spy,66.46618382753834
ache,52.358001003678154
pledge,52.358001003678154
howl,38.58107368356697
curse,36.664742983169525
crow,30.162645247442384
peek,30.162645247442384
weep,30.162645247442384
tremble,30.162645247442384
kneel,19.290536841783485
jerk,19.290536841783485
