WORD,VALUE,
long,686.8154167396096
old,315.22254034058517
scarlet,200.37922312432386
narrow,196.80823801362956
true,183.26026705958014
wrong,183.26026705958014
black,183.26026705958014
bright,142.07736039632044
dead,132.0079044163019
deep,94.71824026421362
mine,94.71824026421362
hard,94.71824026421362
sad,92.2587003264137
last,88.55845766444537
full,81.0226991236293
mani,81.0226991236293
blue,74.06518358409042
dark,64.13959322415924
cold,64.13959322415924
blind,64.13959322415924
weak,61.50580021760913
next,59.58360954894603
rich,59.58360954894603
littl,47.35912013210681
golden,47.35912013210681
late,47.35912013210681
clear,47.35912013210681
enchant,47.35912013210681
best,47.35912013210681
wonder,45.12803739657048
crowd,45.12803739657048
deeper,30.752900108804564
wide,30.752900108804564
big,30.752900108804564
free,30.752900108804564
pale,30.752900108804564
scatter,30.752900108804564
mad,30.752900108804564
wise,30.752900108804564
great,30.752900108804564
dull,30.752900108804564
poor,30.752900108804564
silver,30.752900108804564
