WORD,VALUE,
long,688.3391809990549
old,315.92867103667066
scarlet,200.82520211543005
narrow,197.2913369927739
true,183.6690805934609
wrong,183.6690805934609
black,183.6690805934609
bright,142.41183002455418
dead,132.3052215785066
deep,94.94122001636944
mine,94.94122001636944
hard,94.94122001636944
sad,92.48167358297133
last,88.78141792980665
full,81.20851991415793
mani,81.20851991415793
blue,74.25098488782453
dark,64.28824855746251
cold,64.28824855746251
blind,64.28824855746251
weak,61.65444905531422
next,59.73225189105297
rich,59.73225189105297
littl,47.47061000818472
golden,47.47061000818472
late,47.47061000818472
clear,47.47061000818472
enchant,47.47061000818472
best,47.47061000818472
wonder,45.2395207770502
crowd,45.2395207770502
deeper,30.82722452765711
wide,30.82722452765711
big,30.82722452765711
free,30.82722452765711
pale,30.82722452765711
scatter,30.82722452765711
mad,30.82722452765711
wise,30.82722452765711
great,30.82722452765711
dull,30.82722452765711
poor,30.82722452765711
silver,30.82722452765711
