WORD,VALUE,
duquesne,184.20276245231997
kings,132.69335157586912
others,59.92629613982997
bos,47.61615356971959
