WORD,VALUE,
john,149.40552146356143
roll,132.4014582664615
roman,132.3052215785066
king,123.30889811062843
love,111.7268523749418
lord,98.19660759222506
someday,81.20851991415793
deep,61.65444905531422
prison,45.2395207770502
though,45.2395207770502
tomorrow,30.82722452765711
tonight,30.82722452765711
sail,30.82722452765711
boss,30.82722452765711
