WORD,VALUE,
duquesne,184.20276245231997
kings,132.69335157586912
aflame,30.92425080202646
