NGRAM,VALUE,
dear landlord,50.189585656021904
tom pain,50.189585656021904
piti immigr,49.816225904097294
franki lee,42.89039648317284
along cove,41.69084963080362
piti poor,39.5062655248758
poor immigr,39.5062655248758
togeth hand,28.860979404736256
walk hand,28.860979404736256
cove spi,25.7470277978267
along spi,21.817532983709455
juda priest,19.328246586745642
juda etern,14.153776682700279
cove hand,13.51532480302842
priest lee,10.741142967966418
priest franki,9.70215404325739
road franki,6.401948395918163
hand along,6.023926663512563
