NGRAM,VALUE,
dear landlord,50.62706776859504
tom pain,50.62706776859504
piti immigr,50.25369379771892
franki lee,43.291116171070634
along cove,42.0657429645934
piti poor,39.856211586782905
poor immigr,39.856211586782905
'm sorri,32.133385099121085
togeth hand,29.12015984015984
walk hand,29.12015984015984
cove spi,25.980243190747757
along spi,22.01738186186633
juda priest,19.510266271661344
juda etern,14.284886419204268
cove hand,13.64466190743563
priest lee,10.846820914881919
priest franki,9.798948046371834
road franki,6.467178007290402
hand along,6.085988485153266
