NGRAM,VALUE,
dear landlord please,35899.45070867644
walk together hand,31258.838329518872
pity poor immigrant,21743.08856101476
cove walk hand,15634.298486277201
cove together hand,10572.079820440596
along cove spy,7774.619473596592
priest frankie lee,2356.700129212377
