NGRAM,VALUE,
piti poor immigr,23725.493405482193
walk togeth hand,22824.04018672237
cove togeth hand,11544.079380279089
cove walk hand,11411.527714329466
along cove spi,9629.741787968187
priest franki lee,3239.7491705374914
