WORD,VALUE,
lee,207.81631904597333
one,198.03761169749114
juda,198.03761169749114
hand,170.76975223523021
along,146.4687460702072
priest,113.84650149015347
see,111.3866804179976
man,111.3866804179976
carry,96.96310423481646
road,96.96310423481646
poor,96.96310423481646
house,96.96310423481646
spy,93.99413614426834
begin,93.99413614426834
mouth,76.89186108623778
please,76.89186108623778
way,76.89186108623778
dream,74.25778694533173
love,74.25778694533173
hear,74.25778694533173
cry,74.25778694533173
tom,56.923250745076736
tell,56.923250745076736
voice,56.923250745076736
true,56.923250745076736
little,56.923250745076736
must,56.923250745076736
try,56.923250745076736
tonight,56.923250745076736
everything,56.923250745076736
soon,56.923250745076736
home,56.923250745076736
leave,56.923250745076736
never,56.923250745076736
stand,56.923250745076736
eternity,56.923250745076736
together,54.69188687518446
dear,54.69188687518446
might,54.69188687518446
place,54.69188687518446
boy,54.69188687518446
baby,54.69188687518446
bring,54.69188687518446
breath,54.69188687518446
around,37.128893472665865
chain,37.128893472665865
wish,37.128893472665865
sir,37.128893472665865
sorry,37.128893472665865
soul,37.128893472665865
give,37.128893472665865
live,37.128893472665865
lord,37.128893472665865
everybody,37.128893472665865
drifter,37.128893472665865
away,37.128893472665865
bad,37.128893472665865
shut,37.128893472665865
big,37.128893472665865
without,37.128893472665865
upon,37.128893472665865
hold,37.128893472665865
arise,37.128893472665865
always,37.128893472665865
fall,37.128893472665865
foolish,37.128893472665865
sit,37.128893472665865
cold,37.128893472665865
paradise,37.128893472665865
stranger,37.128893472665865
burst,37.128893472665865
neighbor,37.128893472665865
moral,37.128893472665865
