WORD,VALUE,
lee,207.08068332825138
one,197.36884553143457
juda,197.36884553143457
hand,170.1678678017705
along,145.93374336934443
priest,113.44524520118034
man,110.98542656521076
road,96.62872236988133
poor,96.62872236988133
spi,93.65975671551949
love,93.65975671551949
see,91.45059322462151
alon,91.45059322462151
mouth,76.62435608152693
way,76.62435608152693
cri,76.62435608152693
breath,73.99028437680718
dream,73.99028437680718
began,72.06781500997447
tom,56.72262260059017
pain,56.72262260059017
soul,56.72262260059017
true,56.72262260059017
littl,56.72262260059017
must,56.72262260059017
tonight,56.72262260059017
everyth,56.72262260059017
soon,56.72262260059017
home,56.72262260059017
never,56.72262260059017
known,56.72262260059017
veri,54.49126116688421
dear,54.49126116688421
might,54.49126116688421
place,54.49126116688421
boy,54.49126116688421
hear,54.49126116688421
bring,54.49126116688421
around,36.99514218840359
chain,36.99514218840359
took,36.99514218840359
meant,36.99514218840359
wish,36.99514218840359
sir,36.99514218840359
give,36.99514218840359
live,36.99514218840359
lord,36.99514218840359
drifter,36.99514218840359
away,36.99514218840359
shut,36.99514218840359
big,36.99514218840359
without,36.99514218840359
upon,36.99514218840359
doe,36.99514218840359
fall,36.99514218840359
mani,36.99514218840359
stand,36.99514218840359
foolish,36.99514218840359
sat,36.99514218840359
cold,36.99514218840359
stare,36.99514218840359
leav,36.99514218840359
stranger,36.99514218840359
burst,36.99514218840359
ran,36.99514218840359
made,36.99514218840359
ani,36.99514218840359
neighbor,36.99514218840359
moral,36.99514218840359
