WORD,VALUE,
frankie,196.7061845201648
one,163.09566456191789
hand,146.31627447794637
man,96.13713121626022
see,92.88180848374017
cove,92.88180848374017
priest,92.88180848374017
spy,79.49230040807649
time,79.49230040807649
carry,79.49230040807649
road,79.49230040807649
poor,74.31484535463075
whose,74.31484535463075
walk,62.91528592126447
way,62.91528592126447
friend,62.91528592126447
make,62.91528592126447
mouth,60.28155126245175
dream,60.28155126245175
call,60.28155126245175
pity,60.28155126245175
please,58.35941894152606
cry,58.35941894152606
arm,46.440904241870086
tell,46.440904241870086
voice,46.440904241870086
across,46.440904241870086
might,46.440904241870086
place,46.440904241870086
true,46.440904241870086
bring,46.440904241870086
everything,46.440904241870086
finger,46.440904241870086
stand,46.440904241870086
right,46.440904241870086
eternity,46.440904241870086
let,44.20987985407115
landlord,44.20987985407115
tonight,44.20987985407115
pass,44.20987985407115
home,44.20987985407115
leave,44.20987985407115
around,30.140775631225875
chain,30.140775631225875
soul,30.140775631225875
word,30.140775631225875
thing,30.140775631225875
underestimate,30.140775631225875
away,30.140775631225875
close,30.140775631225875
shut,30.140775631225875
fear,30.140775631225875
nothing,30.140775631225875
upon,30.140775631225875
alive,30.140775631225875
arise,30.140775631225875
head,30.140775631225875
many,30.140775631225875
name,30.140775631225875
saying,30.140775631225875
sit,30.140775631225875
paradise,30.140775631225875
stranger,30.140775631225875
burst,30.140775631225875
neighbor,30.140775631225875
