WORD,VALUE,
frankie,196.7061845201648
cove,86.72220092718408
whose,58.35941894152606
