WORD,VALUE,
frankie,196.7061845201648
whose,58.35941894152606
