WORD,VALUE,
lee,206.89391181377965
juda,197.19905158041502
priest,113.34336971481332
tom,56.67168485740666
pain,56.67168485740666
dear,54.44032405530407
lord,36.96118390348238
