WORD,VALUE,
spi,93.57486068741478
see,91.36569782812018
cri,76.55643888008113
began,71.99989907173541
known,56.67168485740666
hear,54.44032405530407
bring,54.44032405530407
dream,54.44032405530407
took,36.96118390348238
meant,36.96118390348238
wish,36.96118390348238
give,36.96118390348238
live,36.96118390348238
shut,36.96118390348238
doe,36.96118390348238
fall,36.96118390348238
sat,36.96118390348238
stare,36.96118390348238
ran,36.96118390348238
made,36.96118390348238
