WORD,VALUE,
broken,81.53817140171306
ready,37.26313636536621
clean-cut,22.677014930435604
glad,22.541884059411963
pure,22.465217928994043
grateful,7.389753871761648
near,6.58895257369265
solid,4.724135436213425
angry,3.694876935880824
fiery,3.694876935880824
