WORD,VALUE,
ready,35.39489090213948
broken,33.76596747371501
clean-cut,22.011280326176045
pure,21.731697424607397
glad,21.504704741030697
grateful,7.083339584612479
solid,4.503142392511753
east,4.503142392511753
angry,3.5416697923062395
fiery,3.5416697923062395
