WORD,VALUE,
readi,38.379296469900716
broken,37.08611357068828
clean-cut,22.60243398733718
glad,22.425357322665786
pure,22.38300280586577
grate,7.35535786511093
solid,4.699303252858221
east,4.699303252858221
angri,3.677678932555465
fieri,3.677678932555465
content,3.677678932555465
