WORD,VALUE,
broken,81.39713429047686
ready,37.17141415483717
clean-cut,22.644458667859244
glad,22.49100737068662
pure,22.429327950759138
grateful,7.374737141325184
near,6.577269558914725
solid,4.713293355336646
angry,3.687368570662592
fiery,3.687368570662592
