WORD,VALUE,
troubl,102.46461764381266
broken,72.84858469649969
bulli,53.23425378144229
trust,51.23230882190633
driftin,49.78786081985662
diseas,46.348834365790374
neighborhood,46.348834365790374
shore,44.76600561173154
shot,40.454468258110126
readi,38.379296469900716
tonight,34.67724159512645
save,34.04075639053569
polit,32.023134666156444
mayb,29.944258422876693
satan,25.943860206380695
clean-cut,22.60243398733718
killer,22.60243398733718
pure,22.38300280586577
thank,19.883193410715585
press,17.502877718006392
glad,17.295733468835063
nightingal,16.011567333078222
shootin,16.011567333078222
altar,13.124381494143558
waitin,13.124381494143558
union,13.124381494143558
idea,13.03236428544433
creation,12.782353321022391
resent,12.782353321022391
dump,12.782353321022391
greed,12.782353321022391
rose,12.671074830943997
natur,11.602724875541247
given,11.602724875541247
handl,11.033036797666398
grace,11.033036797666398
lamb,11.033036797666398
jesus,10.49085744273139
swift,10.181861606152985
honor,10.181861606152985
sundown,10.181861606152985
intend,9.620955630338267
crippl,9.620955630338267
heal,8.341172054747416
garden,8.06918461834362
neither,8.06918461834362
grate,7.35535786511093
aris,7.35535786511093
dare,6.929423505451849
sweetheart,6.929423505451849
backward,6.562190747071779
thirti,6.562190747071779
cent,6.562190747071779
bought,4.699303252858221
engin,4.699303252858221
grain,4.699303252858221
temptat,4.699303252858221
breakin,4.699303252858221
inde,4.699303252858221
solid,4.699303252858221
destruct,3.677678932555465
health,3.677678932555465
glove,3.677678932555465
astray,3.677678932555465
cling,3.677678932555465
mount,3.677678932555465
barrel,3.677678932555465
angri,3.677678932555465
thumpin,3.677678932555465
mock,3.677678932555465
hurrican,3.677678932555465
rush,3.677678932555465
fieri,3.677678932555465
cotton,3.677678932555465
outskirt,3.677678932555465
test,3.677678932555465
content,3.677678932555465
captur,3.677678932555465
chosen,3.677678932555465
vaniti,3.677678932555465
arrest,3.677678932555465
guy,3.677678932555465
