WORD,VALUE,
troubl,102.79144676041606
broken,71.13861958178518
bulli,53.37157037708046
trust,51.39572338020803
driftin,49.91700290893402
diseas,46.46980194830701
neighborhood,46.46980194830701
shore,44.906546666245816
shot,40.616157227603246
readi,37.23260667767839
tonight,34.86810184033183
save,32.479779240444465
polit,32.11792871309589
mayb,30.099271755876575
satan,26.015780749532716
clean-cut,22.666180023928437
killer,22.666180023928437
pure,22.453273333122908
thank,19.974611852951575
press,17.569848213473755
glad,17.388726354052267
nightingal,16.058964356547946
shootin,16.058964356547946
altar,13.170128501718388
waitin,13.170128501718388
union,13.170128501718388
idea,13.089510258456036
creation,12.821575837931347
resent,12.821575837931347
dump,12.821575837931347
greed,12.821575837931347
rose,12.737969753497678
natur,11.658220832658056
given,11.658220832658056
handl,11.077133789346341
grace,11.077133789346341
lamb,11.077133789346341
jesus,10.539828909182326
swift,10.21943410716705
honor,10.21943410716705
sundown,10.21943410716705
intend,9.652003640686452
crippl,9.652003640686452
garden,8.109981578233784
neither,8.109981578233784
grate,7.384755859564229
aris,7.384755859564229
heal,6.96369597467613
dare,6.96369597467613
sweetheart,6.96369597467613
backward,6.585064250859194
thirti,6.585064250859194
cent,6.585064250859194
bought,4.720526740750747
engin,4.720526740750747
grain,4.720526740750747
temptat,4.720526740750747
breakin,4.720526740750747
inde,4.720526740750747
solid,4.720526740750747
destruct,3.6923779297821144
health,3.6923779297821144
glove,3.6923779297821144
astray,3.6923779297821144
cling,3.6923779297821144
mount,3.6923779297821144
barrel,3.6923779297821144
angri,3.6923779297821144
thumpin,3.6923779297821144
mock,3.6923779297821144
hurrican,3.6923779297821144
rush,3.6923779297821144
fieri,3.6923779297821144
cotton,3.6923779297821144
outskirt,3.6923779297821144
test,3.6923779297821144
content,3.6923779297821144
captur,3.6923779297821144
chosen,3.6923779297821144
vaniti,3.6923779297821144
arrest,3.6923779297821144
guy,3.6923779297821144
