WORD,VALUE,
troubl,102.46461764381266
bulli,53.23425378144229
shot,51.23230882190633
diseas,46.348834365790374
neighborhood,46.348834365790374
tonight,45.918085549264106
shore,44.76600561173154
broken,39.49702958577399
driftin,36.0869198602154
trust,29.30763349422432
satan,25.943860206380695
mayb,25.02351616424224
killer,22.60243398733718
dead,20.36372321230597
natur,19.241911260676535
rock,18.38839466277733
nightingal,16.011567333078222
shootin,16.011567333078222
never,15.670528037089525
altar,13.124381494143558
grace,13.124381494143558
waitin,13.124381494143558
union,13.124381494143558
idea,13.03236428544433
late,12.782353321022391
creation,12.782353321022391
forgiv,12.782353321022391
dump,12.782353321022391
greed,12.782353321022391
step,11.602724875541247
lamb,11.033036797666398
jesus,10.49085744273139
honor,10.181861606152985
sure,10.181861606152985
made,9.620955630338267
tune,9.398606505716442
west,9.215216268967641
garden,8.06918461834362
sweetheart,6.929423505451849
unto,6.562190747071779
cent,6.562190747071779
block,5.801362437770623
engin,4.699303252858221
'd,4.699303252858221
someplac,4.699303252858221
grain,4.699303252858221
temptat,4.699303252858221
foundat,4.699303252858221
destruct,3.677678932555465
health,3.677678932555465
box,3.677678932555465
glove,3.677678932555465
barrel,3.677678932555465
wherev,3.677678932555465
idol,3.677678932555465
confess,3.677678932555465
thumpin,3.677678932555465
hurrican,3.677678932555465
twilight,3.677678932555465
coupl,3.677678932555465
reflect,3.677678932555465
cotton,3.677678932555465
outskirt,3.677678932555465
vaniti,3.677678932555465
guy,3.677678932555465
