WORD,VALUE,
trouble,110.96373933364904
shot,52.80678227833023
bully,51.96038333891328
disease,45.22667876356533
neighborhood,45.22667876356533
tonight,44.01662866589668
shore,43.544656850990805
broken,38.526588823852904
driftin,35.19233651844634
trust,28.564764992759216
satan,25.276849125067567
maybe,24.027006162455162
killer,22.011280326176045
rock,21.731697424607397
dead,19.6679718110051
nature,15.651549645750205
idea,15.651549645750205
nightingale,15.57212851222106
shootin,15.57212851222106
never,15.06633975599538
grace,12.700648373341135
lamb,12.700648373341135
waitin,12.700648373341135
dance,12.504033424502179
late,12.41877192031721
dump,12.41877192031721
greed,12.41877192031721
star,12.15397627394957
jesus,10.038384001941218
kid,9.86808108583578
union,9.83398590550255
sure,9.83398590550255
cities,9.33323164978507
made,9.33323164978507
garden,9.006284785023507
tune,9.006284785023507
west,8.77844852823221
sweetheart,8.00900205415172
lives,7.692568597705433
curtain,7.692568597705433
unto,6.3503241866705675
steps,6.3503241866705675
block,5.545049857326913
flame,4.503142392511753
'd,4.503142392511753
someplace,4.503142392511753
grain,4.503142392511753
temptation,4.503142392511753
foundation,4.503142392511753
answers,4.503142392511753
destruction,3.5416697923062395
health,3.5416697923062395
flower,3.5416697923062395
hanging,3.5416697923062395
bombs,3.5416697923062395
wherever,3.5416697923062395
confession,3.5416697923062395
master,3.5416697923062395
thumpin,3.5416697923062395
limbs,3.5416697923062395
streams,3.5416697923062395
hurricane,3.5416697923062395
twilight,3.5416697923062395
couple,3.5416697923062395
reflection,3.5416697923062395
cotton,3.5416697923062395
outskirts,3.5416697923062395
feelings,3.5416697923062395
chances,3.5416697923062395
vanity,3.5416697923062395
guy,3.5416697923062395
