WORD,VALUE,
broken,39.60164815516907
satan,26.015780749532716
mayb,25.131283619599767
never,15.735848516661994
late,12.821575837931347
rock,12.821575837931347
nothin,12.821575837931347
jesus,10.539828909182326
sure,10.21943410716705
made,9.652003640686452
bridg,6.585064250859194
unto,6.585064250859194
west,5.829110416329028
'd,4.720526740750747
wherev,3.6923779297821144
