WORD,VALUE,
satan,26.02800497277463
west,16.214227663241857
risin,12.828242794234285
jesus,10.54815598947165
bridge,6.58895257369265
