WORD,VALUE,
broken,38.526588823852904
satan,25.276849125067567
maybe,24.027006162455162
never,15.06633975599538
late,12.41877192031721
rock,12.41877192031721
nothin,12.41877192031721
jesus,10.038384001941218
sure,9.83398590550255
made,9.33323164978507
bridge,6.3503241866705675
unto,6.3503241866705675
ooh,5.545049857326913
west,5.545049857326913
'd,4.503142392511753
wherever,3.5416697923062395
