WORD,VALUE,
trust,51.37120274890992
thank,28.94203442490852
press,19.744895663566894
handle,12.815690536167688
resent,12.815690536167688
cripple,9.64734480830284
made,9.64734480830284
dare,8.371703328376089
arise,7.380344072317197
heal,6.9585518083222135
intend,6.581631887855629
drifting,6.581631887855629
rule,6.581631887855629
mount,3.6901720361585983
thump,3.6901720361585983
notice,3.6901720361585983
condemn,3.6901720361585983
capture,3.6901720361585983
