WORD,VALUE,
trust,51.42350089478376
save,32.50310035732605
thank,28.971843840763952
press,19.766857721077944
driftin,19.35399829051378
shootin,16.067020629585627
waitin,13.1779051473853
handle,12.828242794234285
resent,12.828242794234285
cripple,9.65728128025465
dare,8.383202241427977
arise,7.389753871761648
heal,6.969524048866744
intend,6.58895257369265
rule,6.58895257369265
breakin,4.724135436213425
mount,3.694876935880824
thumpin,3.694876935880824
capture,3.694876935880824
