NGRAM,VALUE,
dear landlord,6.202940058670276
tom pain,6.202940058670276
piti immigr,5.787902559391432
'm sorri,5.565510138054984
piti poor,5.465974464504069
poor immigr,5.465974464504069
togeth hand,5.033015057227963
walk hand,5.033015057227963
cove spi,4.881011963782913
along cove,4.617977557949119
juda etern,4.465974464504069
along spi,4.296049463061757
franki lee,4.202940058670275
juda priest,4.202940058670275
cove hand,4.033015057227963
priest lee,3.7435084400329783
priest franki,3.6179775579491196
road franki,3.465974464504069
hand along,3.0330150572279626
