NGRAM,VALUE,
piti poor immigr,12.668914523174344
walk togeth hand,12.650992615177081
cove togeth hand,11.650992615177081
cove walk hand,11.650992615177081
along cove spi,10.914027021010876
priest franki lee,9.361485997982097
