NGRAM,VALUE,
dear landlord please,13.683890139720694
walk together hand,13.09892763899954
pity poor immigrant,12.531887046275646
cove walk hand,12.09892763899954
cove together hand,11.513965138278383
along cove spy,10.624996450667128
judas priest frankie,9.20995895138828
