NGRAM,VALUE,
dear landlord please,13.690727560175626
walk together hand,13.105765059454468
pity poor immigrant,12.538724466730574
cove walk hand,12.105765059454468
cove together hand,11.520802558733312
along cove spy,10.631833871122057
judas priest frankie,9.216796371843213
