NGRAM,VALUE,
narrow work,226.1840684052214
work someday,226.1840684052214
long narrow,175.9073056189509
roman king,157.8200146938181
scarlet town,154.85040321996846
roll john,153.49255693198972
burn roll,139.85694857588237
way work,131.89799173641651
dream titan,125.75148509672019
dream dream,125.75148509672019
soon midnight,125.75148509672019
watchman dream,125.75148509672019
earli roman,125.48690870994625
move burn,124.25598718532264
shine burn,124.25598718532264
shine move,124.25598718532264
bright john,123.88259240266272
bright roll,123.88259240266272
narrow sure,112.4777071032385
sure someday,112.4777071032385
burn bright,110.06356116598612
burn john,110.06356116598612
move bright,110.06356116598612
move john,110.06356116598612
move roll,110.06356116598612
shine bright,110.06356116598612
road narrow,102.70315261791528
long way,101.63785298855598
dream sink,100.25249886600217
titan sink,100.25249886600217
earli king,98.7100700752155
light burn,98.7100700752155
light move,98.7100700752155
shine light,98.7100700752155
light bright,87.3463146718597
light roll,87.3463146718597
pay blood,82.46634311993344
fight em,77.54528003810756
lay dream,71.11175691505787
watchman lay,71.11175691505787
dream titan,70.36218419897777
way sure,65.59075440917107
narrow way,59.70806681021525
road way,59.70806681021525
way someday,59.70806681021525
sure work,59.19993183517844
work sure,59.19993183517844
road work,53.84838962408071
like earli,50.94995801704281
long sure,45.510734451962875
long road,41.298190159206015
road long,41.298190159206015
like king,40.71976920809812
like roman,40.71976920809812
lay dream,39.62937812988384
dead lost,31.42356145380621
scarlet born,30.555027082778427
night day,29.451352024454675
town born,28.105140949084394
em fight,27.325105368756656
work work,27.133433640780673
king earli,23.69834927013908
saw saw,22.047861276475366
long long,21.913827914873153
long work,20.293439502735264
much long,19.26195815487873
earli earli,18.591293091099033
side side,16.555814458648936
roman earli,12.969327502331623
gentl long,12.36317630888854
tear long,12.36317630888854
scarlet scarlet,12.354823041377863
town scarlet,11.265811566699185
town town,10.260958695609927
one day,9.66251989430006
hand long,8.920418272424923
