WORD,VALUE,
insane,13.824284836200817
a-walkin,6.745878168939901
a-goin,5.083630435849274
countless,5.083630435849274
a-cryin,5.083630435849274
western,5.083630435849274
