WORD,VALUE,
younger,21.37341649800444
older,17.564362848875046
insan,13.929915810910412
north,6.792399737884702
fast,6.792399737884702
deepest,5.115374653352875
countless,5.115374653352875
western,5.115374653352875
wateri,5.115374653352875
lynch,5.115374653352875
torn,5.115374653352875
