WORD,VALUE,
younger,21.507655171676088
older,17.678698321470513
north,6.847025607251603
fast,6.847025607251603
deepest,5.15263918857442
countless,5.15263918857442
western,5.15263918857442
wateri,5.15263918857442
torn,5.15263918857442
