WORD,VALUE,
insane,13.848633944798085
a-walkin,6.756603101918216
a-goin,5.0909493249228515
countless,5.0909493249228515
a-cryin,5.0909493249228515
western,5.0909493249228515
