WORD,VALUE,
toll,49.700801734574426
fix,41.15688576029795
allow,33.13386782304962
favor,29.169869030302277
blowin,29.143937248107157
gal,22.973748775412165
gaze,21.37341649800444
younger,21.37341649800444
oxford,21.37341649800444
plow,20.4614986134115
chime,18.932495866533625
disgrac,17.564362848875046
older,17.564362848875046
york,16.970836708390127
constant,16.56693391152481
flash,15.73510085284029
orlean,15.346123960058627
freight,12.12848339605732
critic,12.12848339605732
chase,10.333321518936476
middl,10.333321518936476
crow,10.333321518936476
twice,10.333321518936476
pawn,10.333321518936476
bid,10.333321518936476
william,10.333321518936476
week,10.23074930670575
accept,10.23074930670575
listenin,8.782181424437523
poet,8.782181424437523
preachin,8.782181424437523
lynch,8.782181424437523
hater,8.782181424437523
hatr,6.792399737884702
wishin,6.792399737884702
afternoon,6.792399737884702
a-walkin,6.792399737884702
level,6.792399737884702
equal,6.792399737884702
defin,5.115374653352875
ladder,5.115374653352875
a-goin,5.115374653352875
deepest,5.115374653352875
countless,5.115374653352875
flight,5.115374653352875
sleev,5.115374653352875
a-cryin,5.115374653352875
louder,5.115374653352875
dakota,5.115374653352875
nighttim,5.115374653352875
dove,5.115374653352875
stove,5.115374653352875
western,5.115374653352875
flashin,5.115374653352875
driver,5.115374653352875
passeng,5.115374653352875
wateri,5.115374653352875
footbal,5.115374653352875
tenni,5.115374653352875
club,5.115374653352875
immedi,5.115374653352875
memor,5.115374653352875
nobl,5.115374653352875
rattl,5.115374653352875
dreamt,5.115374653352875
