WORD,VALUE,
favor,29.055748268974412
new,27.274552286448536
gal,22.835610371617527
plow,22.505843196142422
chime,21.285403778463703
oxford,21.285403778463703
disgrace,17.489404150227877
use,17.438685756943073
york,16.886189415563596
fear,15.642447679191509
orleans,15.272847974768556
freight,12.058572837481453
toll,11.811742296174797
pawn,11.811742296174797
william,11.811742296174797
middle,10.274782267897066
week,10.181898649845703
poet,8.744702075113938
politics,8.744702075113938
hater,8.744702075113938
guide,8.502691743523231
hatred,6.756603101918216
afternoon,6.756603101918216
level,6.756603101918216
ladder,5.0909493249228515
flight,5.0909493249228515
sleeve,5.0909493249228515
dakota,5.0909493249228515
nighttime,5.0909493249228515
stove,5.0909493249228515
shatter,5.0909493249228515
driver,5.0909493249228515
link,5.0909493249228515
passenger,5.0909493249228515
watery,5.0909493249228515
football,5.0909493249228515
tennis,5.0909493249228515
court,5.0909493249228515
club,5.0909493249228515
equality,5.0909493249228515
shift,5.0909493249228515
lynch,5.0909493249228515
