WORD,VALUE,
highway,43.49997976347433
blowin,29.35016312529106
favor,29.3439141061263
gal,29.06127762307989
toll,26.518047482205766
new,26.28800654655716
oxford,21.507655171676088
ocean,19.040484158844293
disgrac,17.678698321470513
freedom,17.243693781076875
york,17.099991648200124
use,15.876533392933982
orlean,15.45791756572326
kinda,12.700312201646266
freight,12.235193267860296
middl,11.963854665159753
pawn,11.963854665159753
william,10.422670056594091
week,10.30527837714884
poet,8.839349160735257
afternoon,6.847025607251603
a-walkin,6.847025607251603
level,6.847025607251603
ladder,5.15263918857442
a-goin,5.15263918857442
flight,5.15263918857442
sleev,5.15263918857442
a-cryin,5.15263918857442
dakota,5.15263918857442
stove,5.15263918857442
sailin,5.15263918857442
flashin,5.15263918857442
whistl,5.15263918857442
driver,5.15263918857442
borderlin,5.15263918857442
link,5.15263918857442
whether,5.15263918857442
footbal,5.15263918857442
tenni,5.15263918857442
court,5.15263918857442
club,5.15263918857442
second,5.15263918857442
polit,5.15263918857442
equal,5.15263918857442
shift,5.15263918857442
cadillac,5.15263918857442
