WORD,VALUE,
new,27.274552286448536
oxford,21.285403778463703
war,17.489404150227877
york,16.886189415563596
orleans,15.272847974768556
world,12.5727078940552
william,11.811742296174797
dakota,5.0909493249228515
