WORD,VALUE,
fix,36.94908468646713
allow,36.8362097215656
flash,22.476060838584004
gaze,18.820296347960415
chase,13.759092703246536
feeling,11.793698474122905
bid,11.793698474122905
accept,10.167260871698549
charge,6.745878168939901
block,5.083630435849274
define,5.083630435849274
dive,5.083630435849274
memorize,5.083630435849274
slay,5.083630435849274
