WORD,VALUE,
fix,41.00360293628942
allow,33.0066930408282
blowin,29.008756585063477
flash,25.1454157881104
gaze,21.285403778463703
chase,13.777643326562533
bid,11.811742296174797
accept,10.181898649845703
listenin,8.744702075113938
preachin,8.744702075113938
crow,6.756603101918216
charge,6.756603101918216
block,5.0909493249228515
define,5.0909493249228515
dive,5.0909493249228515
flashin,5.0909493249228515
memorize,5.0909493249228515
slay,5.0909493249228515
