WORD,VALUE,
long,615.3988262281626
old,282.127346064768
scarlet,179.47686616687108
narrow,174.16740836287556
true,164.099814029945
wrong,164.099814029945
black,164.099814029945
bright,126.40169557503968
dead,118.07316317011984
deep,84.26779705002646
mine,84.26779705002646
hard,84.26779705002646
sad,81.80874728858602
last,78.10948497933668
full,72.31366966090033
mani,72.31366966090033
blue,65.35762465043996
dark,57.172467689247966
cold,57.172467689247966
blind,57.172467689247966
weak,54.53916485905735
next,52.617464366753765
rich,52.617464366753765
littl,42.13389852501323
golden,42.13389852501323
late,42.13389852501323
clear,42.13389852501323
enchant,42.13389852501323
best,42.13389852501323
wonder,39.903305965836395
crowd,39.903305965836395
deeper,27.269582429528676
wide,27.269582429528676
big,27.269582429528676
free,27.269582429528676
pale,27.269582429528676
scatter,27.269582429528676
mad,27.269582429528676
wise,27.269582429528676
great,27.269582429528676
dull,27.269582429528676
poor,27.269582429528676
silver,27.269582429528676
