WORD,VALUE,
long,500.2276042531296
scarlet,215.78031665931337
narrow,195.9120735057773
bright,153.6278045997252
dead,123.95664499966365
last,96.25825253626535
dark,69.27317967720393
mani,69.27317967720393
hard,66.63921958272608
golden,51.2092681999084
wrong,51.2092681999084
late,51.2092681999084
clear,51.2092681999084
deep,48.978018376444325
wide,33.31960979136304
true,33.31960979136304
cold,33.31960979136304
scatter,33.31960979136304
mad,33.31960979136304
black,33.31960979136304
great,33.31960979136304
dull,33.31960979136304
poor,33.31960979136304
