WORD,VALUE,
long,675.87854411592
old,310.1542642101989
scarlet,197.1781933735087
narrow,193.34080396975938
true,180.32599398301375
wrong,180.32599398301375
black,180.32599398301375
bright,139.67670134859276
dead,129.87390136248194
deep,93.11780089906183
mine,93.11780089906183
hard,93.11780089906183
sad,90.65831130143248
last,86.95816931980522
full,79.68896609255579
mani,79.68896609255579
blue,72.73160157352855
dark,63.07261686733453
cold,63.07261686733453
blind,63.07261686733453
weak,60.43887420095498
next,58.51673387246243
rich,58.51673387246243
littl,46.55890044953092
golden,46.55890044953092
late,46.55890044953092
clear,46.55890044953092
enchant,46.55890044953092
best,46.55890044953092
wonder,44.32786805416514
crowd,44.32786805416514
deeper,30.21943710047749
wide,30.21943710047749
big,30.21943710047749
free,30.21943710047749
pale,30.21943710047749
scatter,30.21943710047749
mad,30.21943710047749
wise,30.21943710047749
great,30.21943710047749
dull,30.21943710047749
poor,30.21943710047749
silver,30.21943710047749
