WORD,VALUE,
long,500.8294048888297
scarlet,216.03823178459336
narrow,196.16997473654945
bright,153.82123647759335
dead,124.10709466235623
last,96.38720116672172
dark,69.35915006234413
mani,69.35915006234413
hard,66.72518798293659
golden,51.27374549253112
wrong,51.27374549253112
late,51.27374549253112
clear,51.27374549253112
deep,49.04249368413736
wide,33.362593991468295
true,33.362593991468295
cold,33.362593991468295
scatter,33.362593991468295
mad,33.362593991468295
black,33.362593991468295
great,33.362593991468295
dull,33.362593991468295
poor,33.362593991468295
