WORD,VALUE,
way,363.7744852274125
heart,295.59311104163515
day,256.3687274626556
town,244.42704345299137
road,216.03823178459336
light,196.16997473654945
roll,178.6357732287921
blood,175.09437487914954
john,160.81525307111912
roman,142.4471871655291
man,135.83557469752222
side,135.83557469752222
king,133.45037596587318
hand,117.91849861085807
eye,112.19150818971204
soul,87.54718743957477
home,87.54718743957477
lord,87.54718743957477
love,84.57833141052517
ship,84.57833141052517
bed,84.57833141052517
death,82.36927754493938
mind,82.36927754493938
hour,69.35915006234413
boss,69.35915006234413
gold,66.72518798293659
sky,66.72518798293659
sun,64.80282824141608
world,64.80282824141608
arm,64.80282824141608
floor,64.80282824141608
husband,64.80282824141608
morn,51.27374549253112
wound,51.27374549253112
father,51.27374549253112
mother,51.27374549253112
wall,51.27374549253112
dark,51.27374549253112
kiss,51.27374549253112
water,51.27374549253112
knee,51.27374549253112
wife,51.27374549253112
ear,51.27374549253112
breath,49.04249368413736
weep,49.04249368413736
someth,49.04249368413736
someon,49.04249368413736
wind,49.04249368413736
boy,49.04249368413736
mountain,33.362593991468295
forest,33.362593991468295
tomorrow,33.362593991468295
women,33.362593991468295
rag,33.362593991468295
black,33.362593991468295
brain,33.362593991468295
drink,33.362593991468295
cheek,33.362593991468295
bread,33.362593991468295
blade,33.362593991468295
woman,33.362593991468295
chain,33.362593991468295
leg,33.362593991468295
bone,33.362593991468295
limb,33.362593991468295
beggar,33.362593991468295
street,33.362593991468295
seat,33.362593991468295
sail,33.362593991468295
mouth,33.362593991468295
money,33.362593991468295
dress,33.362593991468295
queen,33.362593991468295
spirit,33.362593991468295
feet,33.362593991468295
split,33.362593991468295
hatch,33.362593991468295
wire,33.362593991468295
