WORD,VALUE,
kings,142.66076544674183
bos,33.4159867347319
