WORD,VALUE,
john,146.67027911606257
roman,129.87390136248194
roll,129.66661376934368
king,120.87774840190995
love,109.59951112616001
lord,96.37313163914874
someday,79.68896609255579
deep,60.43887420095498
prison,44.32786805416514
though,44.32786805416514
tomorrow,30.21943710047749
tonight,30.21943710047749
go,30.21943710047749
sail,30.21943710047749
boss,30.21943710047749
