WORD,VALUE,
john,133.3943936701316
roman,118.07316317011984
roll,116.39380717673536
king,109.0783297181147
love,99.27436002355574
lord,87.52268795392439
someday,72.31366966090033
deep,54.53916485905735
prison,39.903305965836395
though,39.903305965836395
tomorrow,27.269582429528676
tonight,27.269582429528676
go,27.269582429528676
sail,27.269582429528676
boss,27.269582429528676
