WORD,VALUE,
work,398.0189875623737
burn,216.03823178459336
move,208.07745018703235
shine,179.20566604550925
see,153.82123647759335
dream,138.71830012468826
put,131.40366020691545
went,124.10709466235623
tell,124.10709466235623
lay,120.60088936416982
saw,117.91849861085807
lost,112.19150818971204
pay,105.80304113817712
play,105.80304113817712
hold,105.80304113817712
heard,87.54718743957477
fight,87.54718743957477
sink,87.54718743957477
left,84.57833141052517
sleep,84.57833141052517
die,82.36927754493938
stand,69.35915006234413
look,69.35915006234413
kiss,69.35915006234413
wait,69.35915006234413
gone,69.35915006234413
drag,51.27374549253112
strip,51.27374549253112
fell,51.27374549253112
torn,51.27374549253112
live,51.27374549253112
made,51.27374549253112
born,51.27374549253112
wish,51.27374549253112
lower,51.27374549253112
cross,49.04249368413736
love,49.04249368413736
broke,49.04249368413736
rode,49.04249368413736
blaze,33.362593991468295
buy,33.362593991468295
ring,33.362593991468295
seen,33.362593991468295
hurt,33.362593991468295
cri,33.362593991468295
leav,33.362593991468295
tie,33.362593991468295
give,33.362593991468295
doe,33.362593991468295
shot,33.362593991468295
sail,33.362593991468295
sway,33.362593991468295
touch,33.362593991468295
descend,33.362593991468295
rose,33.362593991468295
took,33.362593991468295
feed,33.362593991468295
pour,33.362593991468295
ran,33.362593991468295
given,33.362593991468295
