WORD,VALUE,
broken,646.5663737962421
a-gonna,290.3710864312075
sad-eyed,182.40843677337196
leopard-skin,79.27003964219419
faithful,67.37189987669608
a-rollin,67.37189987669608
blowed,55.52195993677478
pill-box,55.52195993677478
jingle-jangle,55.52195993677478
a-changin,55.52195993677478
frozen,43.73983631822517
tender,41.110215529422845
scared,39.19219707850755
low-down,32.06034550709321
content,32.06034550709321
fiery,32.06034550709321
loaded,32.06034550709321
motherless,29.83343498930466
god-fearing,20.555107764711423
bored,20.555107764711423
friendless,20.555107764711423
