WORD,VALUE,
nothin,581.7685991528673
wiggle,518.6635120057917
christmas,513.8327530829192
lonesome,322.65022382737146
woogie,284.04333095816594
others,237.81011892658256
senor,160.30172753546606
bos,151.20244362445013
neath,142.97393346472015
suckling,128.24138202837284
davey,128.24138202837284
duquesne,127.15363418720283
silvio,121.24150211559702
dum,105.01387821579392
corrina,99.24149010950507
toil,79.27003964219419
jolene,76.7826468045673
mousey,75.76817563461294
georgia,73.0901261719064
sadie,67.37615962257601
coulee,64.12069101418642
corazon,61.66532329413427
darlin,57.973425067661516
teardrop,52.55744519833037
astray,43.73983631822517
travelin,41.110215529422845
workingman,41.110215529422845
moonbeam,39.19219707850755
outskirt,32.06034550709321
six-shooter,20.555107764711423
overboard,20.555107764711423
moan,20.555107764711423
harlot,20.555107764711423
starin,20.555107764711423
overdrive,20.555107764711423
honky-tonk,20.555107764711423
evers,20.555107764711423
