WORD,VALUE,
lord,739.2120602816359
henry,306.2525381665186
jane,214.16310696801753
jack,207.17171045886172
joey,192.69018334765417
sara,176.2460776404406
maggie,174.92544861571704
frankie,166.30474175412175
alberta,160.96717845426028
heaven,148.15544628872183
billy,144.70469409362946
dixie,131.87505467909455
brownsville,131.87505467909455
senor,118.47610288125522
ira,116.8162401643732
mi,114.59683184595431
katie,101.5790658415274
diamond,97.94259131397041
flora,97.56662163523191
eden,81.83190298211079
row,81.40487593847385
scarlet,81.40487593847385
satan,73.19182274926465
peggy,65.02510599777038
rosemary,63.474643678132296
polly,63.474643678132296
quinn,62.498636996913746
shore,61.104834742668174
albert,56.914210883190414
oxford,56.69418900089846
mobile,56.69418900089846
claus,55.14187053604394
rubin,54.55460198807386
po,52.53347606564863
pa,49.180563371577335
whose,48.871901462017405
rooster,46.58003098176263
ring,46.58003098176263
hat,38.93874672145773
garrett,38.19894394865144
frisco,37.26655035643721
sooner,33.07221372708106
judge,31.31769070013779
bradley,29.88567323691197
train,29.88567323691197
almighty,29.88567323691197
peck,27.27730099403693
durango,27.27730099403693
shenandoah,27.27730099403693
abe,25.380531089048915
acapulco,21.675035332590127
kin,21.675035332590127
dark,21.675035332590127
let,19.469373360728866
cap,19.469373360728866
valerie,19.469373360728866
cha,13.638650497018466
uptown,13.638650497018466
brighton,13.638650497018466
main,13.638650497018466
pima,13.638650497018466
