WORD,VALUE,
christmas,513.8327530829192
senor,166.56587981032428
davey,128.24138202837284
duquesne,127.15363418720283
flora,121.24150211559702
silvio,121.24150211559702
dum,116.65381762406831
tambourine,107.81660617958401
desolation,100.70546524669962
papa,99.24149010950507
corrina,99.24149010950507
jolene,78.3843941570151
georgia,73.0901261719064
sadie,67.37615962257601
corazon,64.12069101418642
rooster,59.66686997860932
neath,43.73983631822517
hark,43.73983631822517
bello,41.110215529422845
durango,39.19219707850755
yonder,29.83343498930466
starin,20.555107764711423
evers,20.555107764711423
aflame,20.555107764711423
