WORD,VALUE,
wan,873.2987793793174
saw,773.0664847790266
fell,521.8270024748803
makin,111.04391987354956
singin,107.81660617958401
toll,70.89133818252718
pity,57.973425067661516
baptize,20.555107764711423
waylay,20.555107764711423
