WORD,VALUE,
cry,782.4189052265269
wan,756.5472868960952
saw,574.574556649063
shine,378.51194320698664
shake,292.7146882132727
dream,269.2905292196676
pray,224.89914494636594
kiss,192.40818903558824
weep,157.68880247975775
smile,145.90682459472933
drift,136.12862208013706
linger,106.25707964571261
drown,95.47055347912926
spy,94.86063142596338
roam,93.38872403713094
howl,93.16006196352527
curse,89.65701971073591
heal,87.59030200337284
fade,84.96588755418983
gaze,80.48358922713014
stumble,71.99926040332825
pierce,71.96794291823116
gamble,68.06431104006853
deceive,64.30541486524234
crow,63.474643678132296
ache,63.474643678132296
tremble,63.474643678132296
betray,55.00931784045062
bid,52.53347606564863
moan,50.76106217809783
preach,49.180563371577335
slave,38.19894394865144
pave,38.19894394865144
pledge,38.19894394865144
mistreat,37.26655035643721
bust,37.26655035643721
surrender,33.07221372708106
embrace,33.07221372708106
tumble,31.31769070013779
peek,29.88567323691197
endure,27.27730099403693
confess,27.27730099403693
herald,27.27730099403693
desert,25.380531089048915
brag,25.380531089048915
lag,25.380531089048915
roar,21.675035332590127
kneel,21.675035332590127
amuse,21.675035332590127
thump,21.675035332590127
crave,21.675035332590127
trample,21.675035332590127
snort,21.675035332590127
leap,19.469373360728866
behold,19.469373360728866
hound,19.469373360728866
grieve,19.469373360728866
depart,13.638650497018466
saddle,13.638650497018466
crouch,13.638650497018466
bewilder,13.638650497018466
buzz,13.638650497018466
glide,13.638650497018466
proclaim,13.638650497018466
cherish,13.638650497018466
wed,13.638650497018466
comb,13.638650497018466
rumble,13.638650497018466
barb,13.638650497018466
jerk,13.638650497018466
ponder,13.638650497018466
