NGRAM,VALUE,
dear landlord please,40599.953693422016
walk together hand,35395.50802548381
pity poor immigrant,24576.995301918763
cove walk hand,17703.57480723343
cove together hand,11961.67180537359
along cove spy,7058.71667755346
priest frankie lee,2608.192429413764
