NGRAM,VALUE,
narrow work,228.70493416883198
work someday,228.70493416883198
long narrow,177.88789374557587
roman king,159.56020966128793
scarlet town,156.57786729005673
roll john,155.1900341741217
burn roll,141.4037649091169
way work,133.4100952120901
dream titan,127.12646909774928
dream dream,127.12646909774928
soon midnight,127.12646909774928
watchman dream,127.12646909774928
earli roman,126.8790176451148
move burn,125.63092218917312
shine burn,125.63092218917312
shine move,125.63092218917312
bright john,125.25750982338276
bright roll,125.25750982338276
narrow sure,113.73796921537419
sure someday,113.73796921537419
burn bright,111.28569653251438
burn john,111.28569653251438
move bright,111.28569653251438
move john,111.28569653251438
move roll,111.28569653251438
shine bright,111.28569653251438
road narrow,103.85834492074514
long way,102.82552625122669
dream sink,101.35247195663506
titan sink,101.35247195663506
earli king,99.8099608422256
light burn,99.8099608422256
light move,99.8099608422256
shine light,99.8099608422256
light bright,88.32395166087116
light roll,88.32395166087116
pay blood,83.38292320601406
fight em,78.40458794684757
lay dream,71.89742149672162
watchman lay,71.89742149672162
dream titan,71.13559150176255
way sure,66.34659351534332
narrow way,60.4008097476754
road way,60.4008097476754
way someday,60.4008097476754
sure work,59.88695451823216
work sure,59.88695451823216
road work,54.47803498716649
like earli,51.52274014657004
long sure,46.050233099742265
long road,41.792556912984125
road long,41.792556912984125
like king,41.177979246897735
like roman,41.177979246897735
lay dream,40.07127128120939
dead lost,31.77703302750158
scarlet born,30.89868918166834
night day,29.79708564834248
town born,28.422351691105103
em fight,27.634361437159182
work work,27.475720340598116
king earli,23.97309710842226
saw saw,22.300253934233364
long long,22.207695080261594
long work,20.56150487348418
much long,19.482834617771367
earli earli,18.810954837799073
side side,16.748951050342058
roman earli,13.123722044409776
gentl long,12.510262396174175
tear long,12.510262396174175
scarlet scarlet,12.507067291016304
town scarlet,11.406249196816276
town town,10.390488283382716
one day,9.78111119533755
hand long,9.03053697789007
saw long,4.57915293633047
