WORD,VALUE,
dead,430.38024364131
readi,399.1629811187226
last,395.66417043753677
broken,295.8185646175762
long,234.33057090175612
glad,207.48450985885148
whole,185.31111473660167
high,170.18520697131467
sweet,161.33456049154924
right,150.42566276600246
littl,150.11277932515767
wrong,150.11277932515767
wide,150.11277932515767
new,135.6486845581202
pure,125.08744962881543
real,119.17299843679156
blind,119.17299843679156
old,115.4447146336693
dark,103.74225492942574
cold,103.74225492942574
usual,103.74225492942574
mani,88.34755040105361
great,88.34755040105361
true,88.34755040105361
strong,78.93412338047258
better,73.00104569825827
closer,73.00104569825827
bad,73.00104569825827
free,73.00104569825827
black,73.00104569825827
hot,70.03279290692727
next,67.8243422790601
ugliest,67.8243422790601
higher,57.72235731683465
best,57.72235731683465
full,57.72235731683465
worth,57.72235731683465
beauti,57.72235731683465
precious,57.72235731683465
rank,57.72235731683465
big,57.72235731683465
grate,55.088998475145715
deep,55.088998475145715
sick,55.088998475145715
bright,53.167241971343806
content,42.54630174282867
past,42.54630174282867
scare,42.54630174282867
solid,42.54630174282867
east,42.54630174282867
evil,40.3156531721535
open,40.3156531721535
mine,40.3156531721535
low,40.3156531721535
swift,27.544499237572857
dumb,27.544499237572857
pain,27.544499237572857
tough,27.544499237572857
discreet,27.544499237572857
outsid,27.544499237572857
straight,27.544499237572857
rid,27.544499237572857
wise,27.544499237572857
clear,27.544499237572857
thick,27.544499237572857
warm,27.544499237572857
tight,27.544499237572857
late,27.544499237572857
welcom,27.544499237572857
poor,27.544499237572857
wild,27.544499237572857
import,27.544499237572857
