WORD,VALUE,
clean-cut,85.30787248724901
fine,30.098232612930847
scared,30.098232612930847
broken-hearted,20.731704798227405
sexy,20.731704798227405
