WORD,VALUE,
broken,577.1346059291402
a-rollin,73.35679008780023
fiery,27.686780487241137
content,27.686780487241137
