WORD,VALUE,
silvio,164.02777288764113
teardrop,70.3885097862217
bos,27.686780487241137
outskirt,27.686780487241137
