WORD,VALUE,
silvio,164.02777288764113
durango,53.451776960432845
