WORD,VALUE,
saw,64.65067796802991
weep,44.093226238552695
howl,41.46340959645481
curse,39.54519529224393
slave,32.325338984014955
tremble,20.731704798227405
thump,20.731704798227405
pierce,20.731704798227405
