WORD,VALUE,
broken,50.08698941584841
low-down,40.23564999703677
blowed,40.23564999703677
god-fearing,26.00418802815702
