WORD,VALUE,
drunken,122.14603957277052
fine,103.48165329792754
mighty,76.17561983371374
forty-one,44.80208030687532
pale,38.08780991685687
mystical,19.043904958428435
