WORD,VALUE,
henry,322.43937623040085
joey,263.07347753313337
fool,253.9127271972947
sara,241.20495299998493
alberta,215.17303798455941
lily,175.8341617649219
locust,170.3063092346939
senor,159.12091534671708
soul,157.32805580573734
katie,136.7994594810544
angel,125.77087647178617
babe,122.68768259691004
lonesome,122.14603957277052
flora,119.1699968278702
behold,110.27069148232542
bash,103.48165329792754
diamond,88.0544495916183
marine,88.0544495916183
quinn,86.83186425552105
rosemary,85.15315461734696
paradise,81.43069304851369
darkness,76.17561983371374
rubin,76.17561983371374
ry,73.97561936669786
minstrel,67.79987425921477
papa,63.729740270027825
mem,59.5849984139351
garrett,51.74082664896377
whore,51.74082664896377
deed,51.74082664896377
moonlight,48.778396091921735
cane,46.575767698343526
goddess,40.715346524256844
tomb,40.715346524256844
bradley,40.715346524256844
jewel,38.08780991685687
rooster,38.08780991685687
freight,36.171875647343924
toil,29.79249920696755
acapulco,29.79249920696755
bliss,29.79249920696755
heed,29.79249920696755
finale,27.567672870581355
sorrow,27.567672870581355
fade,27.567672870581355
loneliness,27.567672870581355
rhyme,27.567672870581355
pigeon,27.567672870581355
valerie,27.567672870581355
damsel,19.043904958428435
doom,19.043904958428435
ecstasy,19.043904958428435
turquoise,19.043904958428435
rival,19.043904958428435
despair,19.043904958428435
brighton,19.043904958428435
pima,19.043904958428435
fella,19.043904958428435
