WORD,VALUE,
senor,201.17824998518384
suckling,160.94259998814707
others,120.7069499911103
sadie,86.43952007075977
corazon,78.01256408447107
toil,40.23564999703677
bos,40.23564999703677
starin,26.00418802815702
