WORD,VALUE,
senor,207.4491386391428
flora,153.93261550672025
papa,94.84500884099803
sadie,86.43952007075977
corazon,80.47129999407353
bello,52.00837605631404
starin,26.00418802815702
neath,26.00418802815702
