WORD,VALUE,
henri,469.69526244157464
joey,362.77583203004957
alberta,289.1386517475428
may,272.1639315195327
ira,235.37323121916103
jack,230.1372654409089
sarah,215.40344115788565
jane,215.40344115788565
indian,215.40344115788565
heart,203.33151608019952
mari,195.97041066230028
mayb,171.25713316543968
father,171.25713316543968
lord,171.25713316543968
goin,167.27622135381014
heaven,166.825987329121
flora,139.39933013796227
jim,134.5473123344451
drunken,134.3952929409534
honey,127.22968002473398
ann,117.68661560958051
knock,105.98385085256756
done,103.59965579283899
time,99.75694365363891
black,97.98520533115014
bay,97.98520533115014
dear,94.48000370488417
might,94.48000370488417
devil,91.7986166234929
new,86.07463721810832
big,83.4129936645605
richard,83.4129936645605
king,75.69795091041955
garrett,68.88898182354768
appl,68.88898182354768
never,68.88898182354768
senor,65.92112946641853
adio,61.93397008119796
san,54.432786303906546
ol,54.432786303906546
bradley,54.432786303906546
street,54.432786303906546
west,54.432786303906546
lookin,54.432786303906546
tomorrow,54.432786303906546
though,51.799827896419494
stripe,51.799827896419494
bello,51.799827896419494
love,51.799827896419494
smith,49.87847182681946
brazo,40.07922359168305
watch,40.07922359168305
tom,40.07922359168305
jake,40.07922359168305
arthur,40.07922359168305
miss,40.07922359168305
ruben,40.07922359168305
captain,37.848975455209775
hill,37.848975455209775
rio,37.848975455209775
hang,37.848975455209775
york,37.848975455209775
bill,37.848975455209775
open,37.848975455209775
bell,25.899913948209747
guitar,25.899913948209747
paso,25.899913948209747
panama,25.899913948209747
doin,25.899913948209747
everyth,25.899913948209747
queen,25.899913948209747
road,25.899913948209747
william,25.899913948209747
jesus,25.899913948209747
carter,25.899913948209747
buddha,25.899913948209747
east,25.899913948209747
brooklyn,25.899913948209747
littl,25.899913948209747
starin,25.899913948209747
louisiana,25.899913948209747
meet,25.899913948209747
silver,25.899913948209747
neath,25.899913948209747
three,25.899913948209747
corazon,25.899913948209747
pima,25.899913948209747
true,25.899913948209747
minnesota,25.899913948209747
