WORD,VALUE,
saw,271.95659595307484
shine,252.68918261356254
drift,55.25449784567008
pave,51.840273019866295
betray,51.840273019866295
pierce,40.79489051093774
crow,29.85214080942682
howl,27.62724892283504
roar,19.08364417666609
weep,19.08364417666609
amuse,19.08364417666609
ache,19.08364417666609
tremble,19.08364417666609
barb,19.08364417666609
