WORD,VALUE,
wan,486.3998637952728
saw,271.45916744794545
shine,252.17244167606182
drift,55.13534574116271
pave,51.74082664896377
betray,51.74082664896377
pierce,40.715346524256844
crow,29.79249920696755
howl,27.567672870581355
roar,19.043904958428435
weep,19.043904958428435
amuse,19.043904958428435
ache,19.043904958428435
tremble,19.043904958428435
barb,19.043904958428435
