WORD,VALUE,
saw,333.48818211532546
singin,92.16359118874115
waylay,26.00418802815702
