NGRAM,VALUE,
Frankie Lee,11.791595470025678
along cove,7.9831394795418635
pity immigrant,6.466075599712781
pity poor,5.968014083616576
poor immigrant,5.968014083616576
together hand,5.38241863877996
walked hand,5.38241863877996
Dear landlord,5.277205071634721
Tom Paine,5.277205071634721
Judas Priest,5.168664332128932
cove spied,5.079401851267873
along spied,4.754246205695832
wa known,3.875178834891094
cove hand,3.8531993706242678
Priest Lee,3.4546478743880873
Judas Eternity,3.361830622724989
Priest Frankie,3.2848333645616163
road Frankie,2.291298058136168
hand along,2.2083970131377244
