NGRAM,VALUE,
priest frankie lee,361.927670888892
along cove spy,311.0769203610579
pity poor immigrant,282.72305476105237
dear landlord please,246.10844342824447
walk together hand,196.91269964041805
cove together hand,179.69744212259377
judas priest frankie,177.94333167593936
