NGRAM,VALUE,
priest frankie lee,361.6143622579467
along cove spy,310.8520126531436
pity poor immigrant,282.54216431139025
dear landlord please,245.97251256553363
walk together hand,196.77729456100857
cove together hand,179.5487220694842
judas priest frankie,177.76941478481746
