NGRAM,VALUE,
Priest Frankie Lee,388.3217891135659
along cove spied,324.1189364210532
pity poor immigrant,285.90370239594836
walked together hand,185.30910205796823
cove together hand,182.31326987708132
Judas Priest Frankie,181.7582590985704
