NGRAM,VALUE,
dream titan,6.991521846075695
dream dream,6.991521846075695
soon midnight,6.991521846075695
watchman dream,6.991521846075695
dream sink,6.669593751188333
titan sink,6.669593751188333
dream titan,6.5764843467968515
lay dream,6.184166924018092
watchman lay,6.184166924018092
roman king,6.161446847518009
burn roll,5.991521846075697
move burn,5.991521846075695
shine burn,5.991521846075695
shine move,5.991521846075695
fight em,5.9915218460756945
roll john,5.973599938078434
earli roman,5.839518752630648
bright john,5.821596844633384
bright roll,5.821596844633384
burn bright,5.821596844633383
burn john,5.821596844633383
move bright,5.821596844633383
move john,5.821596844633383
move roll,5.821596844633383
shine bright,5.821596844633383
pay blood,5.821596844633382
lay dream,5.769129424739248
earli king,5.669593751188334
light burn,5.669593751188334
light move,5.669593751188334
shine light,5.669593751188334
scarlet town,5.51347454927105
light bright,5.499668749746021
light roll,5.499668749746021
dead lost,5.447201329851885
narrow sure,5.40655934535454
sure someday,5.40655934535454
narrow work,5.406559345354539
scarlet born,5.406559345354539
work someday,5.406559345354539
like earli,5.406559345354538
like king,5.406559345354538
like roman,5.406559345354538
town born,5.291082127934603
road narrow,5.2810284632706805
em fight,5.254556251909489
long narrow,5.058636041934234
saw saw,4.961774502681643
much long,4.769129424739247
king earli,4.669593751188334
way work,4.669593751188334
way sure,4.669593751188333
side side,4.5764843467968515
narrow way,4.544062869104475
road way,4.544062869104475
way someday,4.544062869104475
sure work,4.532090227438398
work sure,4.532090227438398
night day,4.416613010018462
road work,4.406559345354539
earli earli,4.34766565630097
long way,4.321670447768026
roman earli,4.25455625190949
long sure,4.184166924018093
gentl long,4.184166924018092
tear long,4.184166924018092
long road,4.058636041934234
road long,4.058636041934234
one day,3.8760446286557597
scarlet scarlet,3.8215968446333823
hand long,3.7691294247392477
town scarlet,3.7061196272134467
town town,3.590642409793511
work work,3.532090227438399
long work,3.1841669240180916
long long,3.0772517201015788
