NGRAM,VALUE,
shoot husband,7.972261848733291
husband hell,7.387299348012135
dream sink,6.972261848733293
dream titanic,6.972261848733293
dream dream,6.972261848733293
soon midnight,6.972261848733293
titanic sink,6.972261848733293
watchman dream,6.972261848733293
dream titanic,6.557224349454447
lay dream,6.387299348012136
watchman lay,6.387299348012136
fight 'em,6.294189943620655
roman kings,6.142186850175605
move burn,5.972261848733291
shine burn,5.972261848733291
shine move,5.972261848733291
lay dream,5.97226184873329
dead lose,5.913368159679723
scarlet town,5.860753533516301
early roman,5.820258755288243
bright john,5.80233684729098
roll john,5.80233684729098
burn bright,5.802336847290979
burn john,5.802336847290979
burn roll,5.802336847290979
move bright,5.802336847290979
move john,5.802336847290979
move roll,5.802336847290979
shine bright,5.802336847290979
pay blood,5.65033375384593
early kings,5.6503337538459295
bright roll,5.632411845848666
'em fight,5.557224349454447
scarlet bear,5.512830230095994
town bear,5.512830230095994
light burn,5.512830230095993
light move,5.512830230095993
shine light,5.512830230095993
narrow surely,5.387299348012136
surely someday,5.387299348012136
narrow work,5.387299348012135
work someday,5.387299348012135
light bright,5.342905228653682
light roll,5.342905228653682
road narrow,5.261768465928276
back home,5.190902135208633
like kings,5.164906926675688
like roman,5.164906926675688
like early,5.1649069266756875
long narrow,4.939840371040914
kings early,4.650333753845931
way work,4.6503337538459295
way surely,4.650333753845929
narrow way,4.524802871762071
road way,4.524802871762071
way someday,4.524802871762071
surely work,4.512830230095994
work surely,4.512830230095994
much long,4.480408752403618
night day,4.39735301267606
road work,4.387299348012135
roman early,4.235296254567086
long way,4.202874776874708
long surely,4.065371253124773
gentle long,4.0653712531247725
tear long,4.0653712531247725
town scarlet,4.0533986114586975
long road,3.939840371040914
road long,3.939840371040914
one day,3.6868596298710425
hand long,3.6503337538459286
heart see,3.5572243494544473
long work,3.0653712531247734
