WORD,VALUE,
loaded,42.11531624948436
faithful,27.25719511772126
friendless,27.25719511772126
