WORD,VALUE,
long,843.159060923414
old,388.0694849534051
hard,296.1958971378506
last,269.55906578202007
dead,255.43516376067436
littl,255.43516376067436
mani,240.0729715270128
wrong,224.71814580087067
big,209.37167084186453
bright,200.87733765476975
true,194.03474247670255
red,187.88446620413794
black,178.70883347906812
scarlet,178.70883347906812
new,177.5451319926957
great,163.39578635103445
dark,163.39578635103445
best,163.39578635103445
narrow,158.84538310788145
blue,152.8850059204517
high,152.8850059204517
right,133.6342709539071
bad,132.8183760090058
better,117.5611505178864
deep,113.83295014516801
hot,113.83295014516801
white,110.95091138612446
whole,108.56639932259789
wide,102.33189842918424
cold,102.33189842918424
sweet,98.82637979912023
sad,96.14467571393095
special,96.14467571393095
readi,87.13868531947571
blind,87.13868531947571
beauti,87.13868531947571
poor,87.13868531947571
golden,87.13868531947571
low,83.8838218344833
tight,71.993672035344
clear,71.993672035344
glad,69.02550267441687
wild,56.91647507258401
forget,56.91647507258401
full,56.91647507258401
real,56.91647507258401
newborn,54.283199661298944
open,54.283199661298944
mine,54.283199661298944
rich,52.3615265879009
fourth,52.3615265879009
free,41.94191091724165
cheer,41.94191091724165
mad,41.94191091724165
mild,41.94191091724165
warm,41.94191091724165
highest,41.94191091724165
tough,41.94191091724165
barren,41.94191091724165
thick,41.94191091724165
tall,41.94191091724165
late,41.94191091724165
load,41.94191091724165
fair,39.71134577697036
cool,39.71134577697036
evil,39.71134577697036
sick,39.71134577697036
short,39.71134577697036
broad,27.141599830649472
quick,27.141599830649472
extra,27.141599830649472
past,27.141599830649472
wretch,27.141599830649472
straight,27.141599830649472
meek,27.141599830649472
final,27.141599830649472
least,27.141599830649472
chilli,27.141599830649472
skill,27.141599830649472
wet,27.141599830649472
indian,27.141599830649472
cheap,27.141599830649472
scatter,27.141599830649472
friendless,27.141599830649472
silver,27.141599830649472
pale,27.141599830649472
dull,27.141599830649472
wise,27.141599830649472
earth,27.141599830649472
dearer,27.141599830649472
