WORD,VALUE,
christmas,553.5873189683222
duquesne,164.03167204464447
dum,141.85880124146047
kings,118.0236060759837
jolene,103.57995793934828
coulee,69.31450329373136
workingman,54.51439023544252
others,52.59269235877443
bos,42.11531624948436
overdrive,27.25719511772126
