WORD,VALUE,
dixie,149.52935743736913
scarlet,118.08347264392422
po,79.14978561884325
heaven,38.67821217921943
mi,38.67821217921943
cap,29.447871021570155
train,20.297964728530523
