WORD,VALUE,
christma,489.4648974887003
santa,375.30064831810114
lord,224.8396039409866
beyond,217.2623296064035
king,197.76610974190507
god,182.545110882706
dee,178.8059992876536
john,148.1789194898239
heart,123.3472235069056
roman,117.6259265510981
christ,117.6259265510981
claus,117.6259265510981
roll,115.89083030225191
shake,102.38857701855245
someday,87.18726646500049
mari,83.93239946247215
grand,72.03415573702534
born,72.03415573702534
east,72.03415573702534
sugar,72.03415573702534
dum,72.03415573702534
might,69.06598285856225
high,65.07818243067376
sam,56.94886133042189
columbia,56.94886133042189
mister,56.94886133042189
heaven,54.31558240160088
winter,54.31558240160088
tomorrow,41.966199731236074
washington,41.966199731236074
water,41.966199731236074
houston,41.966199731236074
mississippi,41.966199731236074
cap,41.966199731236074
israel,41.966199731236074
meet,41.966199731236074
joe,39.735631073428834
boy,39.735631073428834
chorus,27.15779120080044
pray,27.15779120080044
friday,27.15779120080044
honey,27.15779120080044
tennesse,27.15779120080044
hark,27.15779120080044
jesus,27.15779120080044
west,27.15779120080044
street,27.15779120080044
everyth,27.15779120080044
eve,27.15779120080044
better,27.15779120080044
lamar,27.15779120080044
littl,27.15779120080044
ho,27.15779120080044
cupid,27.15779120080044
sail,27.15779120080044
simpson,27.15779120080044
silver,27.15779120080044
kiss,27.15779120080044
thunder,27.15779120080044
boss,27.15779120080044
