WORD,VALUE,
christmas,553.5873189683222
duquesne,164.03167204464447
dum,153.52081720425159
kings,118.0236060759837
jolene,105.18538471754886
hark,57.14769044999763
