WORD,VALUE,
a-gonna,313.49199218251755
jingle-jangle,76.31754299764154
a-changin,76.31754299764154
bored,28.87096485692541
frozen,28.87096485692541
faithful,28.87096485692541
