WORD,VALUE,
neath,86.61289457077623
astray,28.87096485692541
evers,28.87096485692541
