WORD,VALUE,
tambourine,149.42937815062925
desolation,142.30635439211449
neath,28.87607778216975
evers,28.87607778216975
