WORD,VALUE,
tambourine,149.40381208109636
desolation,142.28079048754836
neath,28.87096485692541
evers,28.87096485692541
