WORD,VALUE,
poor,95.96891385761208
mani,56.32673951435718
true,56.32673951435718
littl,56.32673951435718
big,36.73122181518872
foolish,36.73122181518872
cold,36.73122181518872
moral,36.73122181518872
