WORD,VALUE,
poor,95.88941694456814
mani,56.27904161917151
true,56.27904161917151
littl,56.27904161917151
big,36.69942342893221
foolish,36.69942342893221
cold,36.69942342893221
moral,36.69942342893221
