WORD,VALUE,
wa,376.98454244102146
one,195.89022899638502
along,183.49711714466102
hand,168.83712485751454
man,110.09827028679662
way,95.88941694456814
road,95.88941694456814
poor,95.88941694456814
house,95.88941694456814
began,90.71129916815462
see,90.71129916815462
mouth,76.032912878161
cried,76.032912878161
love,73.39884685786441
carried,73.39884685786441
must,56.27904161917151
voice,56.27904161917151
true,56.27904161917151
little,56.27904161917151
tonight,56.27904161917151
everything,56.27904161917151
soon,56.27904161917151
home,56.27904161917151
never,56.27904161917151
known,56.27904161917151
together,54.047685869888696
might,54.047685869888696
baby,54.047685869888696
breath,54.047685869888696
thief,36.69942342893221
woman,36.69942342893221
went,36.69942342893221
around,36.69942342893221
chain,36.69942342893221
took,36.69942342893221
meant,36.69942342893221
wish,36.69942342893221
sir,36.69942342893221
sorry,36.69942342893221
soul,36.69942342893221
give,36.69942342893221
live,36.69942342893221
ha,36.69942342893221
drifter,36.69942342893221
away,36.69942342893221
big,36.69942342893221
without,36.69942342893221
tried,36.69942342893221
upon,36.69942342893221
always,36.69942342893221
doe,36.69942342893221
stand,36.69942342893221
foolish,36.69942342893221
sat,36.69942342893221
cold,36.69942342893221
paradise,36.69942342893221
stranger,36.69942342893221
burst,36.69942342893221
ran,36.69942342893221
made,36.69942342893221
neighbor,36.69942342893221
moral,36.69942342893221
