WORD,VALUE,
lee,205.6291136963375
juda,196.0492234540747
hand,168.98021854307152
priest,112.65347902871436
man,110.19366544556615
way,95.96891385761208
road,95.96891385761208
mouth,76.0965102822758
one,76.0965102822758
love,73.46244363037744
tom,56.32673951435718
pain,56.32673951435718
everyth,56.32673951435718
home,56.32673951435718
dear,54.09538313347258
boy,54.09538313347258
breath,54.09538313347258
thief,36.73122181518872
sir,36.73122181518872
soul,36.73122181518872
lord,36.73122181518872
drifter,36.73122181518872
tonight,36.73122181518872
stranger,36.73122181518872
neighbor,36.73122181518872
