WORD,VALUE,
lee,205.6291136963375
juda,196.0492234540747
priest,112.65347902871436
tom,56.32673951435718
pain,56.32673951435718
dear,54.09538313347258
lord,36.73122181518872
