WORD,VALUE,
spi,92.99995325607163
began,90.79079481799504
see,90.79079481799504
cri,76.0965102822758
known,56.32673951435718
hear,54.09538313347258
bring,54.09538313347258
dream,54.09538313347258
went,36.73122181518872
took,36.73122181518872
meant,36.73122181518872
wish,36.73122181518872
give,36.73122181518872
live,36.73122181518872
shut,36.73122181518872
doe,36.73122181518872
fall,36.73122181518872
sat,36.73122181518872
stare,36.73122181518872
ran,36.73122181518872
made,36.73122181518872
