WORD,VALUE,
wa,376.98454244102146
began,90.71129916815462
see,90.71129916815462
cried,76.032912878161
carried,73.39884685786441
known,56.27904161917151
went,36.69942342893221
took,36.69942342893221
meant,36.69942342893221
wish,36.69942342893221
give,36.69942342893221
live,36.69942342893221
ha,36.69942342893221
tried,36.69942342893221
doe,36.69942342893221
sat,36.69942342893221
ran,36.69942342893221
made,36.69942342893221
