WORD,VALUE,
last,310.1981747316117
broken,268.0266146487955
handi,243.9311274581269
littl,227.30375960971006
high,215.58361331437237
long,169.82194192627378
whole,166.97318096835144
mani,160.9064657791279
wrong,127.8078819492676
sweet,124.07926989264472
black,111.2977369711547
full,111.2977369711547
true,111.2977369711547
big,94.82363097203546
real,94.82363097203546
dark,78.39772479849306
great,78.39772479849306
deep,75.4291437536614
white,73.22036487229356
old,59.40594785113275
evil,59.40594785113275
wide,45.78417790156927
dead,45.78417790156927
free,45.78417790156927
beauti,45.78417790156927
blind,45.78417790156927
frail,29.702973925566376
readi,29.702973925566376
discreet,29.702973925566376
outsid,29.702973925566376
past,29.702973925566376
straight,29.702973925566376
cold,29.702973925566376
asleep,29.702973925566376
bad,29.702973925566376
clear,29.702973925566376
best,29.702973925566376
thick,29.702973925566376
worth,29.702973925566376
warm,29.702973925566376
import,29.702973925566376
better,29.702973925566376
