WORD,VALUE,
broken,567.6496881842137
a-rollin,78.68497707658983
