WORD,VALUE,
last,310.5140419287943
broken,268.2951062769906
handi,244.1680377793117
littl,227.52487566891773
high,215.8047185481642
long,169.9956679826062
whole,167.14690341621193
mani,161.06440479042712
wrong,127.93423243661259
sweet,124.20561677151773
black,111.40829319652256
full,111.40829319652256
true,111.40829319652256
big,94.91839293542623
real,94.91839293542623
dark,78.47669249990669
great,78.47669249990669
deep,75.50810784660307
white,73.29932535676329
old,59.46911768209732
evil,59.46911768209732
wide,45.83155707902867
dead,45.83155707902867
free,45.83155707902867
beauti,45.83155707902867
blind,45.83155707902867
frail,29.73455884104866
readi,29.73455884104866
discreet,29.73455884104866
outsid,29.73455884104866
past,29.73455884104866
straight,29.73455884104866
cold,29.73455884104866
asleep,29.73455884104866
bad,29.73455884104866
clear,29.73455884104866
best,29.73455884104866
thick,29.73455884104866
worth,29.73455884104866
warm,29.73455884104866
import,29.73455884104866
better,29.73455884104866
