WORD,VALUE,
dandy,187.69841994905383
clean-cut,93.78787373050588
