WORD,VALUE,
wiggle,768.6764265674075
teardrop,75.71638304122868
outskirt,29.81786704248739
