WORD,VALUE,
god,423.34898884322564
mayb,227.52487566891773
broken,202.65461016291943
trust,161.06440479042712
satan,127.93423243661259
everyth,94.91839293542623
tomorrow,78.47669249990669
never,78.47669249990669
late,78.47669249990669
one,78.47669249990669
seen,45.83155707902867
peter,29.73455884104866
street,29.73455884104866
june,29.73455884104866
tree,29.73455884104866
far,29.73455884104866
