WORD,VALUE,
weep,48.33411834733965
howl,45.70251873092471
saw,33.27667297662476
thump,22.851259365462354
