WORD,VALUE,
weary,46.21873836070492
countless,23.10936918035246
sly,23.10936918035246
