WORD,VALUE,
hard,458.62458937994114
mani,414.12992777123253
old,207.9761192283427
young,204.0627611339233
white,154.99866492875856
black,145.63719011183068
long,122.34447666253081
whole,119.95952116032308
last,117.91304863080667
right,116.1152881361647
better,112.30198863389666
younger,112.30198863389666
dead,95.68441357513191
older,95.68441357513191
wild,79.11503834194399
bad,79.11503834194399
cold,79.11503834194399
true,79.11503834194399
poor,79.11503834194399
high,72.15774527215679
wrong,62.61347943012777
free,62.61347943012777
wide,62.61347943012777
next,58.05764406808235
full,46.214553325729185
dark,46.214553325729185
real,46.214553325729185
littl,46.214553325729185
insan,46.214553325729185
worth,46.214553325729185
drunk,43.98354474677674
deep,43.98354474677674
constant,29.98988029008077
wet,29.98988029008077
precious,29.98988029008077
rag,29.98988029008077
broad,29.98988029008077
spanish,29.98988029008077
blind,29.98988029008077
warm,29.98988029008077
best,29.98988029008077
clear,29.98988029008077
differ,29.98988029008077
round,29.98988029008077
silent,29.98988029008077
straight,29.98988029008077
torn,29.98988029008077
bigger,29.98988029008077
