WORD,VALUE,
a-changin,79.33721341665361
a-gonna,76.36859123485573
