WORD,VALUE,
lord,179.06332435197174
oxford,112.30198863389666
york,108.79602656515151
new,100.387618308459
rita,95.68441357513191
william,79.11503834194399
though,76.14642554233569
toll,46.214553325729185
clay,43.98354474677674
holli,29.98988029008077
way,29.98988029008077
black,29.98988029008077
john,29.98988029008077
russian,29.98988029008077
jesus,29.98988029008077
lookin,29.98988029008077
indian,29.98988029008077
german,29.98988029008077
