WORD,VALUE,
gaze,88.21529991388559
saw,84.71129777952525
crow,35.89280669394432
jerk,23.10936918035246
