WORD,VALUE,
a-gonna,316.7683611489013
sad-eyed,199.30135517839153
broken,131.10937520926993
leopard-skin,86.66045925440682
pill-box,60.800300368393145
jingle-jangle,60.800300368393145
a-changin,60.800300368393145
frozen,47.96213715954641
faithful,47.96213715954641
blowed,47.96213715954641
scared,43.41078288009417
low-down,35.226606758117306
fiery,35.226606758117306
god-fearing,22.66532942543839
bored,22.66532942543839
