WORD,VALUE,
nothin,388.82255856919113
lonesome,234.73153827750724
senor,176.13303379058655
others,156.696875578981
suckling,140.90642703246922
neath,131.10937520926993
corrina,108.74213138244467
sadie,74.75729163545213
bos,73.70627989861158
corazon,67.99598827631517
travelin,45.33065885087678
toil,35.226606758117306
astray,35.226606758117306
moan,22.66532942543839
starin,22.66532942543839
honky-tonk,22.66532942543839
evers,22.66532942543839
