WORD,VALUE,
senor,182.40090110517943
flora,133.9009745600915
tambourine,118.37142952295345
desolation,111.25471603046714
corrina,108.74213138244467
papa,83.15673772695828
sadie,74.75729163545213
corazon,70.45321351623461
rooster,53.84972892249571
neath,47.96213715954641
bello,45.33065885087678
durango,43.41078288009417
yonder,32.99783872046145
starin,22.66532942543839
evers,22.66532942543839
