WORD,VALUE,
devil,80.01320819183057
daddy,22.53287868612258
sleet,22.53287868612258
corazon,22.53287868612258
