WORD,VALUE,
saw,470.09062673694297
fell,213.8134357848747
waylay,22.66532942543839
