WORD,VALUE,
slow,49.3661146808052
drunken,22.655302316692513
tiny,18.810375647062013
indian,17.426507179647867
ev'ry,16.28547222288074
ol',15.161056146129276
lucky,11.702601701806056
unkind,10.865921811551864
simple,10.865921811551864
dear,10.129506233599788
mighty,7.576284898753731
open,6.996578445953588
different,6.779561811817349
unknown,6.570085045330778
gold,4.519707874544901
quick,4.246150821377491
angry,3.1809330416460506
quiet,3.1809330416460506
secret,2.680176057154426
willing,2.680176057154426
blowed,2.680176057154426
brief,2.680176057154426
forbidden,2.2598539372724504
joint,2.2598539372724504
swift,2.2598539372724504
ashamed,2.2598539372724504
safe,2.2598539372724504
vacant,2.2598539372724504
smooth,2.2598539372724504
west,2.2598539372724504
