WORD,VALUE,
slow,47.5955145981745
lucki,11.630763854914383
unkind,10.82309775256038
simpl,10.82309775256038
mighti,7.5335906206380985
ol,6.745814819344214
unto,6.745814819344214
differ,6.745814819344214
tini,4.309818604765681
unknown,4.309818604765681
close,4.309818604765681
quick,3.6830219829517103
angri,3.1607367585125097
cool,3.1607367585125097
brief,2.6644534168421314
asham,2.248604939781404
fifth,2.248604939781404
natur,2.248604939781404
vacant,2.248604939781404
ev'ri,2.248604939781404
