WORD,VALUE,
slow,49.18829886660415
drunken,22.575742460941697
tiny,18.749511894010617
indian,17.356362988098955
ev'ry,16.23163641155467
ol',15.093299677056926
lucky,11.628087742417117
unkind,10.821501664427696
simple,10.821501664427696
dear,10.055127499915228
mighty,7.531999977333936
open,6.943148311740648
different,6.744557328895079
unknown,6.544361000906028
gold,4.4963715525967185
angry,3.1599844421744354
quiet,3.1599844421744354
secret,2.6638676769315737
willing,2.6638676769315737
blowed,2.6638676769315737
brief,2.6638676769315737
forbidden,2.2481857762983593
joint,2.2481857762983593
swift,2.2481857762983593
ashamed,2.2481857762983593
safe,2.2481857762983593
vacant,2.2481857762983593
smooth,2.2481857762983593
west,2.2481857762983593
