WORD,VALUE,
henri,50.301009168963134
mrs.,35.24069495329019
may,34.42735964954949
indian,25.820519737162115
father,25.732248952348897
billi,22.82125461939106
ann,18.23739965532767
heaven,14.612931826042573
jim,10.751879403669717
johnni,10.448323726248066
call,10.448323726248066
dear,8.372467806503995
big,8.304301819291513
richard,8.304301819291513
heavi,8.304301819291513
bay,6.775873360087237
time,5.969853707030103
diamond,4.465081886061003
might,4.465081886061003
hill,4.152150909645757
lost,4.152150909645757
frisco,4.152150909645757
summer,2.9849268535150517
watch,2.5274339348196753
bill,2.5274339348196753
eskimo,2.5274339348196753
pedro,2.1503758807339435
presid,2.1503758807339435
america,2.1503758807339435
crazi,2.1503758807339435
true,2.1503758807339435
