WORD,VALUE,
wake,64.93428438948361
serv,63.8765229155819
sang,29.036999605666416
wan,25.200540808251525
pleas,23.270450917817808
stop,15.231409929422131
answer,11.984030495881893
remain,10.194455014430984
laid,8.97309657442302
dug,8.619637209531362
betray,8.619637209531362
rock,8.475780646932456
forgot,5.328906833684263
unto,4.877248225957265
man,4.877248225957265
arriv,4.497209879562808
rush,4.497209879562808
behold,4.497209879562808
greet,4.309818604765681
mirror,4.309818604765681
hunt,4.309818604765681
bend,4.309818604765681
cook,4.309818604765681
empti,4.309818604765681
mention,4.309818604765681
kinda,4.309818604765681
offer,4.217007252601456
'd,3.6830219829517103
smell,3.1607367585125097
strand,3.1607367585125097
climb,3.1607367585125097
slow,2.6644534168421314
agre,2.6644534168421314
choos,2.6644534168421314
slumber,2.248604939781404
hire,2.248604939781404
cost,2.248604939781404
forbidden,2.248604939781404
griev,2.248604939781404
divid,2.248604939781404
spoil,2.248604939781404
wink,2.248604939781404
confus,2.248604939781404
amus,2.248604939781404
afford,2.248604939781404
dine,2.248604939781404
blink,2.248604939781404
bore,2.248604939781404
