WORD,VALUE,
wake,63.114840887554635
serv,62.15530847270039
sang,35.90224276957211
wan,23.47311398425417
pleas,22.56329818352503
stop,15.925541654713363
answer,12.902255284403662
remain,9.685167509316145
laid,9.432661893514368
hurt,8.546580300903306
dug,8.304301819291513
betray,8.304301819291513
rock,8.025931777890092
forgot,5.0548678696393505
'd,4.641999684887345
unto,4.641999684887345
man,4.641999684887345
arriv,4.300751761467887
rush,4.300751761467887
behold,4.300751761467887
greet,4.152150909645757
mirror,4.152150909645757
hunt,4.152150909645757
bend,4.152150909645757
cook,4.152150909645757
empti,4.152150909645757
choos,4.152150909645757
mention,4.152150909645757
kinda,4.152150909645757
offer,3.9636165016540037
smell,2.9849268535150517
strand,2.9849268535150517
climb,2.9849268535150517
slow,2.5274339348196753
agre,2.5274339348196753
slumber,2.1503758807339435
hire,2.1503758807339435
cost,2.1503758807339435
forbidden,2.1503758807339435
griev,2.1503758807339435
divid,2.1503758807339435
spoil,2.1503758807339435
vote,2.1503758807339435
wink,2.1503758807339435
confus,2.1503758807339435
amus,2.1503758807339435
afford,2.1503758807339435
dine,2.1503758807339435
blink,2.1503758807339435
bore,2.1503758807339435
imagin,2.1503758807339435
