WORD,VALUE,
dandi,49.610075394152844
ugli,35.07011482731752
broken,30.14145097603547
clean-cut,24.322278156420168
usual,20.788625788468213
holi,17.44356279140963
sacr,6.556903918506786
american,5.276397423790877
frail,4.076325793684614
foggi,4.076325793684614
french,4.076325793684614
doggon,4.076325793684614
thirsti,4.076325793684614
