WORD,VALUE,
dandi,49.0918836639973
ugli,34.69177974651822
broken,33.853555576204414
clean-cut,24.048835562638065
usual,20.55014735702517
holi,19.028070072518645
sacr,6.435859383941722
american,5.18404634663448
frail,4.012668173936885
foggi,4.012668173936885
french,4.012668173936885
thirsti,4.012668173936885
