WORD,VALUE,
broken,76.03633780235403
dandy,49.46972217551506
ugly,48.496419379667735
clean-cut,24.248209689833867
usual,20.72402657217498
holy,20.295364144283624
a-rollin,13.795938120421367
scared,7.154314944405609
sacred,6.524083524609255
american,5.251360744428165
damn,5.251360744428165
foggy,4.059072828856724
french,4.059072828856724
thirty,4.059072828856724
fond,4.059072828856724
thirsty,4.059072828856724
