WORD,VALUE,
broken,76.08022280312333
dandy,49.48897278186873
ugly,48.516737061086005
clean-cut,24.258368530543002
usual,20.732886589220605
holy,20.307193637924122
a-rollin,13.802200490139981
scared,7.157979666797214
sacred,6.52858357346654
american,5.254793718220857
damn,5.254793718220857
foggy,4.061438727584824
french,4.061438727584824
thirty,4.061438727584824
fond,4.061438727584824
thirsty,4.061438727584824
