WORD,VALUE,
-lrb-,82.60988254301817
-rrb-,82.60988254301817
broken,75.52519012161167
trust,55.387481617770504
driftin,52.71614550705012
bulli,51.61813113813615
dandi,44.59112428233553
neighborhood,44.59112428233553
diseas,41.10029471405034
shore,39.0703930346016
hell,36.00330149505504
ugli,34.69177974651822
car,28.303743396132734
polit,27.693740808885252
cat,24.478063623485404
clean-cut,24.048835562638065
killer,20.652831299385685
satan,20.652831299385685
anybodi,20.579779603406248
missouri,20.55014735702517
usual,20.55014735702517
rambl,19.517297037963505
stick,19.300990303465788
pearl,17.37682483642718
holi,17.160238855010043
nightingal,17.08749813040595
willi,17.08749813040595
shootin,17.08749813040595
handl,15.027316860703895
desert,14.336839714378275
salli,13.673048729363542
creation,13.673048729363542
rank,13.673048729363542
dump,13.673048729363542
martin,13.673048729363542
luther,13.673048729363542
grown,12.038004521810652
union,12.038004521810652
vow,11.610097482678754
tune,11.610097482678754
natur,11.598512902418916
rollin,11.598512902418916
idea,11.598512902418916
mi,11.598512902418916
sundown,11.0370754779024
greed,11.0370754779024
band,10.36809269326896
curl,10.326415649692843
bake,10.326415649692843
neither,10.298974772323266
yesterday,9.003189269304404
famili,7.713674304017789
drank,7.082415377439774
rubi,7.082415377439774
welcom,7.082415377439774
wolf,7.082415377439774
bull,7.082415377439774
emot,7.082415377439774
backward,7.082415377439774
cent,7.082415377439774
scare,7.082415377439774
damn,6.435859383941722
movi,6.435859383941722
sacr,6.435859383941722
american,5.18404634663448
debt,5.18404634663448
snap,5.18404634663448
guy,5.18404634663448
breakin,5.18404634663448
thirti,5.18404634663448
frail,4.012668173936885
spill,4.012668173936885
foggi,4.012668173936885
test,4.012668173936885
spoken,4.012668173936885
french,4.012668173936885
bump,4.012668173936885
purpos,4.012668173936885
mount,4.012668173936885
buckl,4.012668173936885
jumpin,4.012668173936885
thumpin,4.012668173936885
fortress,4.012668173936885
thiev,4.012668173936885
outskirt,4.012668173936885
crumb,4.012668173936885
tub,4.012668173936885
score,4.012668173936885
swine,4.012668173936885
thirsti,4.012668173936885
fifti,4.012668173936885
