WORD,VALUE,
broken,76.08022280312333
trust,55.94804229675313
driftin,53.140028360631064
bully,52.063990809655515
ugly,48.516737061086005
dandy,44.98339648243591
neighborhood,44.98339648243591
disease,41.46577317844121
shore,39.53612175314255
hell,36.53285289649447
car,27.531418576499387
ramble,25.453051066053717
cat,24.793801988115785
clean-cut,24.258368530543002
killer,20.85754734951956
satan,20.85754734951956
missouri,20.732886589220605
usual,20.732886589220605
holy,20.307193637924122
anybody,19.596322772207607
nature,17.554747150851554
pearl,17.554747150851554
nightingale,17.24344362689189
shootin,17.24344362689189
handle,15.200422257357214
sally,13.802200490139981
a-rollin,13.802200490139981
creation,13.802200490139981
rank,13.802200490139981
dump,13.802200490139981
martin,13.802200490139981
luther,13.802200490139981
desert,13.05716714693308
union,12.184316182754472
idea,11.779144363697492
vow,11.77356904378995
tune,11.77356904378995
sundown,11.161410320907777
greed,11.161410320907777
band,10.509587436441715
curl,10.42877367475978
yesterday,9.1398670947061
wolf,8.122877455169649
family,7.828375311481045
ruby,7.157979666797214
welcome,7.157979666797214
bull,7.157979666797214
cent,7.157979666797214
scared,7.157979666797214
movie,6.52858357346654
sacred,6.52858357346654
american,5.254793718220857
debt,5.254793718220857
snap,5.254793718220857
breakin,5.254793718220857
thirty,5.254793718220857
oklahoma,5.254793718220857
damn,5.254793718220857
goodnight,4.061438727584824
spill,4.061438727584824
foggy,4.061438727584824
test,4.061438727584824
french,4.061438727584824
bump,4.061438727584824
purpose,4.061438727584824
mount,4.061438727584824
idol,4.061438727584824
buckle,4.061438727584824
doggone,4.061438727584824
jumpin,4.061438727584824
thumpin,4.061438727584824
fortress,4.061438727584824
reflection,4.061438727584824
outskirt,4.061438727584824
crumb,4.061438727584824
fond,4.061438727584824
bake,4.061438727584824
tub,4.061438727584824
score,4.061438727584824
dared,4.061438727584824
swine,4.061438727584824
thirsty,4.061438727584824
fifty,4.061438727584824
