WORD,VALUE,
broken,76.03633780235403
trust,55.92085866774948
bully,52.04237430457375
ugly,48.496419379667735
dandy,44.96437762468114
neighborhood,44.96437762468114
disease,41.44805314434996
shore,39.51352984092615
hell,36.50715142701425
car,27.510680653074278
cat,24.776033541285546
clean-cut,24.248209689833867
seen,24.248209689833867
killer,20.84762025740934
satan,20.84762025740934
missouri,20.72402657217498
usual,20.72402657217498
holy,20.295364144283624
ramble,19.765644886264404
anybody,19.581987299170073
nature,17.54611888240484
pearl,17.54611888240484
nightingale,17.23588243350977
handle,15.19202573750941
sally,13.795938120421367
a-rollin,13.795938120421367
creation,13.795938120421367
rank,13.795938120421367
dump,13.795938120421367
martin,13.795938120421367
luther,13.795938120421367
vow,13.317194065941294
desert,13.04816704921851
union,12.177218486570172
idea,11.77037601458183
tune,11.76563602113997
sundown,11.155379699788075
greed,11.155379699788075
band,10.50272148885633
curl,10.42381012870467
yesterday,9.133232895719626
wolf,8.118145657713448
family,7.822808187559164
ruby,7.154314944405609
welcome,7.154314944405609
bump,7.154314944405609
bull,7.154314944405609
drifting,7.154314944405609
cent,7.154314944405609
scared,7.154314944405609
movie,6.524083524609255
sacred,6.524083524609255
american,5.251360744428165
debt,5.251360744428165
snap,5.251360744428165
notice,5.251360744428165
thirty,5.251360744428165
oklahoma,5.251360744428165
damn,5.251360744428165
goodnight,4.059072828856724
foggy,4.059072828856724
test,4.059072828856724
french,4.059072828856724
purpose,4.059072828856724
mount,4.059072828856724
idol,4.059072828856724
buckle,4.059072828856724
doggone,4.059072828856724
thump,4.059072828856724
fortress,4.059072828856724
reflection,4.059072828856724
outskirt,4.059072828856724
crumb,4.059072828856724
fond,4.059072828856724
bake,4.059072828856724
tub,4.059072828856724
score,4.059072828856724
later,4.059072828856724
dared,4.059072828856724
swine,4.059072828856724
thirsty,4.059072828856724
fifty,4.059072828856724
