WORD,VALUE,
bully,56.77660219323212
neighborhood,44.96437762468114
disease,41.44805314434996
shore,39.51352984092615
hell,36.50715142701425
car,27.510680653074278
cat,24.776033541285546
desert,20.84762025740934
killer,20.84762025740934
beat,20.84762025740934
satan,20.84762025740934
missouri,20.72402657217498
anybody,19.581987299170073
nature,17.54611888240484
pearl,17.54611888240484
sally,13.795938120421367
creation,13.795938120421367
dump,13.795938120421367
martin,13.795938120421367
luther,13.795938120421367
vow,13.317194065941294
tune,13.317194065941294
union,12.177218486570172
idea,11.77037601458183
greed,11.155379699788075
band,10.50272148885633
curl,10.42381012870467
honor,9.27462344261862
'til,9.27462344261862
yesterday,9.133232895719626
wolf,8.118145657713448
stick,8.118145657713448
family,7.822808187559164
ruby,7.154314944405609
bull,7.154314944405609
cent,7.154314944405609
movie,6.524083524609255
debt,5.251360744428165
oklahoma,5.251360744428165
bump,4.059072828856724
purpose,4.059072828856724
trap,4.059072828856724
idol,4.059072828856724
fortress,4.059072828856724
try,4.059072828856724
reflection,4.059072828856724
outskirt,4.059072828856724
crumb,4.059072828856724
tub,4.059072828856724
score,4.059072828856724
swine,4.059072828856724
