WORD,VALUE,
bully,56.7984504469128
neighborhood,44.98339648243591
disease,41.46577317844121
shore,39.53612175314255
hell,36.53285289649447
car,27.531418576499387
cat,24.793801988115785
desert,20.85754734951956
killer,20.85754734951956
beat,20.85754734951956
satan,20.85754734951956
missouri,20.732886589220605
anybody,19.596322772207607
nature,17.554747150851554
pearl,17.554747150851554
sally,13.802200490139981
creation,13.802200490139981
dump,13.802200490139981
martin,13.802200490139981
luther,13.802200490139981
vow,13.32535883719018
tune,13.32535883719018
union,12.184316182754472
idea,11.779144363697492
greed,11.161410320907777
band,10.509587436441715
curl,10.42877367475978
honor,9.28042231513941
'til,9.28042231513941
yesterday,9.1398670947061
wolf,8.122877455169649
stick,8.122877455169649
family,7.828375311481045
ruby,7.157979666797214
bull,7.157979666797214
cent,7.157979666797214
movie,6.52858357346654
debt,5.254793718220857
oklahoma,5.254793718220857
bump,4.061438727584824
purpose,4.061438727584824
trap,4.061438727584824
idol,4.061438727584824
fortress,4.061438727584824
try,4.061438727584824
reflection,4.061438727584824
outskirt,4.061438727584824
crumb,4.061438727584824
tub,4.061438727584824
score,4.061438727584824
swine,4.061438727584824
