WORD,VALUE,
satan,20.85754734951956
missouri,20.732886589220605
sally,13.802200490139981
martin,13.802200490139981
luther,13.802200490139981
ruby,7.157979666797214
bridge,7.157979666797214
oklahoma,5.254793718220857
yonder,4.061438727584824
