WORD,VALUE,
hell,64.2880287910188
broken,42.317871511485166
satan,20.920003188237395
missouri,20.788625788468213
willi,17.291012399509935
salli,13.841598836128462
late,13.841598836128462
martin,13.841598836128462
luther,13.841598836128462
son,10.506099679114325
sure,9.316913086809219
bridg,7.181037159526566
oklahoma,5.276397423790877
seven,4.076325793684614
stick,4.076325793684614
yonder,4.076325793684614
