WORD,VALUE,
hell,63.629980411507006
broken,41.869608106007746
satan,20.652831299385685
missouri,20.55014735702517
willi,17.08749813040595
salli,13.673048729363542
late,13.673048729363542
martin,13.673048729363542
luther,13.673048729363542
son,11.610097482678754
sure,9.160904389905093
bridg,7.082415377439774
seven,4.012668173936885
stick,4.012668173936885
yonder,4.012668173936885
