WORD,VALUE,
trust,26.060337641239432
rambl,25.177587644333464
handl,15.027316860703895
name,14.20409489148415
grown,14.164830754879548
doin,13.673048729363542
rule,8.02533634787377
drank,7.082415377439774
star,5.18404634663448
breakin,5.18404634663448
dri,5.18404634663448
notic,5.18404634663448
spill,4.012668173936885
spoken,4.012668173936885
mount,4.012668173936885
finish,4.012668173936885
