WORD,VALUE,
trust,55.82126627571734
seen,24.210988961006898
ramble,19.719251289930817
handle,17.208179549369696
name,15.604832351048818
smoke,11.133286387912076
rule,10.405625089251497
mi,8.100811268180898
drifting,7.140888827295882
notice,7.140888827295882
slave,5.238785277239064
mount,4.050405634090449
thump,4.050405634090449
bake,4.050405634090449
