WORD,VALUE,
trust,55.94804229675313
ramble,25.453051066053717
driftin,20.732886589220605
handle,17.24344362689189
shootin,17.24344362689189
name,17.02430806464394
rule,10.42877367475978
mi,8.122877455169649
smoke,6.52858357346654
slave,5.254793718220857
breakin,5.254793718220857
notice,5.254793718220857
spill,4.061438727584824
mount,4.061438727584824
jumpin,4.061438727584824
thumpin,4.061438727584824
bake,4.061438727584824
