WORD,VALUE,
trust,55.92085866774948
seen,24.248209689833867
ramble,19.765644886264404
handle,17.23588243350977
name,15.645616375118328
smoke,11.155379699788075
rule,10.42381012870467
mi,8.118145657713448
drifting,7.154314944405609
notice,7.154314944405609
slave,5.251360744428165
mount,4.059072828856724
thump,4.059072828856724
bake,4.059072828856724
