WORD,VALUE,
unkind,17.545785156403653
mighty,16.383938734507822
grand,14.134581450691082
angry,9.971401095734144
Blue,9.904461717037726
awful,5.84859505213455
