WORD,VALUE,
indian,38.10144642488804
drunken,38.10144642488804
unkind,17.529459614149708
mighty,16.365634433337632
grand,14.123400889938017
gold,11.686306409433136
angry,9.960814266815282
blowed,7.861766303461101
awful,5.843153204716568
