WORD,VALUE,
weekend,63.53382046096649
sang,59.714815099692416
billi,55.209324569631924
hay,54.496391272079265
indian,47.0221983524845
drunken,38.085322717032334
knockin,36.89179659654585
ann,28.235047037913915
lili,26.291250982262365
johnni,23.97729887531015
degre,22.030163691260032
dug,19.783563094117252
unkind,17.52087793173141
coin,17.52087793173141
singin,15.715107173872765
hmm,15.674066117494835
paper,14.117523518956958
distanc,12.07894708497633
advanc,11.68058528782094
brass,11.68058528782094
angri,9.955249394571945
whore,9.955249394571945
rush,9.955249394571945
isl,9.891781547058626
greet,9.891781547058626
eskimo,7.857553586936382
damsel,5.84029264391047
hunter,5.84029264391047
slumber,5.84029264391047
pedro,5.84029264391047
hire,5.84029264391047
comrad,5.84029264391047
swamp,5.84029264391047
salt,5.84029264391047
awhil,5.84029264391047
squall,5.84029264391047
boyfriend,5.84029264391047
fighter,5.84029264391047
