WORD,VALUE,
sang,67.80462648796072
weekend,63.05347209919037
billi,54.71127275923717
hay,54.104121401685795
father,52.290314059815316
indian,46.58498481789192
drunken,37.76024896708225
knockin,36.593963062176236
ann,27.99805177934647
lili,25.985250766235914
johnni,23.770722754643785
degre,21.77864390639454
dug,19.607406111351967
unkind,17.347899871286735
coin,17.347899871286735
singin,15.5453080357487
hmm,15.528328272630636
distanc,11.939567084753346
y',11.939567084753346
advanc,11.565266580857823
brass,11.565266580857823
angri,9.843109609929437
whore,9.843109609929437
rush,9.843109609929437
greet,9.803703055675983
jug,9.803703055675983
ramblin,7.77265401787435
eskimo,7.77265401787435
damsel,5.782633290428912
hunter,5.782633290428912
slumber,5.782633290428912
pedro,5.782633290428912
hire,5.782633290428912
fiddler,5.782633290428912
comrad,5.782633290428912
swamp,5.782633290428912
salt,5.782633290428912
awhil,5.782633290428912
squall,5.782633290428912
boyfriend,5.782633290428912
aw,5.782633290428912
fighter,5.782633290428912
