WORD,VALUE,
Father,99.9427689673263
weekend,63.602958418474905
sang,59.78349994191487
Billy,55.281027827751515
Indian,54.63334308444855
knockin,40.84938841689832
Heaven,33.194655282516116
Ann,31.801479209237453
Mary,29.304721455410622
travel,27.365131126195607
Call,25.583008207201697
Lily,24.19804686521518
Johnny,24.007036977023375
West,22.838481104060836
degree,22.066391740053493
Day,21.544235182566027
stayed,19.94280219146829
dug,19.808923434075453
parking,18.467333991762075
unkind,17.545785156403653
Gypsy,17.545785156403653
coin,17.545785156403653
pass,15.739561283259047
Throw,15.739561283259047
Hmm,15.69504869569802
Still,15.69504869569802
Young,14.134581450691082
grand,14.134581450691082
paper,14.134581450691082
Ride,14.134581450691082
ridin,12.09902343260759
distance,12.09902343260759
singin,12.09902343260759
brass,11.6971901042691
angry,9.971401095734144
whore,9.971401095734144
melody,9.971401095734144
staying,9.971401095734144
Hill,9.904461717037726
greet,9.904461717037726
Darling,9.904461717037726
Eskimo,9.904461717037726
Broke,9.904461717037726
Bill,7.869780641629523
blowed,7.869780641629523
worried,5.84859505213455
bothered,5.84859505213455
Cause,5.84859505213455
Pardon,5.84859505213455
damsel,5.84859505213455
hunter,5.84859505213455
Pedro,5.84859505213455
businessmen,5.84859505213455
hired,5.84859505213455
chamber,5.84859505213455
comrade,5.84859505213455
salt,5.84859505213455
aching,5.84859505213455
writes,5.84859505213455
awhile,5.84859505213455
pour,5.84859505213455
squall,5.84859505213455
boyfriend,5.84859505213455
awful,5.84859505213455
fighter,5.84859505213455
