WORD,VALUE,
Father,99.9427689673263
weekend,63.602958418474905
Billy,55.281027827751515
Heaven,33.194655282516116
Ann,31.801479209237453
Mary,29.304721455410622
Lily,24.19804686521518
Johnny,24.007036977023375
Call,24.007036977023375
West,22.838481104060836
degree,22.066391740053493
Day,21.544235182566027
Hmm,18.467333991762075
parking,18.467333991762075
Gypsy,17.545785156403653
coin,17.545785156403653
paper,14.134581450691082
Ride,14.134581450691082
singin,13.682565563097803
ridin,12.09902343260759
distance,12.09902343260759
Lay,11.6971901042691
brass,11.6971901042691
whore,9.971401095734144
melody,9.971401095734144
stay,9.971401095734144
Hill,9.904461717037726
Darling,9.904461717037726
Eskimo,9.904461717037726
Bill,7.869780641629523
maiden,5.84859505213455
damsel,5.84859505213455
hunter,5.84859505213455
Pedro,5.84859505213455
businessmen,5.84859505213455
chamber,5.84859505213455
comrade,5.84859505213455
salt,5.84859505213455
squall,5.84859505213455
boyfriend,5.84859505213455
fighter,5.84859505213455
