WORD,VALUE,
weekend,63.05347209919037
indian,54.89094459326435
billi,54.71127275923717
hay,54.104121401685795
father,52.290314059815316
ann,27.99805177934647
lili,25.985250766235914
johnni,23.770722754643785
degre,21.77864390639454
hmm,18.296981531088118
coin,17.347899871286735
y',15.528328272630636
singin,13.51947717763699
park,11.939567084753346
distanc,11.939567084753346
advanc,11.565266580857823
lay,11.565266580857823
brass,11.565266580857823
whore,9.843109609929437
melodi,9.843109609929437
jug,9.803703055675983
ramblin,7.77265401787435
eskimo,7.77265401787435
maiden,5.782633290428912
damsel,5.782633290428912
hunter,5.782633290428912
pedro,5.782633290428912
fiddler,5.782633290428912
comrad,5.782633290428912
crash,5.782633290428912
salt,5.782633290428912
squall,5.782633290428912
boyfriend,5.782633290428912
fighter,5.782633290428912
