WORD,VALUE,
weekend,63.557642443628446
billy,55.23402995990592
ann,31.778821221814223
mary,29.270982209737785
lily,26.30643719390489
johnny,23.98754521218479
degree,22.042645591465327
parking,18.453284074341468
coin,17.529459614149708
paper,14.123400889938017
distance,12.085864112938285
brass,11.686306409433136
whore,9.960814266815282
melody,9.960814266815282
isle,9.896150512952204
eskimo,9.896150512952204
damsel,5.843153204716568
hunter,5.843153204716568
pedro,5.843153204716568
crash,5.843153204716568
swamp,5.843153204716568
salt,5.843153204716568
boyfriend,5.843153204716568
fighter,5.843153204716568
