WORD,VALUE,
weekend,63.53382046096649
indian,55.33769489481878
billi,55.209324569631924
hay,54.496391272079265
ann,28.235047037913915
lili,26.291250982262365
johnni,23.97729887531015
degre,22.030163691260032
hmm,18.445898298272926
coin,17.52087793173141
paper,14.117523518956958
singin,13.66203610018058
park,12.07894708497633
distanc,12.07894708497633
advanc,11.68058528782094
lay,11.68058528782094
brass,11.68058528782094
whore,9.955249394571945
melodi,9.955249394571945
isl,9.891781547058626
eskimo,7.857553586936382
maiden,5.84029264391047
damsel,5.84029264391047
hunter,5.84029264391047
pedro,5.84029264391047
comrad,5.84029264391047
crash,5.84029264391047
salt,5.84029264391047
squall,5.84029264391047
boyfriend,5.84029264391047
fighter,5.84029264391047
