WORD,VALUE,
indian,55.33769489481878
billi,55.209324569631924
father,41.27395208947089
heaven,33.145293948457585
ann,28.235047037913915
lili,24.15789416995266
johnni,23.97729887531015
call,23.97729887531015
day,17.802994733610873
summer,9.955249394571945
hill,9.891781547058626
bill,7.857553586936382
eskimo,7.857553586936382
pedro,5.84029264391047
night,5.84029264391047
