WORD,VALUE,
Billy,55.281027827751515
Father,41.3212012382042
Heaven,33.194655282516116
Ann,31.801479209237453
Mary,29.304721455410622
Lily,24.19804686521518
Johnny,24.007036977023375
Call,24.007036977023375
Day,17.831373489466216
Summer,9.971401095734144
Hill,9.904461717037726
Eskimo,9.904461717037726
Bill,7.869780641629523
Pedro,5.84859505213455
Night,5.84859505213455
