WORD,VALUE,
indian,54.89094459326435
billi,54.71127275923717
father,40.94569941720019
ann,27.99805177934647
heaven,25.374554700413825
lili,23.879134169506692
johnni,23.770722754643785
call,23.770722754643785
day,17.605955379906334
summer,9.843109609929437
hill,9.803703055675983
watch,7.77265401787435
bill,7.77265401787435
eskimo,7.77265401787435
pedro,5.782633290428912
night,5.782633290428912
