WORD,VALUE,
sang,59.714815099692416
knockin,40.806063914634066
answer,22.798781524084276
dug,19.783563094117252
rush,11.68058528782094
greet,9.891781547058626
slumber,5.84029264391047
hire,5.84029264391047
bore,5.84029264391047
