WORD,VALUE,
sang,59.78349994191487
knockin,40.84938841689832
answer,31.39009739139604
travel,27.365131126195607
stayed,19.94280219146829
dug,19.808923434075453
Throw,15.739561283259047
pass,13.682565563097803
staying,9.971401095734144
greet,9.904461717037726
Went,9.904461717037726
blowed,7.869780641629523
bothered,5.84859505213455
hired,5.84859505213455
force,5.84859505213455
aching,5.84859505213455
writes,5.84859505213455
fare,5.84859505213455
pour,5.84859505213455
