NGRAM,VALUE,
Dear landlord,50.752062714112135
Tom Paine,50.752062714112135
pity immigrant,50.37868472582943
Frankie Lee,43.40560855765623
along cove,42.172855685114
pity poor,39.95619634602685
poor immigrant,39.95619634602685
together hand,29.194211642533872
walked hand,29.194211642533872
cove spied,26.046876532313423
along spied,22.074482018588945
Judas Priest,19.56227275978767
Judas Eternity,14.322346786799187
cove hand,13.681616292214308
wa known,12.972863867279834
Priest Lee,10.877015828472139
Priest Frankie,9.826604836433747
road Frankie,6.485816292509446
hand along,6.103721821369742
