NGRAM,VALUE,
pity poor immigrant,23838.160328966664
walked together hand,22933.85096485265
cove together hand,11599.330386244612
cove walked hand,11466.457632063235
along cove spied,9674.11676596065
Priest Frankie Lee,3253.239186658469
