NGRAM,VALUE,
dear landlord please,36078.33972184436
walk together hand,31416.221171618046
pity poor immigrant,21850.95550834063
cove walk hand,15713.026820148412
cove together hand,10624.960452894005
along cove spy,7811.936527111751
priest frankie lee,2366.339894961548
