NGRAM,VALUE,
piti poor immigr,23333.259163435145
walk togeth hand,22441.77653445015
cove togeth hand,11351.737897711253
cove walk hand,11220.310044508815
along cove spi,9475.22935071817
priest franki lee,3192.746199177712
