WORD,VALUE,
jingle-jangle,76.79841886175214
a-changin,76.79841886175214
bored,29.063299289961275
frozen,29.063299289961275
faithful,29.063299289961275
