WORD,VALUE,
black,157.27678069190404
white,134.08600883977266
better,124.90415213792336
old,121.1756313734749
mani,108.7569847977503
whole,100.3663582954448
free,92.64585643657092
readi,92.64585643657092
older,92.64585643657092
younger,92.64585643657092
hard,89.39067255984843
next,86.93132982558345
high,84.92890149584568
last,83.23148157068502
great,76.58292790096833
bad,76.58292790096833
true,76.58292790096833
poor,76.58292790096833
full,76.58292790096833
long,71.40575055911772
wrong,60.58781568673745
wide,60.58781568673745
real,60.58781568673745
complet,60.58781568673745
deep,57.9542198837223
sick,57.9542198837223
precious,44.69533627992421
rag,44.69533627992421
cold,44.69533627992421
dead,44.69533627992421
wild,44.69533627992421
phantom,44.69533627992421
wise,44.69533627992421
insan,44.69533627992421
dark,44.69533627992421
hot,42.46445074792284
constant,28.97710994186115
wet,28.97710994186115
broad,28.97710994186115
outsid,28.97710994186115
spanish,28.97710994186115
blind,28.97710994186115
clear,28.97710994186115
best,28.97710994186115
frozen,28.97710994186115
round,28.97710994186115
worth,28.97710994186115
silent,28.97710994186115
straight,28.97710994186115
