WORD,VALUE,
black,156.9805210262359
white,133.81939237930825
better,124.66714604716383
old,120.93863349159008
mani,108.54960549444505
whole,100.15900361876372
free,92.46810392071994
readi,92.46810392071994
older,92.46810392071994
younger,92.46810392071994
hard,89.21292825287216
next,86.75359372748191
high,84.75117360661886
last,83.05376189033296
great,76.43480217257162
bad,76.43480217257162
true,76.43480217257162
poor,76.43480217257162
full,76.43480217257162
long,71.25764124847046
wrong,60.46931674579504
wide,60.46931674579504
real,60.46931674579504
complet,60.46931674579504
deep,57.835729151654604
sick,57.835729151654604
precious,44.60646412643608
rag,44.60646412643608
cold,44.60646412643608
dead,44.60646412643608
wild,44.60646412643608
phantom,44.60646412643608
wise,44.60646412643608
insan,44.60646412643608
dark,44.60646412643608
hot,42.37558680330943
constant,28.917864575827302
wet,28.917864575827302
broad,28.917864575827302
outsid,28.917864575827302
spanish,28.917864575827302
blind,28.917864575827302
clear,28.917864575827302
best,28.917864575827302
frozen,28.917864575827302
round,28.917864575827302
worth,28.917864575827302
silent,28.917864575827302
straight,28.917864575827302
