WORD,VALUE,
neath,56.20459338777207
evers,29.063299289961275
