WORD,VALUE,
sad-eyed,28.728000985551507
hard,18.95919153576129
poor,10.515757321361095
insane,9.181288154150922
blue-eyed,7.1510246089074885
hungry,6.697091945513341
white,6.319730511920428
empty,5.487897288945552
complete,5.188577385035758
funny,3.658598192630369
frozen,3.3287629685816666
ragged,3.3287629685816666
fast,3.3287629685816666
naked,3.2864032417555005
loud,2.0958314363622663
proud,2.0958314363622663
fake,1.8292990963151845
drunk,1.8292990963151845
lovely,1.6432016208777502
a-goin,1.6432016208777502
countless,1.6432016208777502
bare,1.6432016208777502
mean,1.6432016208777502
a-cryin,1.6432016208777502
western,1.6432016208777502
nervous,1.6432016208777502
borderline,1.6432016208777502
prime,1.6432016208777502
silent,1.6432016208777502
awful,1.6432016208777502
moral,1.6432016208777502
useless,1.6432016208777502
