WORD,VALUE,
sad-eyed,28.659583003315348
hard,18.828838298601816
poor,10.461364612678757
insane,9.155169306415608
blue-eyed,7.129605665005602
hungry,6.665195687338748
white,6.276279432867275
empty,5.458081606036208
complete,5.1718583449673
funny,3.6387210706908037
frozen,3.316743832346634
ragged,3.316743832346634
fast,3.316743832346634
naked,3.2717647769522924
loud,2.0832735468243087
proud,2.0832735468243087
fake,1.8193605353454019
drunk,1.8193605353454019
lovely,1.6358823884761462
a-goin,1.6358823884761462
countless,1.6358823884761462
bare,1.6358823884761462
mean,1.6358823884761462
a-cryin,1.6358823884761462
western,1.6358823884761462
nervous,1.6358823884761462
borderline,1.6358823884761462
prime,1.6358823884761462
silent,1.6358823884761462
awful,1.6358823884761462
moral,1.6358823884761462
useless,1.6358823884761462
