WORD,VALUE,
man,20.233796491763364
mr.,18.181879124827837
queen,18.181879124827837
franki,18.181879124827837
eden,15.377591965682605
jane,14.153878080738684
lee,13.507207257894002
york,13.251379236650353
memphi,12.187387734570933
jone,11.153139910035293
though,9.090939562413919
mister,8.385952095432291
highway,7.076939040369342
daddi,6.574406892882496
new,6.471620487744781
william,4.847100494903188
sweet,3.5899382432618747
tom,3.287203446441248
south,3.287203446441248
sayin,3.287203446441248
sooner,3.287203446441248
blue,3.2358102438723906
stay,2.3359687330085426
make,1.7949691216309374
right,1.7949691216309374
hang,1.7949691216309374
dakota,1.6179051219361953
black,1.6179051219361953
pretti,1.6179051219361953
thought,1.6179051219361953
cadillac,1.6179051219361953
