WORD,VALUE,
man,20.57093646197583
mr.,18.491189896079845
queen,18.491189896079845
frankie,18.491189896079845
eden,15.615734948189989
jane,14.407530454069786
lee,13.776369022048815
york,13.461693020197275
memphis,12.413210908941577
jones,11.335624494621761
though,9.245594948039923
mister,8.556116871882015
highway,7.203765227034893
stay,7.203765227034893
william,7.203765227034893
daddy,6.716742470371764
new,6.644974846881483
blue,5.22975182740157
sweet,3.7076342044776602
tom,3.358371235185882
south,3.358371235185882
sayin,3.358371235185882
sooner,3.358371235185882
make,1.8538171022388301
right,1.8538171022388301
hang,1.8538171022388301
dakota,1.6612437117203707
black,1.6612437117203707
pretty,1.6612437117203707
thought,1.6612437117203707
cadillac,1.6612437117203707
