WORD,VALUE,
ask,20.3681076397475
blowin,15.565732155107279
flash,13.37425387478509
lookin,12.574988618173602
send,10.198382755847513
speak,9.322565750455217
scream,9.181288154150922
point,9.181288154150922
fear,9.181288154150922
happen,9.146495481575926
steal,8.692626137010066
gaze,8.485334162911991
stick,7.83064456956
hopin,7.1510246089074885
jump,6.87338117305333
hand,6.657525937163333
blame,6.657525937163333
hide,6.63472433159763
spy,6.534731345727517
shout,6.534731345727517
spend,6.008585030862276
bust,5.188577385035758
ache,5.188577385035758
dyin,5.188577385035758
complain,5.188577385035758
stare,5.188577385035758
pity,5.188577385035758
carry,5.078924663077567
feelin,5.063390001870363
leavin,4.91395651598516
bow,4.91395651598516
criticize,3.658598192630369
ruin,3.3287629685816666
lock,3.3287629685816666
listenin,3.3287629685816666
stab,3.3287629685816666
fix,3.3287629685816666
crow,3.3287629685816666
peek,3.3287629685816666
havin,3.3287629685816666
discover,3.3287629685816666
tellin,3.3287629685816666
lend,3.3287629685816666
laugh,3.317362165798815
decide,3.2864032417555005
crack,3.2864032417555005
light,3.2864032417555005
warn,3.2864032417555005
return,2.6925999272046255
stumble,2.3883656591781723
expect,2.3883656591781723
act,2.3883656591781723
yell,2.0958314363622663
realize,2.0958314363622663
crash,2.0958314363622663
sayin,2.0958314363622663
kneel,1.8292990963151845
exist,1.8292990963151845
rob,1.8292990963151845
refuse,1.8292990963151845
depend,1.8292990963151845
swallow,1.8292990963151845
lean,1.8292990963151845
promise,1.8292990963151845
wind,1.8292990963151845
face,1.8292990963151845
swing,1.8292990963151845
block,1.6432016208777502
define,1.6432016208777502
nail,1.6432016208777502
click,1.6432016208777502
invite,1.6432016208777502
leap,1.6432016208777502
employ,1.6432016208777502
long,1.6432016208777502
watchin,1.6432016208777502
bless,1.6432016208777502
ease,1.6432016208777502
clean,1.6432016208777502
baffle,1.6432016208777502
cool,1.6432016208777502
spin,1.6432016208777502
memorize,1.6432016208777502
place,1.6432016208777502
ramble,1.6432016208777502
wink,1.6432016208777502
