WORD,VALUE,
ask,18.194448451725183
comes,16.441464598730818
chimes,13.461693020197275
lookin,13.433484940743528
spied,11.335624494621761
send,9.903603292325496
flashing,9.245594948039923
gazed,9.245594948039923
criticize,9.245594948039923
spend,9.245594948039923
happening,8.556116871882015
met,7.94166842341664
hide,7.4152684089553205
puts,7.203765227034893
fear,5.22975182740157
sends,5.22975182740157
stole,4.983731135161112
comin,4.961606873431993
jumped,4.961606873431993
blame,4.961606873431993
ran,4.851670990527738
saying,4.022232171834549
passed,3.7076342044776602
neath,3.7076342044776602
watch,3.6974174384022565
taken,3.4792506832929293
protect,3.4792506832929293
heed,3.4792506832929293
steal,3.4792506832929293
wandering,3.358371235185882
knocked,3.358371235185882
wears,3.358371235185882
lit,3.358371235185882
warn,3.358371235185882
calls,3.3224874234407413
started,3.0535263992110764
takes,3.0535263992110764
happened,2.425835495263869
threw,2.425835495263869
stood,2.425835495263869
staying,2.425835495263869
wondering,2.12682535736694
kept,2.12682535736694
cast,2.12682535736694
sat,2.12682535736694
taught,2.12682535736694
feels,1.8538171022388301
prayed,1.8538171022388301
exist,1.8538171022388301
struck,1.8538171022388301
hid,1.8538171022388301
loves,1.8538171022388301
understood,1.8538171022388301
sound,1.8538171022388301
block,1.6612437117203707
define,1.6612437117203707
spin,1.6612437117203707
pound,1.6612437117203707
hears,1.6612437117203707
fix,1.6612437117203707
wore,1.6612437117203707
decided,1.6612437117203707
fed,1.6612437117203707
swallowed,1.6612437117203707
treated,1.6612437117203707
wasted,1.6612437117203707
wishing,1.6612437117203707
kick,1.6612437117203707
scorn,1.6612437117203707
led,1.6612437117203707
bowed,1.6612437117203707
baffled,1.6612437117203707
refuse,1.6612437117203707
lend,1.6612437117203707
fallen,1.6612437117203707
talks,1.6612437117203707
returned,1.6612437117203707
complain,1.6612437117203707
dreamt,1.6612437117203707
returning,1.6612437117203707
bringing,1.6612437117203707
