WORD,VALUE,
broken,263.06317857517257
handi,254.67809864424075
mani,202.67668579320156
whole,191.73384657466104
littl,185.366271822089
long,160.7283947765894
black,150.7941277939026
cold,150.7941277939026
last,139.04788582912846
closer,133.53953545970435
sick,129.81078528417297
true,116.31291652792329
wrong,116.31291652792329
high,107.92160179236903
full,99.1223365751359
dark,81.97995644792535
old,79.0112372841852
low,79.0112372841852
white,76.8023202839089
big,64.90539264208648
dead,64.90539264208648
bad,64.90539264208648
deep,62.27156742798841
late,47.93346164366526
wide,47.93346164366526
beauti,47.93346164366526
free,47.93346164366526
tire,45.702346700580954
sweet,45.702346700580954
frail,31.135783713994204
past,31.135783713994204
clear,31.135783713994204
real,31.135783713994204
less,31.135783713994204
thick,31.135783713994204
blind,31.135783713994204
