WORD,VALUE,
wiggle,806.406055459358
teardrop,62.43071614163079
