WORD,VALUE,
saw,61.78798121056211
weep,37.599212995058146
rumble,24.24677628897823
