WORD,VALUE,
see,502.64672575892394
look,340.4608249632314
want,317.8680756344168
turn,306.514211715781
live,305.81606374589984
hear,266.24362053464756
ring,253.8948564881167
tri,233.85654404195952
left,231.89481608929785
feel,228.10781556335527
think,202.82883580027686
let,193.42516077536217
fall,184.79189650238976
tell,167.54890858630796
gone,150.32418589241584
stand,150.32418589241584
cri,150.32418589241584
walk,138.57797784951805
bound,126.51048849087402
thought,122.07886469182434
seen,115.94740804464892
wait,115.94740804464892
need,115.94740804464892
went,115.94740804464892
give,115.94740804464892
talk,112.44134809224103
wonder,112.44134809224103
broken,109.75910268470783
die,109.75910268470783
dress,98.80904480096777
made,98.80904480096777
hang,95.55363999363144
keep,95.55363999363144
close,93.09407632875264
fell,81.7188813828634
play,81.7188813828634
wish,81.7188813828634
begin,78.75017069959235
saw,76.54126217978512
read,76.54126217978512
rememb,64.69653428613074
kill,64.69653428613074
follow,64.69653428613074
born,64.69653428613074
matter,64.69653428613074
ride,64.69653428613074
watch,64.69653428613074
leav,64.69653428613074
miss,64.69653428613074
ask,64.69653428613074
hold,64.69653428613074
took,64.69653428613074
hit,62.06271755250175
love,62.06271755250175
sleep,62.06271755250175
listen,62.06271755250175
doe,47.77681999681572
torn,47.77681999681572
sit,47.77681999681572
seem,47.77681999681572
drift,47.77681999681572
sing,47.77681999681572
understand,45.545713534200516
bring,45.545713534200516
use,45.545713534200516
told,45.545713534200516
win,31.031358776250876
thank,31.031358776250876
linger,31.031358776250876
press,31.031358776250876
spoken,31.031358776250876
drag,31.031358776250876
found,31.031358776250876
protect,31.031358776250876
pray,31.031358776250876
becom,31.031358776250876
suffer,31.031358776250876
shake,31.031358776250876
flow,31.031358776250876
whisper,31.031358776250876
swing,31.031358776250876
pick,31.031358776250876
pull,31.031358776250876
throw,31.031358776250876
forget,31.031358776250876
met,31.031358776250876
write,31.031358776250876
haunt,31.031358776250876
remind,31.031358776250876
grab,31.031358776250876
happen,31.031358776250876
drum,31.031358776250876
shut,31.031358776250876
tie,31.031358776250876
