WORD,VALUE,
a-gonna,398.4697584975255
a-changin,77.13929148027299
