WORD,VALUE,
hard,447.4146193294849
mani,436.97773121582355
old,202.771591667083
white,199.10986516379012
young,198.45862779089282
last,177.45236905166917
dead,174.65942782458293
black,158.33759092603069
whole,132.48895740114298
cold,125.75279464210556
long,119.1418578956919
right,112.91295326339166
poor,109.49954343696024
better,109.49954343696024
younger,109.49954343696024
bad,93.28233121080861
older,93.28233121080861
wild,77.11331881023378
true,77.11331881023378
high,70.15630963451247
wrong,61.01212273103066
free,61.01212273103066
wide,61.01212273103066
insan,61.01212273103066
drunk,58.37849851241973
rise,56.45647663169583
next,56.45647663169583
full,45.01355945924517
dark,45.01355945924517
constant,45.01355945924517
real,45.01355945924517
littl,45.01355945924517
worth,45.01355945924517
deep,42.78264551164802
wet,29.189249256209866
precious,29.189249256209866
rag,29.189249256209866
broad,29.189249256209866
golden,29.189249256209866
spanish,29.189249256209866
blind,29.189249256209866
warm,29.189249256209866
best,29.189249256209866
clear,29.189249256209866
differ,29.189249256209866
round,29.189249256209866
silent,29.189249256209866
straight,29.189249256209866
torn,29.189249256209866
bigger,29.189249256209866
