WORD,VALUE,
plow,97.93494985781714
chime,85.15923526713851
disgrace,69.16679549458038
freight,66.7098724761647
farewell,59.728083869345426
lonesome,54.555745959193416
hang,42.55367456816432
heed,34.58339774729019
rambling,34.58339774729019
hater,34.58339774729019
sorrow,32.35493193113812
coyote,22.23662415872157
shatter,22.23662415872157
doorway,22.23662415872157
gambler,22.23662415872157
cavalry,22.23662415872157
