WORD,VALUE,
corrina,138.1518859312134
evers,29.199637512345348
