WORD,VALUE,
lord,552.0514888425595
jesus,223.70730966474244
new,190.85502766250124
god,166.2113350873325
corrina,138.1051353957695
honey,109.49954343696024
oxford,109.49954343696024
york,105.9936759995704
highway,93.28233121080861
rita,93.28233121080861
orlean,90.02711891849034
william,77.11331881023378
though,74.14480064198078
toll,45.01355945924517
john,45.01355945924517
clay,42.78264551164802
holli,29.189249256209866
way,29.189249256209866
black,29.189249256209866
street,29.189249256209866
russian,29.189249256209866
colorado,29.189249256209866
lookin,29.189249256209866
indian,29.189249256209866
german,29.189249256209866
