WORD,VALUE,
gaze,85.15923526713851
saw,81.65581596119375
crow,34.58339774729019
jerk,22.23662415872157
