WORD,VALUE,
mighty,76.76092073067565
fine,38.380460365337825
