WORD,VALUE,
alberta,287.32087649680966
locust,228.0223710369456
peggy,121.83242766178569
quinn,119.2812717775329
minstrel,78.76281238366946
pigeon,38.380460365337825
toil,26.254270794556483
brighton,26.254270794556483
