WORD,VALUE,
alberta,287.6651712788425
locust,228.29780313611653
peggy,121.98734074980965
quinn,119.43617554941834
minstrel,78.86607845954691
pigeon,38.4320887452073
toil,26.288692819848972
brighton,26.288692819848972
