WORD,VALUE,
alberta,360.6396421630345
father,195.89018729639784
heaven,173.5269758126827
knock,134.58167641235616
day,112.73838824886246
tomorrow,68.73219343118703
love,48.57229493220469
bell,33.04912316446381
littl,33.04912316446381
three,33.04912316446381
minnesota,33.04912316446381
