WORD,VALUE,
alberta,287.32087649680966
heaven,136.31929800374704
peggy,121.83242766178569
quinn,119.2812717775329
brighton,26.254270794556483
