WORD,VALUE,
frankie,71.51000004252766
juda,71.05436718075651
lee,70.27438747245503
landlord,20.07517422187392
drifter,12.574739010080744
