WORD,VALUE,
juda,74.91340328123984
franki,71.2501370684968
lee,70.03530475022717
alright,12.531303514975662
