WORD,VALUE,
frankie,71.51000004252766
juda,71.05436718075651
lee,70.27438747245503
whose,23.260695875792734
