WORD,VALUE,
frankie,71.33859060152463
judas,70.91037387460035
lee,70.11668609887543
whose,23.203641688695555
