WORD,VALUE,
gon,11.962999109194678
may,10.444965921905613
jack,5.36635667593261
god,4.7443656410154915
well,2.0945660325267212
everything,1.5943013822592276
mary,1.507178590266858
west,1.507178590266858
sure,1.507178590266858
city,0.9853980314907813
late,0.9853980314907813
east,0.9853980314907813
baby,0.7204094563986887
lord,0.5421284442080543
jesus,0.5403070922990201
'd,0.5314337940864091
joe,0.5314337940864091
winter,0.5314337940864091
today,0.5314337940864091
made,0.5314337940864091
titanic,0.5314337940864091
john,0.46100443323938345
st.,0.36020472819934435
street,0.3531041465216991
standin,0.18010236409967217
bridge,0.18010236409967217
unto,0.18010236409967217
tryin,0.18010236409967217
mississippi,0.18010236409967217
far,0.18010236409967217
california,0.18010236409967217
let,0.10571550521625261
little,0.05742684675327009
lookin,0.024640718950111606
love,0.011162516279176138
king,0.009072008589341096
ai,0.006048005726229155
said,0.006048005726229155
boy,0.0030240028631145777
president,0.0030240028631145777
romeo,0.0030240028631145777
georgia,0.0030240028631145777
shake,0.0030240028631145777
true,0.0030240028631145777
