NGRAM,VALUE,
piti poor immigr,45.82234491178837
walk togeth hand,45.75065727979932
cove togeth hand,41.75065727979932
cove walk hand,41.75065727979932
along cove spi,40.253075220673324
priest franki lee,32.592630811019376
