NGRAM,VALUE,
walk together hand,47.70456156560516
pity poor immigrant,45.436399194709594
cove walk hand,43.70456156560516
cove together hand,41.364711562720544
along cove spy,39.09654919182496
dear landlord please,37.53330867636734
juda priest frankie,24.111515111370103
