NGRAM,VALUE,
walk together hand,47.675452949098386
pity poor immigrant,45.407290578202804
cove walk hand,43.675452949098386
cove together hand,41.335602946213754
along cove spy,39.06744057531818
dear landlord please,37.51147721398725
judas priest frankie,24.089683648990018
