NGRAM,VALUE,
piti poor immigr,45.92033327756052
walk togeth hand,45.84864564557147
cove togeth hand,41.84864564557148
cove walk hand,41.84864564557148
along cove spi,40.351063586445484
priest franki lee,32.69061917679154
