WORD,VALUE,
bit,25.17962215195167
bottom,22.42813992293819
boot,21.55614224248365
meet,20.836471375277135
shoe,15.26830628849391
line,12.426445548375089
blue,11.762995156464939
brand,9.86773423825176
rail,6.658328690625979
creek,6.658328690625979
gut,6.658328690625979
rice,6.658328690625979
bandit,6.658328690625979
bean,6.658328690625979
wage,6.658328690625979
listenin,5.989490458824114
haul,5.989490458824114
sailin,5.989490458824114
sinkin,5.989490458824114
spine,5.989490458824114
haze,5.989490458824114
hill,5.5325444681205935
vine,5.494905295772426
hunger,5.494905295772426
barn,5.494905295772426
mist,5.494905295772426
weapon,5.494905295772426
starlight,5.494905295772426
frost,5.102952940138373
thinkin,5.102952940138373
eve,5.102952940138373
battl,5.102952940138373
feet,5.091777058454972
realiti,4.7788169058760275
steel,4.502880697190489
hall,4.502880697190489
edg,4.051059640223962
month,4.051059640223962
path,3.6901713454645204
suit,3.6901713454645204
gettin,3.6901713454645204
shelf,3.6901713454645204
crime,3.6901713454645204
dime,3.534069155104152
weep,3.390828834344539
sittin,3.2586078811124883
kitchen,3.2586078811124883
rest,3.0216099294726493
work,2.9146528447401447
power,2.630404735005768
prayer,2.545888529227486
stori,2.465706023014354
thought,2.465706023014354
sun,2.449065997030901
wife,2.316880452040142
call,2.247617020421493
life,2.1334663846881745
dark,1.943271552677391
knee,1.8895021453034255
tryin,1.8377498841813882
memori,1.787892460055027
hors,1.787892460055027
bird,1.7398183621860497
tomorrow,1.6053181351525063
look,1.5634383951578381
arm,1.5634383951578381
town,1.56250194796971
father,1.240097406070432
sea,1.1791243952686998
star,1.1498796435550154
song,1.121419359414144
day,1.009438915977233
soul,0.9898859600979706
money,0.9898859600979706
sky,0.7910815082621401
someon,0.7337863849853781
nobodi,0.6633105076224366
end,0.6466703058032786
street,0.5124625878750744
morn,0.49912353471110826
place,0.4022001782336162
way,0.36970645884815156
peopl,0.20794310258827609
night,0.15750777018714657
home,0.04965890922532745
eye,0.0082826157186702
