WORD,VALUE,
bit,25.167846677547395
boot,22.416444982863407
bottom,22.416444982863407
Meet,20.827599502309173
shoe,15.257030126932545
line,12.773628592476978
blue,12.652119992471107
brand,9.861943142245025
eve,6.655376768591961
rail,6.655376768591961
creek,6.655376768591961
haul,6.655376768591961
gut,6.655376768591961
Starlight,6.655376768591961
rice,6.655376768591961
bandit,6.655376768591961
bean,6.655376768591961
wage,6.655376768591961
vine,5.986554643655995
listenin,5.986554643655995
hunger,5.986554643655995
Money,5.986554643655995
sailin,5.986554643655995
thinkin,5.986554643655995
sinkin,5.986554643655995
spine,5.986554643655995
haze,5.986554643655995
hill,5.9290936766133076
frost,5.491985587470207
barn,5.491985587470207
mist,5.491985587470207
weapon,5.491985587470207
reality,5.100049338702053
battle,5.100049338702053
steel,4.5000093094859706
hall,4.5000093094859706
foot,4.357735050278235
edge,4.048220466251245
month,4.048220466251245
suit,3.858659814642593
call,3.858659814642593
path,3.687364385223603
crime,3.687364385223603
dime,3.531278301729134
shelf,3.531278301729134
dark,3.3880540878354184
work,3.3880540878354184
kitchen,3.3880540878354184
weep,3.3880540878354184
sittin,3.255849241469271
Someone,3.133190988947259
rest,3.018883503561236
tomorrow,2.9119425256946214
thought,2.717010422701554
power,2.627742736557952
sun,2.6047206745094607
prayer,2.543242637645566
father,2.543242637645566
story,2.4630762382983415
Look,2.314282881055927
tryin,2.1788675251391174
wife,2.1788675251391174
bird,2.1155505289237935
life,2.0254919412280294
memory,1.8870173223805202
knee,1.8870173223805202
town,1.7881822122303297
horse,1.7854398508639202
arm,1.561066320296221
sea,1.176929495931988
star,1.176929495931988
song,1.176929495931988
day,1.1583397486611915
soul,1.0127459706140147
nobody,0.8940911061151648
sky,0.8296179906390553
street,0.6958866381067788
end,0.6614860662014073
morning,0.5671037428152161
way,0.43445222997710675
place,0.41188620935680875
people,0.358202489482111
night,0.24509225726755668
home,0.05479872261746915
eye,0.010211716590062175
