WORD,VALUE,
Meet,20.827599502309173
Money,5.986554643655995
