WORD,VALUE,
Sing,28.41606572876697
Bring,25.167846677547395
fight,20.7626635226882
hang,15.434639258570371
sleep,7.215161390959167
compete,6.655376768591961
fret,6.655376768591961
Meet,6.655376768591961
trod,6.655376768591961
waste,5.986554643655995
forced,5.986554643655995
finding,5.986554643655995
hurry,5.986554643655995
rob,5.986554643655995
kick,5.491985587470207
spared,5.491985587470207
lift,4.775929411305608
woke,4.5000093094859706
forgotten,4.26012818666001
'd,4.26012818666001
feed,4.26012818666001
shut,4.048220466251245
save,4.048220466251245
win,3.687364385223603
stole,3.687364385223603
pray,3.687364385223603
burned,3.531278301729134
leaving,3.255849241469271
hope,3.133190988947259
wa,3.0823424749407433
rise,3.018883503561236
getting,2.9119425256946214
want,2.7728906112864635
sit,2.1788675251391174
lose,2.1155505289237935
worry,2.1155505289237935
trying,1.8870173223805202
forget,1.7854398508639202
mean,1.6029299534249781
Tell,1.561066320296221
told,1.3023603372547303
work,1.269652673419545
saw,0.8296179906390553
live,0.8296179906390553
stay,0.8296179906390553
believe,0.7696141511795298
remember,0.7136850163292221
put,0.4233348666033674
keep,0.3382979019193174
give,0.2921463376096364
love,0.2354400102644122
hear,0.20000898026823033
think,0.1063017639462267
went,0.10192412610741564
see,0.005578676323452575
gone,3.7348191005655285e-05
