WORD,VALUE,
fight,16.86096523476653
bring,11.477458763567054
hang,9.92529169311636
sing,9.383311395463737
meet,8.75101209249554
compete,6.608950528513239
fret,6.608950528513239
sailin,5.940384963928998
spoil,5.940384963928998
punch,5.940384963928998
tread,5.940384963928998
spar,5.446072468094934
hurry,5.446072468094934
force,5.054392779678507
spin,5.054392779678507
sleep,4.766663203878588
rob,4.454865871165872
kick,4.215241308691633
forget,4.151076595276365
fee,4.003590148634593
sit,3.858148793389125
waste,3.643247188310399
shut,3.643247188310399
lift,3.0901000334409536
sink,3.0901000334409536
weep,2.674945708602143
hope,2.501691044249612
win,2.421781205254105
save,2.273500968715142
steal,2.1385987335017793
want,2.107212777707548
pray,1.8480313325017983
worry,1.8480313325017983
buy,1.8480313325017983
listen,1.6530454994136552
rise,1.5238762528795626
wake,1.2669661923001563
guess,1.2669661923001563
mean,1.0052524867140928
try,0.9965161381404943
work,0.862545366436462
burn,0.7988419320155162
saw,0.7024042592358493
think,0.5599074147255008
believe,0.540176089467528
remember,0.4848978031722817
lose,0.4106711774975753
stay,0.3162448952544338
tell,0.21207236731732504
live,0.20931424178917535
put,0.19549976510268596
keep,0.10603618365866252
find,0.09720855049250943
see,0.08577929331246525
hear,0.008453642050500365
leave,0.006117934545862513
love,0.00432401509025232
give,0.00432401509025232
