NGRAM,VALUE,
dear landlord,0.14285714285714285
piti immigr,0.14285714285714285
tom pain,0.14285714285714285
franki lee,0.13580246913580246
along cove,0.13043478260869565
piti poor,0.125
poor immigr,0.125
cove spi,0.1
'm sorri,0.09090909090909091
along spi,0.09090909090909091
togeth hand,0.09090909090909091
walk hand,0.09090909090909091
juda priest,0.0847457627118644
cove hand,0.07142857142857142
priest lee,0.0625
juda etern,0.061224489795918366
priest franki,0.058823529411764705
hand along,0.04918032786885246
road franki,0.046153846153846156
