NGRAM,VALUE,
Dear landlord,0.14285714285714285
Tom Paine,0.14285714285714285
pity immigrant,0.14285714285714285
Frankie Lee,0.13580246913580246
along cove,0.13043478260869565
pity poor,0.125
poor immigrant,0.125
cove spied,0.1
along spied,0.09090909090909091
together hand,0.09090909090909091
walked hand,0.09090909090909091
Judas Priest,0.0847457627118644
cove hand,0.07142857142857142
Priest Lee,0.0625
Judas Eternity,0.061224489795918366
Priest Frankie,0.058823529411764705
hand along,0.04918032786885246
wa known,0.047619047619047616
road Frankie,0.046153846153846156
