NGRAM,VALUE,
pity poor immigrant,0.07407407407407407
walked together hand,0.05555555555555555
along cove spied,0.05128205128205128
cove together hand,0.045454545454545456
cove walked hand,0.044444444444444446
Priest Frankie Lee,0.031007751937984496
