WORD,VALUE,
older,15.396480170442615
younger,12.531489808133887
complet,9.218296014123176
roll,9.218296014123176
nake,6.974893725521779
rag,6.265744904066944
restless,6.265744904066944
countless,3.4874468627608897
bare,3.4874468627608897
spanish,3.4874468627608897
nervous,3.4874468627608897
phoni,3.4874468627608897
silent,3.4874468627608897
