WORD,VALUE,
complete,9.249367302936005
naked,7.004198109887797
ragged,6.288606644564862
proud,5.470631254726615
countless,3.5020990549438986
bare,3.5020990549438986
mean,3.5020990549438986
a-cryin,3.5020990549438986
nervous,3.5020990549438986
phony,3.5020990549438986
silent,3.5020990549438986
