WORD,VALUE,
older,15.484318902718801
younger,12.616067616865113
complet,9.27576819445898
roll,9.27576819445898
nake,7.029104982312624
rag,6.3080338084325565
restless,6.3080338084325565
countless,3.514552491156312
bare,3.514552491156312
spanish,3.514552491156312
nervous,3.514552491156312
phoni,3.514552491156312
silent,3.514552491156312
