WORD,VALUE,
older,15.47783122465088
younger,12.60981972231978
complete,9.271523003587896
rolling,9.271523003587896
naked,7.025099574964128
ragged,6.30490986115989
bare,3.512549787482064
Spanish,3.512549787482064
nervous,3.512549787482064
phony,3.512549787482064
silent,3.512549787482064
