WORD,VALUE,
Row,28.405290422443038
farm,25.21963944463956
Eden,25.133668875437895
Jane,24.68153790686707
Queen,19.518903150335394
Jones,18.663093321445036
factory,18.663093321445036
pawn,18.663093321445036
freedom,18.543046007175793
Mister,15.544426674042349
disgrace,15.47783122465088
Daddy,15.47783122465088
ship,14.087142224901452
kitchen,14.050199149928256
food,14.050199149928256
Highway,12.340768953433535
farewell,12.340768953433535
William,12.340768953433535
sister,11.433983942313702
hole,10.53764936244619
picture,10.53764936244619
rat,9.759451575167697
Though,9.759451575167697
sailor,9.759451575167697
blanket,9.759451575167697
dyin,9.271523003587896
Blue,9.271523003587896
pa,7.025099574964128
War,7.025099574964128
diamond,6.545362147673694
rag,6.545362147673694
South,6.30490986115989
sail,6.30490986115989
bail,6.30490986115989
fortune,6.30490986115989
start,6.30490986115989
unknown,5.4902784842273835
society,4.4611967035499
question,4.4611967035499
heel,4.4611967035499
shotgun,4.4611967035499
strength,4.4611967035499
neath,4.4611967035499
loser,4.4611967035499
standing,4.4611967035499
bullet,4.4611967035499
monkey,4.4611967035499
school,4.4611967035499
clown,4.4611967035499
fist,4.4611967035499
youth,3.512549787482064
respect,3.512549787482064
ruin,3.512549787482064
sleeve,3.512549787482064
a-cryin,3.512549787482064
a-bleedin,3.512549787482064
roar,3.512549787482064
Dakota,3.512549787482064
Black,3.512549787482064
deputy,3.512549787482064
sheriff,3.512549787482064
coast,3.512549787482064
wedding,3.512549787482064
circus,3.512549787482064
penny,3.512549787482064
claw,3.512549787482064
club,3.512549787482064
drag,3.512549787482064
shape,3.512549787482064
Stead,3.512549787482064
Pretty,3.512549787482064
tennis,3.512549787482064
court,3.512549787482064
fame,3.512549787482064
shower,3.512549787482064
map,3.512549787482064
politics,3.512549787482064
confusion,3.512549787482064
store,3.512549787482064
uncle,3.512549787482064
lagoon,3.512549787482064
frame,3.512549787482064
artist,3.512549787482064
medicine,3.512549787482064
Better,3.512549787482064
station,3.512549787482064
cloak,3.512549787482064
