WORD,VALUE,
row,31.707271087697848
farm,25.232135233730226
eden,25.14352028430106
jane,24.692270775806076
jone,18.670702243111375
factori,18.670702243111375
pawn,18.670702243111375
food,16.759341455169714
disgrac,15.484318902718801
freedom,14.058209964625249
mister,13.256703926135529
kitchen,12.3987930729287
farewel,12.346135387903038
hole,10.543657473468937
pictur,10.543657473468937
rat,9.764578226114615
though,9.764578226114615
sailor,9.764578226114615
blanket,9.764578226114615
william,9.764578226114615
dyin,9.27576819445898
south,7.029104982312624
school,7.029104982312624
diamond,6.550009231575433
toll,6.550009231575433
bail,6.3080338084325565
coast,6.3080338084325565
start,6.3080338084325565
outsid,5.494044108053295
unknown,5.494044108053295
societi,4.4640808672999786
question,4.4640808672999786
heel,4.4640808672999786
shotgun,4.4640808672999786
carryin,4.4640808672999786
guard,4.4640808672999786
strength,4.4640808672999786
fortun,4.4640808672999786
loser,4.4640808672999786
monkey,4.4640808672999786
clown,4.4640808672999786
fist,4.4640808672999786
youth,3.514552491156312
respect,3.514552491156312
ruin,3.514552491156312
sleev,3.514552491156312
a-cryin,3.514552491156312
a-bleedin,3.514552491156312
roar,3.514552491156312
dakota,3.514552491156312
deputi,3.514552491156312
bay,3.514552491156312
circus,3.514552491156312
penni,3.514552491156312
pound,3.514552491156312
claw,3.514552491156312
princess,3.514552491156312
christ,3.514552491156312
club,3.514552491156312
drag,3.514552491156312
shape,3.514552491156312
pretti,3.514552491156312
tenni,3.514552491156312
court,3.514552491156312
shower,3.514552491156312
second,3.514552491156312
map,3.514552491156312
polit,3.514552491156312
equal,3.514552491156312
confus,3.514552491156312
store,3.514552491156312
lagoon,3.514552491156312
frame,3.514552491156312
artist,3.514552491156312
medicin,3.514552491156312
better,3.514552491156312
station,3.514552491156312
cloak,3.514552491156312
