WORD,VALUE,
eden,25.01013172411431
jane,24.546959863194083
row,21.774919278281054
mr.,19.390367386707155
queen,19.390367386707155
jone,18.567680234864998
man,17.437234313804446
mister,15.452034727484683
daddi,12.531489808133887
highway,12.273479931597041
though,9.695183693353577
william,9.695183693353577
blue,6.974893725521779
south,6.265744904066944
dakota,3.4874468627608897
black,3.4874468627608897
pretti,3.4874468627608897
better,3.4874468627608897
