WORD,VALUE,
Eden,25.133668875437895
Jane,24.68153790686707
Row,21.884394397232867
Queen,19.518903150335394
Jones,18.663093321445036
Man,17.562748937410312
Mister,15.544426674042349
Daddy,15.47783122465088
Highway,12.340768953433535
William,12.340768953433535
Though,9.759451575167697
Blue,9.271523003587896
South,6.30490986115989
Dakota,3.512549787482064
Black,3.512549787482064
Pretty,3.512549787482064
Better,3.512549787482064
