WORD,VALUE,
eden,25.14352028430106
jane,24.692270775806076
row,21.893124562497622
queen,19.52915645222923
jone,18.670702243111375
man,17.572762455781554
mister,15.5517958121861
daddi,12.616067616865113
highway,12.346135387903038
though,9.764578226114615
william,9.764578226114615
blue,7.029104982312624
south,6.3080338084325565
dakota,3.514552491156312
black,3.514552491156312
pretti,3.514552491156312
better,3.514552491156312
