WORD,VALUE,
row,28.348019817449973
man,28.348019817449973
eden,25.082250754501686
queen,24.625521537449565
jane,24.625521537449565
jones,18.623380168622557
mister,15.505967756795433
highway,12.312760768724782
william,12.312760768724782
war,7.004198109887797
blue,5.470631254726615
south,4.446147722530432
dakota,3.5020990549438986
spanish,3.5020990549438986
