WORD,VALUE,
lookin,20.11578956536863
gaze,15.452034727484683
chase,15.396480170442615
chime,13.160203764979075
flash,12.531489808133887
babe,12.531489808133887
complain,9.218296014123176
hand,8.850105772958651
critic,8.850105772958651
pound,7.876689618573943
scream,7.876689618573943
act,7.876689618573943
fire,6.974893725521779
accept,6.974893725521779
fix,6.265744904066944
crash,5.443093774807408
fear,5.443093774807408
taught,5.443093774807408
forsak,4.4250528864793255
swallow,4.4250528864793255
hid,4.4250528864793255
preach,4.4250528864793255
promis,4.4250528864793255
land,4.4250528864793255
block,3.4874468627608897
defin,3.4874468627608897
nail,3.4874468627608897
bust,3.4874468627608897
wore,3.4874468627608897
invit,3.4874468627608897
fed,3.4874468627608897
flip,3.4874468627608897
clean,3.4874468627608897
memor,3.4874468627608897
rattl,3.4874468627608897
