WORD,VALUE,
ready,83.17941197557562
pure,46.644143513269526
satisfied,14.57872347010038
grateful,12.129920019349544
solid,8.188622025775429
smooth,6.064960009674772
low-down,6.064960009674772
