WORD,VALUE,
readi,84.20240023797656
pure,46.31802148991289
unto,18.02418372268386
grate,12.016122481789239
satisfi,10.281849990051164
cool,8.104738183168067
solid,8.104738183168067
east,8.104738183168067
low-down,6.0080612408946195
