WORD,VALUE,
ready,83.82030083294387
pure,46.8995523289018
unto,18.328646683349803
Dead,14.670161228399342
grateful,12.21909778889987
satisfied,10.479636687287421
solid,8.254375358563856
east,8.254375358563856
True,8.254375358563856
low-down,6.109548894449935
