WORD,VALUE,
readi,83.5576605371476
pure,46.7949044444363
unto,18.273830188074605
grate,12.182553458716399
satisfi,10.444014796317502
solid,8.227428330533026
east,8.227428330533026
low-down,6.091276729358199
