WORD,VALUE,
wan,101.67856021915406
stop,95.21265834418128
serve,89.40406462552022
wake,84.16845355800075
ready,83.82030083294387
beginning,55.58406125552922
Trouble,51.605468002942914
pure,46.8995523289018
unto,36.657293366699605
thank,30.90818558114865
given,30.547744472249676
power,26.366812501218572
remain,20.959273374574842
pony,20.605457054099098
grace,20.605457054099098
healed,19.140226737166767
groom,19.140226737166767
Might,17.263096949917934
altar,16.354269348025227
Dead,14.670161228399342
Dust,14.670161228399342
grain,14.670161228399342
foundation,14.670161228399342
Rock,14.328114122347518
True,14.328114122347518
dare,12.730899898779812
risin,12.730899898779812
grateful,12.21909778889987
arise,12.21909778889987
crippled,12.21909778889987
drown,10.479636687287421
intend,10.302728527049549
Unto,10.302728527049549
infinity,10.302728527049549
Fools,8.254375358563856
solid,8.254375358563856
destruction,6.109548894449935
Sixteen,6.109548894449935
arrived,6.109548894449935
ghetto,6.109548894449935
confession,6.109548894449935
despair,6.109548894449935
Master,6.109548894449935
criminal,6.109548894449935
decay,6.109548894449935
afford,6.109548894449935
worker,6.109548894449935
keeping,6.109548894449935
loyalty,6.109548894449935
smooth,6.109548894449935
pace,6.109548894449935
vanity,6.109548894449935
blinded,6.109548894449935
womb,6.109548894449935
escaped,6.109548894449935
low-down,6.109548894449935
accident,6.109548894449935
lyin,6.109548894449935
