WORD,VALUE,
trouble,94.06857958100919
ready,83.61701244419716
stop,83.17255314268208
beginning,75.46747820049592
serve,71.11866272964433
shot,65.02469504333698
wake,59.40222226506795
pure,46.8185554052782
unto,46.74516467296537
thank,43.9234856078079
press,28.475025511640943
power,26.29223739139139
pony,20.562314782837163
grace,20.562314782837163
resent,19.103799154537647
groom,19.103799154537647
altar,16.31855530026237
satisfied,14.641161869269299
grain,14.641161869269299
foundation,14.641161869269299
dare,12.696612920749489
risin,12.696612920749489
grateful,12.19081196463609
arise,10.452064397889913
cripple,10.452064397889913
loyalty,10.281157391418581
infinity,10.281157391418581
intend,8.233517757799156
fools,8.233517757799156
solid,8.233517757799156
destruction,6.095405982318045
loved,6.095405982318045
ghetto,6.095405982318045
confuse,6.095405982318045
amuse,6.095405982318045
confession,6.095405982318045
despair,6.095405982318045
criminal,6.095405982318045
decay,6.095405982318045
mislead,6.095405982318045
afford,6.095405982318045
worker,6.095405982318045
smooth,6.095405982318045
voodoo,6.095405982318045
mercury,6.095405982318045
vanity,6.095405982318045
womb,6.095405982318045
capture,6.095405982318045
low-down,6.095405982318045
accident,6.095405982318045
