WORD,VALUE,
troubl,92.53664991046045
begin,74.60861516942067
shot,66.25077107687693
stop,62.233190037737934
power,27.182700170963397
poni,20.29580548355878
grace,20.29580548355878
bend,18.37677992532178
waitin,16.209476366336133
grain,14.461997311414336
foundat,14.461997311414336
ya,14.076989293396414
altar,14.076989293396414
doubt,12.484963679703082
stripe,12.016122481789239
unto,10.14790274177939
loyalti,10.14790274177939
infin,10.14790274177939
destruct,6.0080612408946195
ghetto,6.0080612408946195
confess,6.0080612408946195
despair,6.0080612408946195
crimin,6.0080612408946195
decay,6.0080612408946195
worker,6.0080612408946195
voodoo,6.0080612408946195
mortal,6.0080612408946195
mercuri,6.0080612408946195
vaniti,6.0080612408946195
womb,6.0080612408946195
accid,6.0080612408946195
lyin,6.0080612408946195
true,6.0080612408946195
haze,6.0080612408946195
