WORD,VALUE,
troubl,93.9961331668575
begin,75.42689241912007
shot,67.13093296173577
stop,62.959719457652085
power,26.270466569675
poni,20.54971811961035
grace,20.54971811961035
bend,18.661634878953077
grain,14.632694459002327
foundat,14.632694459002327
altar,14.282894929224954
stripe,12.182553458716399
unto,10.274859059805175
loyalti,10.274859059805175
infin,10.274859059805175
destruct,6.091276729358199
ghetto,6.091276729358199
confess,6.091276729358199
despair,6.091276729358199
crimin,6.091276729358199
decay,6.091276729358199
worker,6.091276729358199
voodoo,6.091276729358199
mortal,6.091276729358199
mercuri,6.091276729358199
vaniti,6.091276729358199
womb,6.091276729358199
accid,6.091276729358199
lyin,6.091276729358199
true,6.091276729358199
