WORD,VALUE,
rock,19.103799154537647
risin,19.103799154537647
