WORD,VALUE,
Rock,19.140226737166767
Might,17.263096949917934
Nothin,12.730899898779812
Unto,10.302728527049549
True,6.109548894449935
