WORD,VALUE,
rock,19.025364542105905
risin,19.025364542105905
