WORD,VALUE,
stop,82.6508153511035
serve,70.76776081730551
wake,61.70469772778554
thank,43.73617041030114
press,30.704145616537453
resent,19.025364542105905
dare,12.622817669964864
cripple,12.129920019349544
arise,10.392718906485737
intend,8.188622025775429
climb,8.188622025775429
confuse,6.064960009674772
amuse,6.064960009674772
mislead,6.064960009674772
afford,6.064960009674772
capture,6.064960009674772
