WORD,VALUE,
wake,78.24104537763179
serv,72.24471218666814
thank,43.38599193424301
press,30.443708225338163
given,30.040306204473094
rose,28.923994622828673
unto,20.29580548355878
crippl,12.016122481789239
aris,10.281849990051164
wink,6.0080612408946195
confus,6.0080612408946195
amus,6.0080612408946195
afford,6.0080612408946195
