WORD,VALUE,
slow,40.103215414585364
unkind,13.674331743006574
mighty,10.757558202810356
low,10.486163886073276
next,9.948249616508477
cool,6.507327718997262
unto,4.836005192238727
fine,4.172478804667254
fair,3.1298694140496957
different,3.1298694140496957
painted,2.2313986987899836
like,2.2313986987899836
vacant,2.2313986987899836
dumb,2.2313986987899836
