WORD,VALUE,
slow,47.0054428881581
lucki,11.366868698910082
unkind,10.66542401414397
simpl,10.66542401414397
mighti,7.376668112346529
ol,6.621691398021971
unto,6.621691398021971
differ,6.621691398021971
tini,4.243469200702185
unknown,4.243469200702185
close,4.243469200702185
quick,3.592448878723639
angri,3.0865631977691006
cool,3.0865631977691006
brief,2.606679399583389
asham,2.2072304660073243
fifth,2.2072304660073243
natur,2.2072304660073243
vacant,2.2072304660073243
ev'ri,2.2072304660073243
