WORD,VALUE,
slow,39.54343124240597
unkind,13.696758017748191
low,11.065234536013216
mighty,10.778830809427678
next,9.983780379890957
unknown,6.5196483039392
fine,5.8037718935225
ol',4.849387004198622
lost,4.2911886961939105
cool,3.1398826627430325
different,3.1398826627430325
secret,2.2369821571988013
swift,2.2369821571988013
safe,2.2369821571988013
vacant,2.2369821571988013
smooth,2.2369821571988013
dumb,2.2369821571988013
