WORD,VALUE,
slow,46.51766506665176
lucki,11.149623334896159
unkind,10.535186557898747
simpl,10.535186557898747
mighti,7.247381529519944
ol,6.519322767342467
unto,6.519322767342467
differ,6.519322767342467
cool,6.378510325614798
tini,4.1886824229893875
unknown,4.1886824229893875
close,4.1886824229893875
tire,4.022075823701389
quick,3.517949073609846
angri,3.0255223687288515
will,2.5590975466166803
brief,2.5590975466166803
fifth,2.1731075891141556
natur,2.1731075891141556
vacant,2.1731075891141556
ev'ri,2.1731075891141556
