WORD,VALUE,
slow,39.6523689713801
unkind,13.528820800062634
low,11.208635597481234
next,11.208635597481234
mighti,10.619599866921396
cool,6.427415440338571
unto,4.749331906261567
close,4.22419061728826
fine,4.0790445113716185
fair,3.065062349500953
differ,3.065062349500953
paint,2.195218862988124
like,2.195218862988124
vacant,2.195218862988124
dumb,2.195218862988124
unknown,2.195218862988124
