WORD,VALUE,
slow,39.744230671923
unkind,13.75954857978677
low,11.177301508302122
mighty,10.83840579477724
next,10.083419608778572
unknown,6.554150520808811
fine,5.862912315517274
ol',4.886887516079851
lost,4.316261464673866
cool,3.1679537262346056
different,3.1679537262346056
secret,2.252625477289098
swift,2.252625477289098
safe,2.252625477289098
vacant,2.252625477289098
smooth,2.252625477289098
dumb,2.252625477289098
