WORD,VALUE,
henri,75.24480036325252
may,33.32084106793852
jack,31.97346711294555
father,23.507351392744667
heaven,16.89676246915304
jim,15.986733556472775
babi,12.905323279498885
big,11.106947022646173
time,8.534193478654856
heavi,8.44838123457652
might,5.6451772755432135
lost,4.22419061728826
frisco,4.22419061728826
presid,2.195218862988124
mexico,2.195218862988124
san,2.195218862988124
true,2.195218862988124
