WORD,VALUE,
henri,51.329656023169235
mrs.,35.859286884289936
may,35.06834246003957
indian,26.301256845029684
father,26.133740595452743
billi,23.334700659946577
ann,18.535500181082377
heaven,11.744359040042164
johnni,10.66542401414397
call,10.66542401414397
dear,8.577495268107182
big,8.48693840140437
richard,8.48693840140437
heavi,8.48693840140437
jim,8.286059051671566
bay,6.968827995397714
ai,6.968827995397714
time,5.1614997597601695
diamond,4.633890868786054
might,4.633890868786054
hill,4.243469200702185
lost,4.243469200702185
summer,3.0865631977691006
bill,2.606679399583389
eskimo,2.606679399583389
pedro,2.2072304660073243
el,2.2072304660073243
presid,2.2072304660073243
america,2.2072304660073243
crazi,2.2072304660073243
true,2.2072304660073243
