WORD,VALUE,
henry,51.329656023169235
may,38.2888655150263
mrs.,35.859286884289936
father,26.133740595452743
billy,23.334700659946577
ann,16.04234704186032
heaven,11.744359040042164
johnny,10.66542401414397
call,10.66542401414397
mary,10.266301165907976
dear,8.577495268107182
big,8.48693840140437
richard,8.48693840140437
heavy,8.48693840140437
jim,8.286059051671566
time,7.376668112346529
bay,6.968827995397714
ai,6.968827995397714
diamond,4.633890868786054
might,4.633890868786054
hill,4.243469200702185
lost,4.243469200702185
eskimo,4.243469200702185
rolling,4.243469200702185
summer,3.0865631977691006
bill,2.606679399583389
pedro,2.2072304660073243
el,2.2072304660073243
president,2.2072304660073243
america,2.2072304660073243
crazy,2.2072304660073243
true,2.2072304660073243
