WORD,VALUE,
Henry,75.95128045628032
May,37.32372620220175
Jack,32.30822144169026
Father,23.74032722140227
Heaven,17.128946698074138
Jim,16.15411072084513
Baby,13.108088679936595
Big,11.230591744161698
Time,10.757558202810356
Heavy,8.564473349037069
King,6.694196096369949
Might,5.760477790267262
Lost,4.2822366745185345
Rolling,4.2822366745185345
Frisco,4.2822366745185345
President,2.2313986987899836
Mexico,2.2313986987899836
San,2.2313986987899836
True,2.2313986987899836
