WORD,VALUE,
wake,63.53696304019756
serv,62.554698916963105
sang,36.11817174744018
wan,23.870985636139686
pleas,22.92624612141985
stop,16.17237484818987
answer,13.038645534684933
remain,9.802890053087374
laid,9.563380342572556
hurt,8.685426753701826
dug,8.377364845978775
betray,8.377364845978775
rock,8.129854516697891
forgot,5.118195093233361
'd,4.696395005064562
unto,4.696395005064562
man,4.696395005064562
arriv,4.346215178228311
rush,4.346215178228311
behold,4.346215178228311
greet,4.1886824229893875
mirror,4.1886824229893875
hunt,4.1886824229893875
bend,4.1886824229893875
cook,4.1886824229893875
empti,4.1886824229893875
choos,4.1886824229893875
mention,4.1886824229893875
kinda,4.1886824229893875
offer,4.022075823701389
smell,3.0255223687288515
strand,3.0255223687288515
climb,3.0255223687288515
slow,2.5590975466166803
agre,2.5590975466166803
slumber,2.1731075891141556
hire,2.1731075891141556
cost,2.1731075891141556
forbidden,2.1731075891141556
griev,2.1731075891141556
divid,2.1731075891141556
spoil,2.1731075891141556
vote,2.1731075891141556
wink,2.1731075891141556
confus,2.1731075891141556
amus,2.1731075891141556
afford,2.1731075891141556
dine,2.1731075891141556
blink,2.1731075891141556
bore,2.1731075891141556
imagin,2.1731075891141556
