WORD,VALUE,
serv,65.57563432760512
wake,56.02711712494249
wan,39.74584034471198
sang,36.69518209386829
stop,26.80858394892887
pleas,23.485256991328484
shine,22.45125625712991
blow,14.604508375929132
gave,12.538485626970687
unto,8.842498381768323
remain,8.40899366602212
felt,6.781715712436712
offer,6.7021459872322175
behold,6.513175580787313
man,6.462526176160418
betray,4.468097324821478
climb,4.468097324821478
toil,4.286485587223937
bend,4.286485587223937
cook,4.286485587223937
empti,4.286485587223937
choos,4.286485587223937
explod,3.651127093982283
smell,3.1346214067426716
arriv,2.6441176022718813
pack,2.6441176022718813
sew,2.6441176022718813
part,2.234048662410739
mirror,2.234048662410739
wink,2.234048662410739
confus,2.234048662410739
amus,2.234048662410739
afford,2.234048662410739
gambl,2.234048662410739
dine,2.234048662410739
drew,2.234048662410739
blown,2.234048662410739
agre,2.234048662410739
bloom,2.234048662410739
