WORD,VALUE,
wake,53.10517963476781
serve,52.267481190905485
crying,33.75365558669495
sang,28.663126881450005
wan,24.47038550812158
please,23.8288223948897
answer,23.584765819316388
travel,21.647308514799363
shine,16.013862341854317
passes,13.577167305055458
stop,13.376293846323513
remain,12.785383186470497
stayed,9.166558784170263
betrayed,8.767085615009892
laid,8.742751735512893
hurts,8.577495268107182
dug,8.48693840140437
tearing,6.453961004147221
rock,6.173126395538201
stepped,5.213358799166778
forgot,5.213358799166778
save,5.213358799166778
unto,4.7780997349244405
man,4.7780997349244405
learned,4.633890868786054
begins,4.414460932014649
pack,4.414460932014649
changing,4.414460932014649
working,4.414460932014649
behold,4.414460932014649
delivered,4.414460932014649
shared,4.243469200702185
greet,4.243469200702185
slow,4.243469200702185
stripped,4.243469200702185
offered,4.243469200702185
emptied,4.243469200702185
kinda,4.243469200702185
'd,3.592448878723639
toil,3.0865631977691006
stranded,3.0865631977691006
grab,2.606679399583389
lifted,2.606679399583389
blowed,2.606679399583389
choose,2.606679399583389
laying,2.606679399583389
bothered,2.2072304660073243
part,2.2072304660073243
mirrors,2.2072304660073243
hired,2.2072304660073243
hunted,2.2072304660073243
sway,2.2072304660073243
wakes,2.2072304660073243
flowed,2.2072304660073243
forbidden,2.2072304660073243
happens,2.2072304660073243
arrive,2.2072304660073243
grieves,2.2072304660073243
arrived,2.2072304660073243
handing,2.2072304660073243
pulling,2.2072304660073243
aching,2.2072304660073243
afford,2.2072304660073243
hounded,2.2072304660073243
suffered,2.2072304660073243
drives,2.2072304660073243
pushed,2.2072304660073243
blink,2.2072304660073243
pour,2.2072304660073243
deceived,2.2072304660073243
promised,2.2072304660073243
escaped,2.2072304660073243
discovered,2.2072304660073243
