WORD,VALUE,
wake,64.16938816744128
serv,63.15300116731366
sang,28.663126881450005
wan,24.47038550812158
pleas,22.613717948306427
stop,14.796446412016131
answer,11.744359040042164
remain,9.979758488880673
laid,8.742751735512893
dug,8.48693840140437
betray,8.48693840140437
rock,8.286059051671566
forgot,5.213358799166778
unto,4.7780997349244405
man,4.7780997349244405
arriv,4.414460932014649
rush,4.414460932014649
behold,4.414460932014649
greet,4.243469200702185
mirror,4.243469200702185
hunt,4.243469200702185
bend,4.243469200702185
cook,4.243469200702185
empti,4.243469200702185
mention,4.243469200702185
kinda,4.243469200702185
offer,4.110034604888719
'd,3.592448878723639
smell,3.0865631977691006
strand,3.0865631977691006
climb,3.0865631977691006
slow,2.606679399583389
agre,2.606679399583389
choos,2.606679399583389
slumber,2.2072304660073243
hire,2.2072304660073243
cost,2.2072304660073243
forbidden,2.2072304660073243
griev,2.2072304660073243
divid,2.2072304660073243
spoil,2.2072304660073243
wink,2.2072304660073243
confus,2.2072304660073243
amus,2.2072304660073243
afford,2.2072304660073243
dine,2.2072304660073243
blink,2.2072304660073243
bore,2.2072304660073243
