WORD,VALUE,
wake,53.46966915378962
serve,52.43230018178668
wan,41.17525882684974
sang,36.670146843062476
cry,28.16882472644726
stop,25.993797622466552
please,25.04094086246778
shine,19.790830912759706
remain,12.91125459966852
gave,12.519477656198783
pass,11.230591744161698
move,9.672010384477455
unto,8.835051570893626
treat,7.468310794192444
knock,7.468310794192444
felt,6.771160712514652
throw,6.771160712514652
behold,6.507327718997262
man,6.45562729983426
blowing,6.259738828099391
Shine,5.782684169117876
delivered,4.462797397579967
Pull,4.2822366745185345
offered,4.2822366745185345
seemed,4.2822366745185345
choose,4.2822366745185345
climb,4.2822366745185345
telling,4.2822366745185345
Hold,4.2822366745185345
cause,4.2822366745185345
swear,3.645324086753199
save,3.645324086753199
lifted,2.6404166241150158
changing,2.6404166241150158
offer,2.6404166241150158
stopped,2.6404166241150158
travel,2.6404166241150158
end,2.6404166241150158
return,2.6404166241150158
singing,2.6404166241150158
part,2.2313986987899836
arrived,2.2313986987899836
stripped,2.2313986987899836
defeat,2.2313986987899836
betrayed,2.2313986987899836
missed,2.2313986987899836
afford,2.2313986987899836
hounded,2.2313986987899836
suffered,2.2313986987899836
Wait,2.2313986987899836
emptied,2.2313986987899836
drew,2.2313986987899836
smiled,2.2313986987899836
covered,2.2313986987899836
blown,2.2313986987899836
suffer,2.2313986987899836
promised,2.2313986987899836
escaped,2.2313986987899836
shared,2.2313986987899836
