NGRAM,VALUE,
frankie lee,11.874297705042405
along cove,6.8812492139019135
pity immigrant,6.496839050904589
walk hand,6.440285384785448
pity poor,5.9986644397814715
poor immigrant,5.9986644397814715
judas priest,5.702496059942652
together hand,5.41291656152274
baby tonight,5.300337938339889
dear landlord,5.300337938339889
dear please,5.300337938339889
landlord please,5.300337938339889
tom paine,5.300337938339889
cove spy,5.109749891957945
along spy,4.053240444305339
cove hand,3.8827870401058497
judas eternity,3.384367400471336
priest lee,2.437531917009978
priest frankie,2.312806958720239
road frankie,2.312806958720239
hand along,1.7286858793726407
