NGRAM,VALUE,
priest frankie lee,369.664798801153
along cove spy,302.1988991023271
pity poor immigrant,287.18859575531883
dear landlord please,249.46388152639204
walk together hand,200.25557924493694
cove together hand,183.37043298823295
juda priest frankie,182.2423685473836
