WORD,VALUE,
sad-ey,63.154222985853046
alon,18.27239523966203
complet,11.546233681536378
cute,5.773116840768189
phoni,5.773116840768189
prime,5.773116840768189
useless,5.773116840768189
