WORD,VALUE,
sad-eyed,63.093190449399756
lost,23.06141957991205
complete,11.530709789956026
cute,5.765354894978013
phony,5.765354894978013
prime,5.765354894978013
useless,5.765354894978013
