WORD,VALUE,
sad-eyed,63.116160031740684
lost,23.073104004138422
complete,11.536552002069211
cute,5.7682760010346055
phony,5.7682760010346055
prime,5.7682760010346055
useless,5.7682760010346055
