WORD,VALUE,
stone,83.66201477612807
sad-eyed,63.116160031740684
maggie,60.13689400692333
row,44.941081178678324
gate,39.26078158977298
memphis,32.20909255723604
eden,29.34530081529995
tombstone,27.02447385360199
lost,23.073104004138422
factory,21.23788407589288
jones,19.23575793280299
lowland,18.259887758148725
brand,16.11390306543049
hopin,15.492034865993663
bum,13.969510944582199
prophet,13.483984137302436
except,11.90487441072121
blanket,11.90487441072121
complete,11.536552002069211
ticket,9.815195397443246
circus,9.781766938433314
phantom,9.781766938433314
candle,9.781766938433314
fold,9.781766938433314
claw,9.781766938433314
direction,9.781766938433314
bluff,7.751518266934101
discover,7.751518266934101
advice,7.751518266934101
cute,5.7682760010346055
crutch,5.7682760010346055
invite,5.7682760010346055
hobo,5.7682760010346055
flip,5.7682760010346055
employ,5.7682760010346055
shovel,5.7682760010346055
curfew,5.7682760010346055
princess,5.7682760010346055
scorn,5.7682760010346055
dancing,5.7682760010346055
post,5.7682760010346055
balance,5.7682760010346055
prime,5.7682760010346055
tramp,5.7682760010346055
barkin,5.7682760010346055
range,5.7682760010346055
artist,5.7682760010346055
sparkle,5.7682760010346055
useless,5.7682760010346055
failure,5.7682760010346055
