WORD,VALUE,
stone,77.35320731953324
sad-ey,63.59059082491376
maggi,60.665003982611296
insid,57.11313882760906
row,49.84618454159828
desol,40.74523699044684
gate,39.73031007741474
eden,36.220633110023044
memphi,32.48907327992892
tombston,27.24409288919287
brand,25.502087599594468
stuck,24.101533500071746
factori,21.450820606896645
jone,19.445353211513204
lowland,18.41580385434405
kitchen,16.31681583955359
hopin,15.644609709895438
bum,14.093575571079754
prophet,13.633217728910655
except,12.050766750035873
blanket,12.050766750035873
direct,11.657275376273205
ticket,9.932577519353686
complet,9.932577519353686
invit,9.873980095233089
circus,9.873980095233089
phantom,9.873980095233089
candl,9.873980095233089
fold,9.873980095233089
claw,9.873980095233089
bluff,7.840390171440319
discov,7.840390171440319
cute,5.828637688136602
crutch,5.828637688136602
organ,5.828637688136602
advertis,5.828637688136602
hobo,5.828637688136602
flip,5.828637688136602
employ,5.828637688136602
jealous,5.828637688136602
patient,5.828637688136602
insur,5.828637688136602
shovel,5.828637688136602
curfew,5.828637688136602
princess,5.828637688136602
scorn,5.828637688136602
post,5.828637688136602
balanc,5.828637688136602
prime,5.828637688136602
tramp,5.828637688136602
barkin,5.828637688136602
artist,5.828637688136602
useless,5.828637688136602
failur,5.828637688136602
