WORD,VALUE,
stone,65.82370769070579
maggie,60.13689400692333
gate,39.26078158977298
memphis,32.20909255723604
eden,29.34530081529995
tombstone,27.02447385360199
factory,21.23788407589288
jones,19.23575793280299
lowland,18.259887758148725
brand,16.11390306543049
prophet,13.483984137302436
blanket,11.90487441072121
unknown,11.536552002069211
ticket,9.815195397443246
cost,9.815195397443246
lovin,9.815195397443246
bum,9.781766938433314
circus,9.781766938433314
candle,9.781766938433314
direction,9.781766938433314
advice,7.751518266934101
sooner,7.751518266934101
crutch,5.7682760010346055
hobo,5.7682760010346055
curfew,5.7682760010346055
claw,5.7682760010346055
princess,5.7682760010346055
scorn,5.7682760010346055
drag,5.7682760010346055
dancing,5.7682760010346055
post,5.7682760010346055
tramp,5.7682760010346055
kick,5.7682760010346055
range,5.7682760010346055
artist,5.7682760010346055
failure,5.7682760010346055
