WORD,VALUE,
maggi,60.665003982611296
stone,59.65421566128107
gate,39.73031007741474
eden,36.220633110023044
memphi,32.48907327992892
tombston,27.24409288919287
brand,23.93554947560741
insid,23.521170514320957
factori,21.450820606896645
jone,19.445353211513204
lowland,18.41580385434405
drum,18.41580385434405
kitchen,16.31681583955359
hopin,15.644609709895438
sweet,14.180656025928613
prophet,13.633217728910655
blanket,12.050766750035873
ticket,9.932577519353686
unknown,9.932577519353686
bum,9.873980095233089
circus,9.873980095233089
candl,9.873980095233089
direct,9.873980095233089
sooner,7.840390171440319
crutch,5.828637688136602
organ,5.828637688136602
hobo,5.828637688136602
shout,5.828637688136602
pound,5.828637688136602
shovel,5.828637688136602
curfew,5.828637688136602
claw,5.828637688136602
princess,5.828637688136602
drag,5.828637688136602
post,5.828637688136602
barkin,5.828637688136602
frame,5.828637688136602
rang,5.828637688136602
artist,5.828637688136602
failur,5.828637688136602
