WORD,VALUE,
stone,65.73694158399778
maggie,60.080632164902745
gate,39.21079007047628
memphis,32.17926457898625
eden,29.315832363080766
tombstone,27.001074578279596
factory,21.215203852631696
jones,19.21343723557242
brand,16.092301420261137
vision,13.987686412488767
prophet,13.46809214299926
blanket,11.889341942448644
unknown,11.523694596214426
ticket,9.80269751761907
cost,9.80269751761907
lovin,9.80269751761907
circus,9.771944121026921
candle,9.771944121026921
direction,9.771944121026921
advice,7.742054975558317
sooner,7.742054975558317
crutch,5.761847298107213
hobo,5.761847298107213
curfew,5.761847298107213
claw,5.761847298107213
princess,5.761847298107213
scorn,5.761847298107213
drag,5.761847298107213
dancing,5.761847298107213
post,5.761847298107213
tramp,5.761847298107213
range,5.761847298107213
artist,5.761847298107213
failure,5.761847298107213
