WORD,VALUE,
maggi,60.17925729119682
queen,45.26628784372033
eden,35.96004080558954
memphi,32.23155197300274
man,22.47773864372008
mister,19.252565744477423
jone,19.252565744477423
sweet,15.517288798282728
daddi,15.517288798282728
captain,9.824606822124185
blue,9.824606822124185
sooner,9.789163325426806
