WORD,VALUE,
maggi,60.665003982611296
queen,45.61169691796012
eden,36.220633110023044
memphi,32.48907327992892
man,22.743058890532843
mister,19.445353211513204
jone,19.445353211513204
sweet,15.680780342880638
daddi,15.680780342880638
captain,9.932577519353686
blue,9.932577519353686
sooner,9.873980095233089
