WORD,VALUE,
maggie,60.13689400692333
queen,44.941081178678324
man,40.43006354576264
memphis,32.20909255723604
eden,29.34530081529995
mister,19.23575793280299
jones,19.23575793280299
captain,13.969510944582199
highway,11.90487441072121
sooner,7.751518266934101
