WORD,VALUE,
hand,11.889341942448644
fold,9.771944121026921
discover,7.742054975558317
invite,5.761847298107213
flip,5.761847298107213
employ,5.761847298107213
bar,5.761847298107213
puts,5.761847298107213
