WORD,VALUE,
hand,16.130170367532465
discov,7.758644399141364
kneel,5.773116840768189
invit,5.773116840768189
flip,5.773116840768189
employ,5.773116840768189
scorn,5.773116840768189
aim,5.773116840768189
sparkl,5.773116840768189
mix,5.773116840768189
bar,5.773116840768189
