WORD,VALUE,
hand,15.503036533868203
hopin,15.492034865993663
fold,9.781766938433314
discover,7.751518266934101
invite,5.7682760010346055
flip,5.7682760010346055
employ,5.7682760010346055
barkin,5.7682760010346055
bar,5.7682760010346055
