NGRAM,VALUE,
franki lee,8.548442256139966
along cove,5.829198053162582
piti immigr,4.693486957499325
piti poor,4.3715588626119635
poor immigr,4.3715588626119635
togeth hand,3.938599455335857
walk hand,3.938599455335857
juda priest,3.8856555709727116
dear landlord,3.8313933425836275
tom pain,3.8313933425836275
cove spi,3.7865963618908065
along spi,3.564203940554359
'm sorri,3.3533209021221584
cove hand,2.938599455335857
priest lee,2.6490928381408723
juda etern,2.528669146958972
priest franki,2.523561956057013
road franki,1.778669146958972
hand along,1.7258771510404234
