NGRAM,VALUE,
franki lee,8.514758755405785
along cove,5.810825234580302
piti immigr,4.681238411777805
piti poor,4.359310316890443
poor immigr,4.359310316890443
togeth hand,3.926350909614336
walk hand,3.926350909614336
juda priest,3.8703448888208114
dear landlord,3.822206933292487
tom pain,3.822206933292487
cove spi,3.7743478161692865
along spi,3.551955394832839
cove hand,2.926350909614336
priest lee,2.6368442924193514
juda etern,2.5194827376678317
priest franki,2.5113134103354926
road franki,1.769482737667832
hand along,1.7166907417492836
