NGRAM,VALUE,
Frankie Lee,8.558013820161111
along cove,5.834418906265023
pity immigrant,4.696967526234287
pity poor,4.3750394313469245
poor immigrant,4.3750394313469245
together hand,3.942080024070819
walked hand,3.942080024070819
Judas Priest,3.890006281891414
Dear landlord,3.8340037691348483
Tom Paine,3.8340037691348483
cove spied,3.7900769306257684
along spied,3.567684509289321
cove hand,2.9420800240708185
wa known,2.8640775120695454
Priest Lee,2.6525734068758338
Judas Eternity,2.531279573510194
Priest Frankie,2.527042524791975
road Frankie,1.7812795735101936
hand along,1.728487577591645
