NGRAM,VALUE,
pity poor immigrant,45.948177827440226
walked together hand,45.876490195451176
cove together hand,41.876490195451176
cove walked hand,41.876490195451176
along cove spied,40.37890813632519
Priest Frankie Lee,32.71846372667123
