WORD,VALUE,
well,508.6927541994245
god,406.2084143865709
gon,72.44729680099417
feel,55.098608688550065
everyth,43.99503785041841
got,28.510267024050012
miss,28.510267024050012
jane,28.510267024050012
