WORD,VALUE,
's,1414.5654202127678
know,763.6942553181009
say,531.6191210598056
get,508.2979599627136
got,492.19610316566536
go,459.9985755591549
see,321.36859296439764
look,251.02407507728046
come,218.95385491257977
gon,214.24572864293174
tri,199.57186916835008
left,198.35777281276117
hear,182.4903829439623
feel,178.962185236611
let,177.0393650489205
said,170.924591202421
turn,157.93636315687655
think,155.7373011637528
stand,138.97826138083988
ai,119.308123491074
bound,116.42583244587853
walk,111.99478671921285
wait,107.12286432146587
gone,91.24519147198114
fall,91.24519147198114
cri,91.24519147198114
tell,91.24519147198114
talk,87.99007570083683
close,85.53080107215004
fell,75.41571844807322
dress,75.41571844807322
wish,75.41571844807322
made,75.41571844807322
need,75.41571844807322
went,75.41571844807322
live,75.41571844807322
want,72.44729680099417
wonder,72.44729680099417
kill,59.654061745537
born,59.654061745537
matter,59.654061745537
ride,59.654061745537
watch,59.654061745537
give,59.654061745537
took,59.654061745537
keep,57.020534048100025
love,57.020534048100025
begin,57.020534048100025
saw,55.098608688550065
read,55.098608688550065
seen,43.99503785041841
play,43.99503785041841
rememb,43.99503785041841
follow,43.99503785041841
doe,43.99503785041841
sit,43.99503785041841
seem,43.99503785041841
drift,43.99503785041841
ask,43.99503785041841
ring,43.99503785041841
hit,41.76422042399522
hang,41.76422042399522
sleep,41.76422042399522
told,41.76422042399522
win,28.510267024050012
thank,28.510267024050012
press,28.510267024050012
drag,28.510267024050012
torn,28.510267024050012
found,28.510267024050012
protect,28.510267024050012
pray,28.510267024050012
becom,28.510267024050012
flow,28.510267024050012
whisper,28.510267024050012
swing,28.510267024050012
pull,28.510267024050012
throw,28.510267024050012
miss,28.510267024050012
forget,28.510267024050012
leav,28.510267024050012
met,28.510267024050012
hold,28.510267024050012
write,28.510267024050012
grab,28.510267024050012
sing,28.510267024050012
