WORD,VALUE,
honest,12.894841523130898
mystic,11.851173584791884
flat,6.247312508549921
tough,6.247312508549921
cheerful,4.7429262257228695
Old,4.7429262257228695
