WORD,VALUE,
merri,18.553837951585354
special,14.273212623475459
fourth,11.003342490496845
honest,8.476135436285656
loyal,7.582501651793946
mystic,7.05191537475508
newborn,7.05191537475508
cheer,4.3359138818412255
meek,4.3359138818412255
indian,4.3359138818412255
motherless,4.3359138818412255
