WORD,VALUE,
honest,12.924600094820258
mystic,11.875524511938554
cheerful,4.754648297800216
