WORD,VALUE,
honest,12.914622409723703
mystic,11.867360176099291
cheerful,4.750717953015605
