WORD,VALUE,
merri,19.761639254056707
special,15.425003251431548
fourth,9.337995361730968
honest,9.266836927959861
loyal,8.096130018959148
mystic,7.690077635545969
newborn,7.690077635545969
cheer,4.668997680865484
meek,4.668997680865484
indian,4.668997680865484
motherless,4.668997680865484
