WORD,VALUE,
leve,49.572435126865635
horizon,42.292790945177785
yearn,30.629772157201494
someday,26.70925459950869
summer,21.33179732311507
happi,19.641917847268168
turn,13.707794103064256
sittin,11.628725769718907
moonlight,10.76135866047877
shelf,10.691144145505307
rise,10.691144145505307
hog,9.27184767108134
stuff,9.27184767108134
bit,9.27184767108134
thunder,9.18811526279951
vine,8.0451982682547
desir,8.0451982682547
mississippi,8.0451982682547
fallin,8.0451982682547
ringin,8.0451982682547
rollin,7.626571910330796
deal,7.626571910330796
polic,6.0910304406309095
meet,6.0910304406309095
burnin,4.63592383554067
paintin,4.63592383554067
fat,4.63592383554067
lawyer,4.63592383554067
romeo,4.63592383554067
tennesse,4.63592383554067
strife,4.63592383554067
bear,4.63592383554067
southern,4.63592383554067
advic,4.63592383554067
harmoni,4.63592383554067
landscap,4.63592383554067
self,4.63592383554067
fog,4.63592383554067
gutter,4.63592383554067
