WORD,VALUE,
leve,50.35415668764695
horizon,42.92283902428427
yearn,31.145730052743005
someday,27.126691746423326
summer,21.854199646890258
happi,19.9984175436658
turn,14.040939647054747
moonlight,11.041351471421297
rise,10.933553658337967
hog,9.468889168335087
sittin,9.468889168335087
stuff,9.468889168335087
shelf,9.422740058163122
thunder,9.422740058163122
desir,8.196871749929532
mississippi,8.196871749929532
fallin,8.196871749929532
ringin,8.196871749929532
rollin,7.8158286901155005
deal,7.8158286901155005
vine,6.234919204836698
polic,6.234919204836698
burnin,4.7344445841675435
paintin,4.7344445841675435
fat,4.7344445841675435
lawyer,4.7344445841675435
romeo,4.7344445841675435
tennesse,4.7344445841675435
strife,4.7344445841675435
bear,4.7344445841675435
southern,4.7344445841675435
advic,4.7344445841675435
harmoni,4.7344445841675435
landscap,4.7344445841675435
self,4.7344445841675435
fog,4.7344445841675435
gutter,4.7344445841675435
