WORD,VALUE,
mississippi,8.22191253018236
romeo,4.750717953015605
tennessee,4.750717953015605
southern,4.750717953015605
