WORD,VALUE,
someday,19.379994389673012
winter,11.833551984441701
mississippi,8.196871749929532
romeo,4.7344445841675435
tennesse,4.7344445841675435
water,4.7344445841675435
southern,4.7344445841675435
