WORD,VALUE,
Someday,19.40675594881805
Heart,15.961790198564891
Winter,11.851173584791884
Mississippi,8.209923370882287
Romeo,4.7429262257228695
Tennessee,4.7429262257228695
Water,4.7429262257228695
Southern,4.7429262257228695
