WORD,VALUE,
dandy,181.56531911341293
fine,68.55857806422644
weary,44.06787309683611
pale,32.050977815404536
