WORD,VALUE,
littl,610.8347103674017
old,571.8272415785606
wrong,383.2678269005242
next,292.5439022849068
hard,280.74617176935914
mani,269.7054365313443
handi,237.30952784779154
black,221.12360752691092
true,188.78187944036543
bad,172.62938695045722
blue,162.11771137628386
high,162.11771137628386
cold,156.49210380647358
roll,153.65353394563942
low,152.38120092703943
big,140.37308588467957
dark,124.27641503168567
closer,124.27641503168567
sick,120.54791627777041
full,108.20771758110894
dead,108.20771758110894
long,102.01989810346194
last,97.93768974411105
right,96.2940725430927
poor,92.17505910952593
white,86.46057651960488
wild,76.19060046351971
sweet,73.2221327213957
love,73.2221327213957
broken,71.01346714273552
finest,60.273958138885206
free,60.273958138885206
gray,60.273958138885206
best,60.273958138885206
fair,57.64038434640326
bright,55.71841289180834
frail,44.45994862166833
wet,44.45994862166833
loud,44.45994862166833
real,44.45994862166833
tender,44.45994862166833
beauti,44.45994862166833
tire,42.229085100200166
deep,42.229085100200166
pleasant,28.82019217320163
charm,28.82019217320163
spanish,28.82019217320163
past,28.82019217320163
pale,28.82019217320163
late,28.82019217320163
bold,28.82019217320163
ol,28.82019217320163
asleep,28.82019217320163
silent,28.82019217320163
better,28.82019217320163
less,28.82019217320163
slender,28.82019217320163
rag,28.82019217320163
blind,28.82019217320163
higher,28.82019217320163
leavin,28.82019217320163
