WORD,VALUE,
littl,598.1173634877016
old,542.6724255599273
wrong,369.23818555982984
next,294.3664841316382
hard,282.47285081703455
mani,255.0386455938299
handi,238.74844491521557
black,222.4665950037372
true,189.93300773599628
bad,173.68458565549037
high,163.17282970669189
cold,157.451372920909
roll,154.70854510988056
big,141.23642540851728
low,137.30756518920603
blue,131.691434463754
dark,125.04382496492566
closer,125.04382496492566
sick,121.31529941946869
full,108.87919792375125
dead,108.87919792375125
long,102.6913248630208
poor,92.75060986157051
white,87.03607368856603
wild,76.67022162496659
sweet,73.70172709130085
love,73.70172709130085
finest,60.65764970973434
free,60.65764970973434
gray,60.65764970973434
fair,58.0240491257107
bright,56.10205087957406
frail,44.747710601919756
loud,44.747710601919756
tender,44.747710601919756
beauti,44.747710601919756
tire,42.516820288909884
deep,42.516820288909884
pleasant,29.01202456285535
charm,29.01202456285535
spanish,29.01202456285535
past,29.01202456285535
pale,29.01202456285535
best,29.01202456285535
real,29.01202456285535
late,29.01202456285535
bold,29.01202456285535
ol,29.01202456285535
asleep,29.01202456285535
silent,29.01202456285535
better,29.01202456285535
less,29.01202456285535
slender,29.01202456285535
rag,29.01202456285535
blind,29.01202456285535
higher,29.01202456285535
