WORD,VALUE,
broken,71.36810849634688
tender,42.44186592521507
