WORD,VALUE,
wiggle,745.571566518349
woogie,384.97037253703587
davey,147.15358802153307
mousey,105.19844232357488
lyons,76.54528168865005
toil,28.962052701798065
