WORD,VALUE,
god,428.99567841425323
lord,369.23818555982984
lawd,255.0386455938299
jack,222.4665950037372
miss,189.93300773599628
black,173.68458565549037
davey,147.4034541826017
feel,134.24313180575928
jane,125.04382496492566
mousey,108.87919792375125
john,108.87919792375125
honey,108.87919792375125
albert,105.37335412094868
stetson,92.75060986157051
joe,89.49542120383951
arthur,76.67022162496659
frog,76.67022162496659
hat,76.67022162496659
love,58.0240491257107
next,56.10205087957406
took,44.747710601919756
cow,44.747710601919756
everyth,44.747710601919756
jone,44.747710601919756
bay,44.747710601919756
sunday,42.516820288909884
rode,42.516820288909884
london,42.516820288909884
made,29.01202456285535
lookin,29.01202456285535
boston,29.01202456285535
littl,29.01202456285535
alley,29.01202456285535
