WORD,VALUE,
davey,147.15358802153307
lyons,76.54528168865005
