WORD,VALUE,
linger,90.51800433363618
saw,80.94617742596635
weep,71.81118762565623
gamble,44.06787309683611
saddle,22.033936548418055
