WORD,VALUE,
unkind,17.52087793173141
mighti,16.356013093938444
grand,14.117523518956958
angri,9.955249394571945
aw,5.84029264391047
