WORD,VALUE,
indian,38.13988694215683
drunken,38.13988694215683
unkind,17.549919930918414
mighty,16.388574866374952
grand,14.137413075727626
gold,11.699946620612277
angry,9.97408250338395
blowed,7.87181047454022
awful,5.849973310306138
