WORD,VALUE,
unkind,17.347899871286735
mighti,16.162152662554508
grand,13.999025889673234
angri,9.843109609929437
aw,5.782633290428912
