WORD,VALUE,
billy,55.29293079394342
heaven,33.20284972285227
ann,31.807217568003903
mary,29.313267035712414
lily,24.204712829993014
johnny,24.011973543663984
day,23.399893241224554
indian,9.97408250338395
bill,7.87181047454022
pedro,5.849973310306138
la,5.849973310306138
night,5.849973310306138
