WORD,VALUE,
billy,55.23402995990592
heaven,33.16230106392532
ann,31.778821221814223
mary,29.270982209737785
lily,24.17172822587657
johnny,23.98754521218479
day,23.372612818866273
bill,7.861766303461101
pedro,5.843153204716568
night,5.843153204716568
