WORD,VALUE,
sang,67.80462648796072
knockin,40.50505145794386
answer,23.879134169506692
dug,19.607406111351967
rush,11.565266580857823
greet,9.803703055675983
slumber,5.782633290428912
hire,5.782633290428912
vote,5.782633290428912
bore,5.782633290428912
