WORD,VALUE,
knock,61.197252312161794
rush,11.690000287624187
greet,9.89897132687189
playing,5.8450001438120935
sneak,5.8450001438120935
hire,5.8450001438120935
roar,5.8450001438120935
overtake,5.8450001438120935
coming,5.8450001438120935
