WORD,VALUE,
knockin,36.94178460046218
singin,15.74362094908044
rush,11.699946620612277
greet,9.906566658641792
hire,5.849973310306138
overtake,5.849973310306138
ramblin,5.849973310306138
