WORD,VALUE,
knock,61.17414939889517
rush,11.686306409433136
greet,9.896150512952204
playing,5.843153204716568
sneak,5.843153204716568
hire,5.843153204716568
roar,5.843153204716568
overtake,5.843153204716568
coming,5.843153204716568
