WORD,VALUE,
broken,568.8158833772701
a-rollin,74.34051803454886
