WORD,VALUE,
last,354.9874299684354
dead,294.1965918760298
broken,284.61309814521553
littl,278.3999827995665
long,269.01180489829943
handi,231.04818498631627
high,203.560288326787
whole,188.17757509167487
wrong,168.03777092663347
sweet,163.76014072117695
mani,152.31791949206263
wide,136.6163332796815
old,132.68763263162973
right,122.93116659419107
big,120.93709413610047
cold,120.93709413610047
black,105.28582839493663
real,105.28582839493663
full,105.28582839493663
true,105.28582839493663
usual,105.28582839493663
strong,95.01633167680966
new,93.37284725550903
dark,89.67060163276646
white,83.95638460228089
best,74.10357469617313
great,74.10357469617313
free,74.10357469617313
beauti,74.10357469617313
deep,71.13523973376682
hot,71.13523973376682
next,68.92670693482438
ugliest,68.92670693482438
blue,67.14711513799195
better,58.60436408095147
precious,58.60436408095147
rank,58.60436408095147
evil,55.97092306818726
low,55.97092306818726
bright,54.04908439331007
past,43.20778627314746
bad,43.20778627314746
clear,43.20778627314746
scare,43.20778627314746
blind,43.20778627314746
open,40.97705553139703
sick,40.97705553139703
frail,27.98546153409363
higher,27.98546153409363
dumb,27.98546153409363
tough,27.98546153409363
content,27.98546153409363
readi,27.98546153409363
discreet,27.98546153409363
outsid,27.98546153409363
straight,27.98546153409363
asleep,27.98546153409363
thick,27.98546153409363
worth,27.98546153409363
warm,27.98546153409363
tight,27.98546153409363
late,27.98546153409363
welcom,27.98546153409363
poor,27.98546153409363
import,27.98546153409363
