WORD,VALUE,
wiggle,721.7650498088495
silvio,166.38839258883627
teardrop,71.37216656536128
outskirt,28.080228965375163
