WORD,VALUE,
silvio,166.38839258883627
durango,54.238602749091854
