WORD,VALUE,
drunken,122.3846715328132
fine,103.68054603973259
mighty,76.33457670666436
forty-one,44.901330027161066
pale,38.16728835333218
mystical,19.08364417666609
