WORD,VALUE,
broken,50.111956375626846
low-down,40.25437972588636
blowed,40.25437972588636
god-fearing,26.016673311652543
