WORD,VALUE,
old,696.4354379313556
littl,673.8319876630455
true,436.9329973179661
right,398.84529965469824
slow,357.21620872112624
high,333.651974658242
sweet,327.81873934997105
big,303.90228341703965
new,297.8065806631119
long,293.95561599345046
best,274.37978766527704
wrong,259.62619368439425
young,258.99913948209746
last,257.7616233817516
low,254.45936004946796
next,250.23898099368154
hard,239.81693440629738
bad,215.40344115788565
black,200.67796764199838
free,185.96204071995527
dark,185.96204071995527
poor,156.56508748052488
white,148.90329033155595
blue,131.84225893283707
blind,127.22968002473398
cold,127.22968002473398
better,112.59345597673347
mani,97.98520533115014
open,94.48000370488417
love,94.48000370488417
sad,91.7986166234929
bright,91.7986166234929
fine,87.71763903413179
greek,83.4129936645605
readi,83.4129936645605
ol,83.4129936645605
differ,83.4129936645605
real,83.4129936645605
great,83.4129936645605
tire,80.1584471833661
glad,80.1584471833661
grand,68.88898182354768
quick,68.88898182354768
full,68.88898182354768
beauti,68.88898182354768
hot,65.92112946641853
whole,61.93397008119796
dead,54.432786303906546
wild,54.432786303906546
tough,54.432786303906546
late,54.432786303906546
golden,54.432786303906546
mad,54.432786303906546
fair,51.799827896419494
second,51.799827896419494
cool,51.799827896419494
drunk,51.799827896419494
low-down,40.07922359168305
past,40.07922359168305
pale,40.07922359168305
outsid,40.07922359168305
tight,40.07922359168305
earth,40.07922359168305
wick,40.07922359168305
straight,40.07922359168305
upper,40.07922359168305
quiet,40.07922359168305
unknown,40.07922359168305
worth,40.07922359168305
wide,40.07922359168305
precious,40.07922359168305
clear,40.07922359168305
warm,40.07922359168305
yellow,37.848975455209775
deep,37.848975455209775
brief,37.848975455209775
sentiment,25.899913948209747
foolish,25.899913948209747
wet,25.899913948209747
paint,25.899913948209747
lower,25.899913948209747
swift,25.899913948209747
chilli,25.899913948209747
asham,25.899913948209747
final,25.899913948209747
tall,25.899913948209747
natur,25.899913948209747
insan,25.899913948209747
asleep,25.899913948209747
complet,25.899913948209747
faithless,25.899913948209747
higher,25.899913948209747
vacant,25.899913948209747
dumb,25.899913948209747
sunni,25.899913948209747
rag,25.899913948209747
less,25.899913948209747
