WORD,VALUE,
senor,201.27189862943175
suckling,161.01751890354544
others,120.76313917765907
sadie,86.48320954496259
corazon,78.05001993495762
toil,40.25437972588636
bos,40.25437972588636
starin,26.016673311652543
