WORD,VALUE,
henri,468.4002468625294
joey,361.7555552396899
alberta,288.3537745636773
may,271.3791484818383
ira,234.6670088631356
jack,229.50936840112507
sarah,214.81478915412225
jane,214.81478915412225
indian,214.81478915412225
heart,202.74293468606436
mari,195.42102723110003
mayb,170.7862162697375
father,170.7862162697375
lord,170.7862162697375
goin,166.76620064134406
heaven,166.35509396996156
flora,138.967799497537
jim,134.15493258386923
drunken,133.96383291015638
honey,126.87649823709303
ann,117.3335044315678
knock,105.66996117403251
done,103.2857896508467
time,99.44312458473212
black,97.71051361555001
bay,97.71051361555001
dear,94.20533552582678
might,94.20533552582678
devil,91.52397198097827
new,85.80006318522194
ya,83.17754698498078
big,83.17754698498078
richard,83.17754698498078
king,75.4625748404681
garrett,68.69278017998838
appl,68.69278017998838
never,68.69278017998838
senor,65.72495135940198
adio,61.737839047266895
san,54.27582969636766
ol,54.27582969636766
bradley,54.27582969636766
street,54.27582969636766
west,54.27582969636766
lookin,54.27582969636766
tomorrow,54.27582969636766
though,51.64289482542335
stripe,51.64289482542335
bello,51.64289482542335
love,51.64289482542335
smith,49.72156229236606
brazo,39.96151202016457
watch,39.96151202016457
tom,39.96151202016457
jake,39.96151202016457
ooh,39.96151202016457
arthur,39.96151202016457
miss,39.96151202016457
ruben,39.96151202016457
captain,37.73128742023405
hill,37.73128742023405
rio,37.73128742023405
hang,37.73128742023405
york,37.73128742023405
bill,37.73128742023405
open,37.73128742023405
bell,25.821447412711674
guitar,25.821447412711674
paso,25.821447412711674
panama,25.821447412711674
doin,25.821447412711674
everyth,25.821447412711674
queen,25.821447412711674
road,25.821447412711674
william,25.821447412711674
jesus,25.821447412711674
carter,25.821447412711674
buddha,25.821447412711674
east,25.821447412711674
brooklyn,25.821447412711674
littl,25.821447412711674
starin,25.821447412711674
louisiana,25.821447412711674
meet,25.821447412711674
silver,25.821447412711674
neath,25.821447412711674
three,25.821447412711674
corazon,25.821447412711674
pima,25.821447412711674
true,25.821447412711674
minnesota,25.821447412711674
