WORD,VALUE,
daddy,25.86936633254202
corazon,25.86936633254202
