WORD,VALUE,
senor,207.5427944978159
flora,154.00752360048077
papa,94.88871274405126
sadie,86.48320954496259
corazon,80.50875945177272
bello,52.033346623305086
starin,26.016673311652543
neath,26.016673311652543
