WORD,VALUE,
saw,333.6442607842636
waylay,26.016673311652543
