WORD,VALUE,
a-gonna,361.7719543210105
sad-eyed,213.304167280229
leopard-skin,99.2607685864761
pill-box,69.8000688808314
jingle-jangle,69.8000688808314
a-changin,69.8000688808314
broken,64.62395945439326
frozen,40.62583445092455
bored,26.26428670843012
faithful,26.26428670843012
