WORD,VALUE,
corrina,124.94139799750566
neath,107.44144533127091
astray,26.26428670843012
evers,26.26428670843012
