WORD,VALUE,
tambourine,136.36938301119068
desolation,129.24791890878652
corrina,124.94139799750566
neath,26.26428670843012
evers,26.26428670843012
