WORD,VALUE,
narrow,56.07490124816846
Full,11.243489856898506
Happy,6.727258398751944
glowing,6.727258398751944
fancy,6.727258398751944
wonderful,6.727258398751944
dull,6.727258398751944
deadly,6.727258398751944
bent,6.727258398751944
