WORD,VALUE,
narrow,55.465872640049305
scarlet,54.88824563086703
weak,11.508483242504592
wonder,11.10502562506752
deeper,6.636237044700558
glow,6.636237044700558
fanci,6.636237044700558
magic,6.636237044700558
dull,6.636237044700558
bent,6.636237044700558
