WORD,VALUE,
narrow,56.202002243709714
scarlet,55.57169152252784
magic,43.176441572158176
spin,38.53780146521205
mood,20.7757935080504
titan,15.972777035182784
weav,11.272393369732807
embrac,11.272393369732807
moonbeam,11.272393369732807
deeper,6.746262773033005
autumn,6.746262773033005
singapor,6.746262773033005
dancer,6.746262773033005
leaf,6.746262773033005
humbl,6.746262773033005
fairi,6.746262773033005
dull,6.746262773033005
ici,6.746262773033005
photograph,6.746262773033005
