WORD,VALUE,
narrow,55.465872640049305
scarlet,54.88824563086703
magic,42.559654305496636
spin,39.81742226820335
mood,20.49374173071944
titan,15.748067274184663
weav,11.10502562506752
embrac,11.10502562506752
moonbeam,11.10502562506752
deeper,6.636237044700558
autumn,6.636237044700558
singapor,6.636237044700558
dancer,6.636237044700558
leaf,6.636237044700558
humbl,6.636237044700558
fairi,6.636237044700558
dull,6.636237044700558
ici,6.636237044700558
