WORD,VALUE,
spin,54.88824563086703
magic,36.22150285940922
mood,20.49374173071944
deep,15.748067274184663
titan,15.748067274184663
wish,13.272474089401117
moonbeam,11.10502562506752
autumn,6.636237044700558
shine,6.636237044700558
singapor,6.636237044700558
dancer,6.636237044700558
leaf,6.636237044700558
fairi,6.636237044700558
ici,6.636237044700558
