WORD,VALUE,
scarlet,55.472135409489916
spin,51.1943660462459
roll,46.31784978322246
kings,35.45458296379183
magic,30.507863503960554
mood,20.734702367862155
titanic,15.940038033973066
moonbeam,11.248006507501614
wish,9.171134844103005
autumn,6.73022804978034
singapore,6.73022804978034
dancer,6.73022804978034
fairy,6.73022804978034
lights,6.73022804978034
photograph,6.73022804978034
