WORD,VALUE,
spin,55.4536957627144
magic,40.415477177988926
Kings,35.442331315315165
mood,20.727091718109627
Deep,15.93397438379525
Titanic,15.93397438379525
Show,11.243489856898506
moonbeam,11.243489856898506
wish,9.166742541620925
autumn,6.727258398751944
Singapore,6.727258398751944
Lights,6.727258398751944
icy,6.727258398751944
Death,6.727258398751944
photograph,6.727258398751944
