WORD,VALUE,
spin,55.57169152252784
magic,36.7282643977383
mood,20.7757935080504
deep,15.972777035182784
titan,15.972777035182784
wish,13.49252554606601
moonbeam,11.272393369732807
autumn,6.746262773033005
shine,6.746262773033005
singapor,6.746262773033005
dancer,6.746262773033005
leaf,6.746262773033005
fairi,6.746262773033005
ici,6.746262773033005
photograph,6.746262773033005
