WORD,VALUE,
kings,35.45458296379183
titanic,15.940038033973066
singapore,6.73022804978034
