WORD,VALUE,
roll,27.584556454889427
deep,15.972777035182784
titan,15.972777035182784
show,11.272393369732807
singapor,6.746262773033005
