WORD,VALUE,
roll,27.096428133893255
deep,15.748067274184663
titan,15.748067274184663
show,11.10502562506752
singapor,6.636237044700558
