WORD,VALUE,
Kings,35.442331315315165
Deep,15.93397438379525
Titanic,15.93397438379525
Show,11.243489856898506
Singapore,6.727258398751944
