WORD,VALUE,
blowing,35.78578321871588
weave,11.231514671856761
embrace,9.155097563333133
lower,9.155097563333133
free,6.719385010975431
