WORD,VALUE,
Move,35.442331315315165
whistle,32.21022310418278
loving,25.588025373795706
dreaming,22.568947002924492
sinking,15.858190809706599
strip,11.243489856898506
embrace,11.243489856898506
lowered,9.166742541620925
weave,6.727258398751944
Lift,6.727258398751944
