WORD,VALUE,
narrow,56.59337761092782
early,32.77327676343008
dull,7.608427560040194
deadly,7.608427560040194
