WORD,VALUE,
scarlet,61.066756002316424
narrow,56.75567564453361
earli,34.47764927367662
dull,7.634905653135775
bent,7.634905653135775
