WORD,VALUE,
scarlet,63.39076786929836
narrow,59.06812934188267
early,36.343050450091965
dull,8.012609156272006
deadly,8.012609156272006
bent,8.012609156272006
