WORD,VALUE,
narrow,56.47798562116456
early,32.68100175721764
dull,7.5896045075628376
deadly,7.5896045075628376
