WORD,VALUE,
scarlet,60.982676765288645
narrow,56.672037455538174
john,31.473743329999103
earli,31.4015636403576
titan,17.754971854901665
sink,16.418094968004414
husband,13.441670430950976
scatter,7.621259986991404
dull,7.621259986991404
