WORD,VALUE,
scarlet,60.90360059995253
narrow,56.59337761092782
surely,47.99780807838849
john,31.41662188980731
titanic,17.728890680273473
husband,13.416421897774327
lower,10.472207296602434
sailing,7.608427560040194
dull,7.608427560040194
deadly,7.608427560040194
