WORD,VALUE,
scarlet,63.39076786929836
narrow,59.06812934188267
surely,50.25184570364094
early,33.31031261609973
john,33.21681576526397
sinking,21.148613832122706
titanic,18.54966941112809
strip,13.19401274932496
lowered,11.072271921754659
husband,11.072271921754659
pierced,8.012609156272006
swim,8.012609156272006
sailing,8.012609156272006
scattered,8.012609156272006
dresses,8.012609156272006
dull,8.012609156272006
deadly,8.012609156272006
