WORD,VALUE,
scarlet,61.066756002316424
narrow,56.75567564453361
john,31.534487255600304
earli,31.4680277789502
titan,17.782704235222717
sink,16.45154756131687
husband,13.468520715207406
scatter,7.634905653135775
dull,7.634905653135775
