WORD,VALUE,
roll,50.25184570364094
john,33.21681576526397
titanic,18.54966941112809
put,11.072271921754659
husband,11.072271921754659
wound,8.012609156272006
dresses,8.012609156272006
