WORD,VALUE,
john,31.473743329999103
titan,17.754971854901665
husband,13.441670430950976
wound,10.491247776666366
put,10.491247776666366
