WORD,VALUE,
scarlet,60.90360059995253
roll,40.26390414469536
john,31.41662188980731
titanic,17.728890680273473
husband,13.416421897774327
wound,10.472207296602434
sailing,7.608427560040194
