WORD,VALUE,
scarlet,60.69738699707942
roll,45.78719323345983
kings,38.927630357826054
john,31.26769800935032
titanic,17.660881234452006
husband,13.350597717361556
wound,10.42256600311677
sailing,7.574969153481635
lights,7.574969153481635
