WORD,VALUE,
kings,40.71871488227357
john,33.21681576526397
titanic,18.54966941112809
