WORD,VALUE,
roll,31.534487255600304
john,31.534487255600304
titan,17.782704235222717
