WORD,VALUE,
kings,38.987609416089576
john,31.33283828174637
titanic,17.690631156593984
