WORD,VALUE,
kings,38.927630357826054
john,31.26769800935032
titanic,17.660881234452006
