WORD,VALUE,
john,31.41662188980731
titanic,17.728890680273473
