WORD,VALUE,
sinking,21.148613832122706
strip,13.19401274932496
lowered,11.072271921754659
pierced,8.012609156272006
swim,8.012609156272006
