WORD,VALUE,
lower,10.472207296602434
swim,7.608427560040194
