WORD,VALUE,
lower,10.42256600311677
came,7.574969153481635
