WORD,VALUE,
sink,16.418094968004414
lower,10.491247776666366
