WORD,VALUE,
broken,84.96860986539215
dandy,50.51024458152758
clean-cut,24.797427522804448
lean,4.187172456362777
frail,4.187172456362777
foggy,4.187172456362777
impossible,4.187172456362777
