WORD,VALUE,
dandi,50.592893735275915
broken,36.63873579455357
clean-cut,24.841062284191516
evil,6.787444263673016
foggi,4.197366310011617
imposs,4.197366310011617
