WORD,VALUE,
dandi,50.61285624885544
broken,34.776556787506394
clean-cut,24.851601747139313
evil,6.792139650711489
foggi,4.199828872417941
imposs,4.199828872417941
