WORD,VALUE,
broken,80.60427099688174
bulli,58.07394827115391
driftin,54.33971900624497
trust,50.83842200906956
neighborhood,50.61285624885544
shore,49.73296840441421
dandi,46.09405573700134
diseas,42.500625254379436
moon,32.72680317457829
cat,30.579203559676145
polit,28.76822747601191
ten,27.209059684441975
clean-cut,24.851601747139313
killer,24.851601747139313
satan,21.43755635369459
nightingal,17.685062486233804
shootin,17.685062486233804
anybodi,16.457095913738865
idea,15.06744137811015
union,14.744353980515054
creation,14.168012170854698
dump,14.168012170854698
greed,14.168012170854698
neither,13.803112237895448
natur,13.584279301422978
handl,12.59948661725382
sweetheart,12.59948661725382
tune,12.238098232073927
honor,11.513997789201209
sundown,11.513997789201209
yesterday,9.528589104362881
asleep,9.528589104362881
drank,7.372176990257527
wolf,7.372176990257527
bull,7.372176990257527
snake,7.372176990257527
backward,7.372176990257527
thirti,7.372176990257527
cent,7.372176990257527
band,5.45576682925989
breakin,5.45576682925989
inde,5.45576682925989
dig,4.199828872417941
spill,4.199828872417941
foggi,4.199828872417941
nine,4.199828872417941
test,4.199828872417941
spoken,4.199828872417941
health,4.199828872417941
pool,4.199828872417941
glove,4.199828872417941
mount,4.199828872417941
barrel,4.199828872417941
thumpin,4.199828872417941
thiev,4.199828872417941
hurrican,4.199828872417941
rush,4.199828872417941
cotton,4.199828872417941
outskirt,4.199828872417941
london,4.199828872417941
imposs,4.199828872417941
guy,4.199828872417941
bake,4.199828872417941
