WORD,VALUE,
bulli,58.05129345739389
neighborhood,50.592893735275915
shore,49.709656653886455
broken,43.168108648793456
diseas,42.482238628664334
tonight,40.84275384413952
driftin,39.47150877000187
moon,32.70266930261819
trust,32.11924209754471
cat,30.560849210515812
killer,24.841062284191516
mayb,24.459647740626114
natur,21.427246628520958
satan,21.427246628520958
nightingal,17.677215323466495
shootin,17.677215323466495
anybodi,17.66832252496438
tune,15.682666033174543
idea,15.057820866259028
fli,14.932114030962135
union,14.736736555521917
late,14.161511158177635
creation,14.161511158177635
forgiv,14.161511158177635
dump,14.161511158177635
greed,14.161511158177635
sweetheart,12.592098930034851
honor,11.50772651429832
sure,11.50772651429832
beat,9.613744033882835
yesterday,9.521660892692255
smoke,9.521660892692255
wolf,7.3683682777609585
bull,7.3683682777609585
snake,7.3683682777609585
cent,7.3683682777609585
block,6.787444263673016
band,5.45218785453749
someplac,5.45218785453749
health,4.197366310011617
pool,4.197366310011617
glove,4.197366310011617
barrel,4.197366310011617
idol,4.197366310011617
thumpin,4.197366310011617
thiev,4.197366310011617
hurrican,4.197366310011617
twilight,4.197366310011617
reflect,4.197366310011617
cotton,4.197366310011617
outskirt,4.197366310011617
london,4.197366310011617
guy,4.197366310011617
