WORD,VALUE,
broken,43.18537886219249
mayb,24.476196464147854
satan,21.43755635369459
late,14.168012170854698
sure,11.513997789201209
bridg,7.372176990257527
london,4.199828872417941
