WORD,VALUE,
satan,21.38456498273113
bridge,7.352600939489081
london,4.187172456362777
