WORD,VALUE,
satan,21.373092980361104
bridge,7.348363122023956
london,4.184432822617542
