WORD,VALUE,
ring,27.606224475790896
trust,20.9991443620897
handl,12.59948661725382
drank,7.372176990257527
join,5.45576682925989
drum,5.45576682925989
breakin,5.45576682925989
rule,5.45576682925989
spill,4.199828872417941
spoken,4.199828872417941
mount,4.199828872417941
