WORD,VALUE,
trust,50.678703162801796
smoke,14.127362665754779
handle,14.127362665754779
drifting,7.348363122023956
rule,7.348363122023956
bleed,5.433392548092268
mount,4.184432822617542
finish,4.184432822617542
thump,4.184432822617542
notice,4.184432822617542
condemn,4.184432822617542
