WORD,VALUE,
trust,50.70712643503231
driftin,21.203058037568137
shootin,17.644727531325504
handle,14.134596850659683
smoke,8.374344912725554
rule,7.352600939489081
breakin,5.437373631862847
spill,4.187172456362777
mount,4.187172456362777
finish,4.187172456362777
thumpin,4.187172456362777
