WORD,VALUE,
trust,50.5947135675742
smoke,14.105985253450987
handle,14.105985253450987
drifting,7.335840685439198
rule,7.335840685439198
bleed,5.421630138501299
mount,4.176337873892298
finish,4.176337873892298
thump,4.176337873892298
notice,4.176337873892298
condemn,4.176337873892298
