WORD,VALUE,
the,2.853935651358218
for,2.487740941404385
to,1.3221149668864243
first,1.2438704707021926
one,0.8814099779242819
too,0.8814099779242819
quo,0.4746672136622565
development,0.44070498896214094
puncto,0.44070498896214094
pay,0.44070498896214094
day,0.44070498896214094
stop,0.44070498896214094
facto,0.30670169844783013
fail,0.30670169844783013
„,0.22556672940732736
hypo,0.2097002314820373
``,0.19780929866830999
