WORD,VALUE,
merri,18.624453928610958
special,14.340382333023786
fourth,11.043940639331282
honest,8.522144504547448
loyal,7.612519479985114
mystic,7.0890672561122425
newborn,7.0890672561122425
cheer,4.355351389389125
meek,4.355351389389125
indian,4.355351389389125
motherless,4.355351389389125
