WORD,VALUE,
special,11.403118023644947
mystic,11.072004632709792
fourth,8.737582073230945
cherry,8.737582073230945
honest,8.553966574224596
loyal,7.633271300287545
newborn,7.114761851639125
cheerful,4.368791036615472
meek,4.368791036615472
joyful,4.368791036615472
motherless,4.368791036615472
