WORD,VALUE,
special,11.382700120899306
mystic,11.057363696071354
fourth,8.723558537477313
cherry,8.723558537477313
honest,8.537363255859766
loyal,7.6224449480299175
newborn,7.101355716770298
cheerful,4.3617792687386565
meek,4.3617792687386565
joyful,4.3617792687386565
motherless,4.3617792687386565
