WORD,VALUE,
merri,18.63115988039806
special,14.346762168842446
fourth,8.714394987241546
honest,8.526515178150243
loyal,7.615370165324697
mystic,7.092596406591321
newborn,7.092596406591321
cheer,4.357197493620773
meek,4.357197493620773
indian,4.357197493620773
motherless,4.357197493620773
