WORD,VALUE,
christmas,109.33405179606828
santa,88.63764486896318
levee,47.38944970561115
horizon,40.532558844148085
dixie,36.68194353516816
merry,32.781162772128994
claus,25.543457512170058
happiness,22.114727392142708
beard,21.853850830768792
turn,16.26556862089758
stuff,16.26556862089758
cap,15.244889896059835
coulee,14.594915251530427
rise,13.085337806215968
christ,12.896779711301098
grand,11.926216143294319
tennessee,11.057363696071354
urge,11.057363696071354
suit,9.985070840159782
vine,8.723558537477313
kansa,8.723558537477313
shepherd,8.723558537477313
sam,8.723558537477313
choir,8.723558537477313
deal,8.537363255859766
better,7.6224449480299175
washington,7.6224449480299175
mississippi,7.6224449480299175
hog,7.101355716770298
eve,7.101355716770298
moore,7.101355716770298
island,5.691350060449653
bowl,5.691350060449653
cadillac,5.691350060449653
watch,4.3617792687386565
holiday,4.3617792687386565
lawyer,4.3617792687386565
goodness,4.3617792687386565
romeo,4.3617792687386565
jump,4.3617792687386565
nancy,4.3617792687386565
bear,4.3617792687386565
southern,4.3617792687386565
policeman,4.3617792687386565
pile,4.3617792687386565
plea,4.3617792687386565
mill,4.3617792687386565
harmony,4.3617792687386565
blessing,4.3617792687386565
blossom,4.3617792687386565
cash,4.3617792687386565
landscape,4.3617792687386565
let,4.3617792687386565
sidewalk,4.3617792687386565
gutter,4.3617792687386565
