WORD,VALUE,
christma,109.24464019573435
santa,88.57363515180602
dixi,36.650747156703154
claus,25.523917691528155
coule,14.582854453650532
christ,14.185192813182642
shake,13.071592480862318
grand,11.914559585471208
born,11.914559585471208
tennesse,11.047795905778797
winter,11.047795905778797
better,10.006066880755725
kansa,8.714394987241546
sam,8.714394987241546
high,8.526515178150243
washington,7.615370165324697
mississippi,7.615370165324697
moor,7.092596406591321
cadillac,5.684679517801223
pray,4.357197493620773
romeo,4.357197493620773
lane,4.357197493620773
water,4.357197493620773
nanci,4.357197493620773
southern,4.357197493620773
eve,4.357197493620773
