WORD,VALUE,
christmas,109.33405179606828
santa,88.63764486896318
dixie,36.68194353516816
merry,25.631972802106894
claus,25.543457512170058
coulee,14.594915251530427
christ,14.202711433540596
grand,11.926216143294319
tennessee,11.057363696071354
kansa,8.723558537477313
sam,8.723558537477313
better,7.6224449480299175
washington,7.6224449480299175
mississippi,7.6224449480299175
moore,7.101355716770298
romeo,4.3617792687386565
lane,4.3617792687386565
nancy,4.3617792687386565
southern,4.3617792687386565
eve,4.3617792687386565
let,4.3617792687386565
