WORD,VALUE,
christmas,109.47086961196464
santa,88.73558926109466
dixie,36.72968092946429
merry,25.665069259764582
claus,25.57335678633174
coulee,14.613370772549672
christ,14.22952370327825
grand,11.944054263428761
tennessee,11.072004632709792
kansas,8.737582073230945
sam,8.737582073230945
better,7.633271300287545
washington,7.633271300287545
mississippi,7.633271300287545
moore,7.114761851639125
romeo,4.368791036615472
lane,4.368791036615472
nancy,4.368791036615472
southern,4.368791036615472
eve,4.368791036615472
let,4.368791036615472
