WORD,VALUE,
rain,36.445106467522535
adore,29.73577469776692
yearn,29.226741545099344
walking,22.899813900862632
born,19.56082335818225
'd,11.944054263428761
tumble,11.072004632709792
says,10.034539917771676
split,5.701559011822473
part,5.701559011822473
vanish,4.368791036615472
study,4.368791036615472
melt,4.368791036615472
behold,4.368791036615472
crave,4.368791036615472
enter,4.368791036615472
living,4.368791036615472
tease,4.368791036615472
