WORD,VALUE,
adore,29.695666472232418
yearn,29.189830503060854
lovin,20.034638397044073
'd,11.926216143294319
foolin,11.057363696071354
tumble,8.723558537477313
dancin,7.6224449480299175
split,5.691350060449653
part,5.691350060449653
fallin,5.691350060449653
ringin,5.691350060449653
burnin,4.3617792687386565
spread,4.3617792687386565
paintin,4.3617792687386565
melt,4.3617792687386565
behold,4.3617792687386565
enter,4.3617792687386565
unload,4.3617792687386565
