WORD,VALUE,
ador,29.669456108942086
tumbl,8.714394987241546
forgiv,8.526515178150243
stray,5.684679517801223
spread,4.357197493620773
melt,4.357197493620773
enter,4.357197493620773
unload,4.357197493620773
