WORD,VALUE,
poor,96.51970132886781
true,56.65721030080664
little,56.65721030080664
sorry,36.95153425923505
big,36.95153425923505
foolish,36.95153425923505
cold,36.95153425923505
moral,36.95153425923505
