WORD,VALUE,
poor,96.54382571017325
true,56.67168485740666
littl,56.67168485740666
big,36.96118390348238
mani,36.96118390348238
foolish,36.96118390348238
cold,36.96118390348238
moral,36.96118390348238
