WORD,VALUE,
poor,96.62872236988133
true,56.72262260059017
littl,56.72262260059017
big,36.99514218840359
mani,36.99514218840359
foolish,36.99514218840359
cold,36.99514218840359
moral,36.99514218840359
