WORD,VALUE,
lee,206.89391181377965
one,197.19905158041502
juda,197.19905158041502
hand,170.01505457221998
along,145.79791086126295
priest,113.34336971481332
man,110.88355171044714
road,96.54382571017325
poor,96.54382571017325
spi,93.57486068741478
love,93.57486068741478
see,91.36569782812018
alon,91.36569782812018
mouth,76.55643888008113
way,76.55643888008113
cri,76.55643888008113
breath,73.92236780696476
dream,73.92236780696476
began,71.99989907173541
tom,56.67168485740666
pain,56.67168485740666
soul,56.67168485740666
true,56.67168485740666
littl,56.67168485740666
must,56.67168485740666
tonight,56.67168485740666
everyth,56.67168485740666
soon,56.67168485740666
home,56.67168485740666
never,56.67168485740666
known,56.67168485740666
veri,54.44032405530407
dear,54.44032405530407
might,54.44032405530407
place,54.44032405530407
boy,54.44032405530407
hear,54.44032405530407
bring,54.44032405530407
around,36.96118390348238
chain,36.96118390348238
took,36.96118390348238
meant,36.96118390348238
wish,36.96118390348238
sir,36.96118390348238
give,36.96118390348238
live,36.96118390348238
lord,36.96118390348238
drifter,36.96118390348238
away,36.96118390348238
shut,36.96118390348238
big,36.96118390348238
without,36.96118390348238
upon,36.96118390348238
doe,36.96118390348238
fall,36.96118390348238
mani,36.96118390348238
stand,36.96118390348238
foolish,36.96118390348238
sat,36.96118390348238
cold,36.96118390348238
stare,36.96118390348238
leav,36.96118390348238
stranger,36.96118390348238
burst,36.96118390348238
ran,36.96118390348238
made,36.96118390348238
ani,36.96118390348238
neighbor,36.96118390348238
moral,36.96118390348238
