WORD,VALUE,
frankie,196.76670072538724
cove,86.75245437016208
whose,58.379588248669414
