WORD,VALUE,
lee,206.89391181377965
juda,197.19905158041502
hand,170.01505457221998
priest,113.34336971481332
man,110.88355171044714
road,96.54382571017325
mouth,76.55643888008113
way,76.55643888008113
one,76.55643888008113
love,73.92236780696476
tom,56.67168485740666
pain,56.67168485740666
everyth,56.67168485740666
home,56.67168485740666
dear,54.44032405530407
boy,54.44032405530407
breath,54.44032405530407
sir,36.96118390348238
soul,36.96118390348238
lord,36.96118390348238
drifter,36.96118390348238
tonight,36.96118390348238
stranger,36.96118390348238
neighbor,36.96118390348238
