WORD,VALUE,
frankie,196.76670072538724
whose,58.379588248669414
