WORD,VALUE,
lee,207.08068332825138
juda,197.36884553143457
priest,113.44524520118034
tom,56.72262260059017
pain,56.72262260059017
dear,54.49126116688421
lord,36.99514218840359
