WORD,VALUE,
spi,93.65975671551949
see,91.45059322462151
cri,76.62435608152693
began,72.06781500997447
known,56.72262260059017
hear,54.49126116688421
bring,54.49126116688421
dream,54.49126116688421
took,36.99514218840359
meant,36.99514218840359
wish,36.99514218840359
give,36.99514218840359
live,36.99514218840359
shut,36.99514218840359
doe,36.99514218840359
fall,36.99514218840359
sat,36.99514218840359
stare,36.99514218840359
ran,36.99514218840359
made,36.99514218840359
