WORD,VALUE,
wa,379.3796367439731
see,91.3415738077309
cried,76.53713941112841
carried,73.9030685184701
began,71.98059996369882
known,56.65721030080664
took,36.95153425923505
meant,36.95153425923505
wish,36.95153425923505
give,36.95153425923505
live,36.95153425923505
ha,36.95153425923505
tried,36.95153425923505
doe,36.95153425923505
sat,36.95153425923505
ran,36.95153425923505
made,36.95153425923505
