WORD,VALUE,
scarlet,33.56457916187666
narrow,26.433016109879986
merri,14.745288470693126
earli,12.922154300004975
special,10.68898698296129
fourth,8.811005369959997
human,6.59165256333463
flat,6.59165256333463
honest,6.044159316134422
loyal,5.966289291438567
singl,5.966289291438567
mystic,5.083902094596289
newborn,5.083902094596289
treacher,3.295826281667315
meek,3.295826281667315
glow,3.295826281667315
south,3.295826281667315
near,3.295826281667315
indian,3.295826281667315
twist,3.295826281667315
cheap,3.295826281667315
motherless,3.295826281667315
dull,3.295826281667315
bent,3.295826281667315
