WORD,VALUE,
christma,88.72487735316301
santa,73.8295342741144
leve,38.94080835205347
shake,35.44778547968053
horizon,33.70663711411378
dixi,29.501250395037623
claus,24.169516568124525
yearn,23.631856986453688
beard,17.918596937685006
happi,17.71302101031575
brain,16.03218086824191
roll,13.036499519024616
stuff,12.553676885107649
cap,11.999450649013076
island,11.815928493226844
coule,11.815928493226844
glori,11.213251628359393
suit,9.29436795082642
grand,9.258910463637655
born,9.258910463637655
christ,9.053478722708764
someday,9.053478722708764
burnin,8.856510505157875
tennesse,8.856510505157875
dam,8.856510505157875
foolin,8.856510505157875
titan,8.856510505157875
urg,8.856510505157875
wood,8.062200462342886
turn,8.062200462342886
better,7.4616945975123095
cherri,7.4616945975123095
rise,7.0746748290538015
plenti,7.0746748290538015
kansa,6.634386425210759
sam,6.634386425210759
put,6.634386425210759
choir,6.634386425210759
east,6.093419733496959
high,6.093419733496959
danger,6.093419733496959
fore,6.093419733496959
deal,6.093419733496959
strife,5.999725324506538
washington,5.999725324506538
dancin,5.999725324506538
parent,5.999725324506538
mississippi,5.999725324506538
phrase,5.999725324506538
wound,5.12386468315067
hog,5.12386468315067
moor,5.12386468315067
vine,4.1803115155732
shepherd,4.1803115155732
pray,4.1803115155732
oak,4.1803115155732
fallin,4.1803115155732
cadillac,4.1803115155732
ringin,4.1803115155732
starlight,4.1803115155732
surpris,3.3171932126053796
paintin,3.3171932126053796
holiday,3.3171932126053796
lawyer,3.3171932126053796
rail,3.3171932126053796
bitch,3.3171932126053796
grove,3.3171932126053796
romeo,3.3171932126053796
task,3.3171932126053796
nanci,3.3171932126053796
bear,3.3171932126053796
pile,3.3171932126053796
mill,3.3171932126053796
core,3.3171932126053796
guid,3.3171932126053796
harmoni,3.3171932126053796
bless,3.3171932126053796
blossom,3.3171932126053796
dancer,3.3171932126053796
cupid,3.3171932126053796
cash,3.3171932126053796
landscap,3.3171932126053796
sidewalk,3.3171932126053796
gutter,3.3171932126053796
