WORD,VALUE,
break,26.885638836130518
Walking,23.600260158451533
cried,22.377515238546984
Move,21.00433761205029
Listen,19.13612210152322
adore,17.971648782805996
fight,13.005104665921634
cross,9.032296055504471
rolled,8.844023433038396
raise,8.343788161484515
Sing,8.343788161484515
Says,7.447412774325093
beginning,7.058598254798847
praise,6.622657648498215
pounding,5.990549594268664
drag,5.990549594268664
Born,5.990549594268664
worked,5.990549594268664
forgive,5.112894201845057
lift,5.112894201845057
stray,4.171894080742257
blazing,4.171894080742257
washed,4.171894080742257
traveling,4.171894080742257
lowered,4.171894080742257
dwell,3.3113288242491077
Lay,3.3113288242491077
drowning,3.3113288242491077
melt,3.3113288242491077
suppose,3.3113288242491077
closed,3.3113288242491077
owns,3.3113288242491077
gathered,3.3113288242491077
become,3.3113288242491077
dropping,3.3113288242491077
Set,3.3113288242491077
whispering,3.3113288242491077
defeated,3.3113288242491077
sailed,3.3113288242491077
laugh,3.3113288242491077
Living,3.3113288242491077
feeling,3.3113288242491077
repeat,3.3113288242491077
unload,3.3113288242491077
