WORD,VALUE,
ador,23.671240466882075
listen,22.426503256718785
sink,17.71302101031575
rais,12.186839466993918
tumbl,11.815928493226844
blaze,6.634386425210759
forgiv,6.093419733496959
prais,5.12386468315067
stray,4.1803115155732
lower,4.1803115155732
spread,3.3171932126053796
melt,3.3171932126053796
enter,3.3171932126053796
unload,3.3171932126053796
suck,3.3171932126053796
determin,3.3171932126053796
