WORD,VALUE,
scarlet,33.4163368458074
narrow,29.40171098866862
earli,21.540974989631906
bright,11.82461945884127
honest,9.146954300273272
flat,8.763534183482387
weari,6.955110127280438
mystic,6.547095755175233
golden,5.9928348734125
human,5.931414496159913
sharp,5.931414496159913
back,4.117686338866538
doubl,4.117686338866538
steadi,4.117686338866538
treacher,3.2735478775876166
twist,3.2735478775876166
cheap,3.2735478775876166
dull,3.2735478775876166
bent,3.2735478775876166
