WORD,VALUE,
narrow,29.852805902762523
early,20.056501874770785
bright,12.164867507694334
honest,9.324445425564825
mystic,8.910909129442953
weary,7.1447772794785696
flat,6.685500624923595
golden,6.152385846279641
human,6.039703186577285
double,6.039703186577285
sharp,6.039703186577285
blazing,4.217004953071705
steady,4.217004953071705
treacherous,3.3427503124617974
twisted,3.3427503124617974
greasy,3.3427503124617974
dull,3.3427503124617974
deadly,3.3427503124617974
