WORD,VALUE,
levee,39.14221926747269
horizon,33.86965856282838
scarlet,33.86965856282838
narrow,29.84619252675094
surely,29.84619252675094
beyond,27.965524197137384
roll,27.5730974794825
everywhere,26.72624390959081
'em,26.579981743138827
someday,22.259168793752337
kings,21.13769950840633
yearn,20.941056399458354
walking,18.012378396394062
worry,17.51449782377224
early,16.86218581991649
john,16.70867340654447
happiness,14.914856570369327
summer,14.54275570331968
burning,14.178938485470711
things,12.076229582422322
says,11.882013955933683
shall,9.375531300340672
flat,9.321841399045796
honest,9.321841399045796
mystic,8.908747969863605
titanic,8.908747969863605
wood,8.431092909958245
wound,8.431092909958245
weary,7.141990180566945
raise,7.141990180566945
moonlight,7.141990180566945
vine,6.683469362617789
hog,6.683469362617789
aside,6.683469362617789
stuff,6.683469362617789
thunder,6.1500416143077
fore,6.1500416143077
human,6.038114791211161
desire,6.038114791211161
shuffle,6.038114791211161
funeral,6.038114791211161
forty,6.038114791211161
mississippi,6.038114791211161
sharp,6.038114791211161
knife,5.169793093258999
husband,5.169793093258999
blazing,4.215546454979123
double,4.215546454979123
wash,4.215546454979123
steady,4.215546454979123
police,4.215546454979123
uncle,4.215546454979123
living,4.215546454979123
brag,4.215546454979123
starlight,4.215546454979123
lower,4.215546454979123
shadows,4.215546454979123
surprise,3.3417346813088944
breast,3.3417346813088944
slaughter,3.3417346813088944
companion,3.3417346813088944
plead,3.3417346813088944
treacherous,3.3417346813088944
melt,3.3417346813088944
bet,3.3417346813088944
lawyer,3.3417346813088944
rail,3.3417346813088944
romeo,3.3417346813088944
tennessee,3.3417346813088944
task,3.3417346813088944
advice,3.3417346813088944
veil,3.3417346813088944
core,3.3417346813088944
justice,3.3417346813088944
undo,3.3417346813088944
harmony,3.3417346813088944
twisted,3.3417346813088944
greasy,3.3417346813088944
landscape,3.3417346813088944
sailing,3.3417346813088944
self,3.3417346813088944
fuss,3.3417346813088944
fog,3.3417346813088944
lights,3.3417346813088944
dull,3.3417346813088944
pistol,3.3417346813088944
cling,3.3417346813088944
deadly,3.3417346813088944
came,3.3417346813088944
pouring,3.3417346813088944
gutter,3.3417346813088944
determine,3.3417346813088944
