WORD,VALUE,
levee,39.15055093612395
horizon,33.87640183611351
scarlet,33.87640183611351
narrow,29.852805902762523
surely,29.852805902762523
beyond,27.973336276694475
everywhere,26.73272738832886
'em,26.59024440490596
someday,22.26859889675916
yearn,20.946394349769953
worry,17.520018846476432
early,16.86801981228682
john,16.713751562308985
happiness,14.918606125314803
summer,14.54801693147679
burning,14.183443877022002
sink,12.07940637315457
tumble,11.884747879726254
shall,9.37889116346552
flat,9.324445425564825
honest,9.324445425564825
mystic,8.910909129442953
titanic,8.910909129442953
wood,8.43400990614341
wound,8.43400990614341
weary,7.1447772794785696
raise,7.1447772794785696
moonlight,7.1447772794785696
vine,6.685500624923595
hog,6.685500624923595
aside,6.685500624923595
sittin,6.685500624923595
stuff,6.685500624923595
thunder,6.152385846279641
fore,6.152385846279641
human,6.039703186577285
desire,6.039703186577285
funeral,6.039703186577285
forty,6.039703186577285
mississippi,6.039703186577285
sharp,6.039703186577285
ringin,6.039703186577285
rollin,5.171694458291262
knife,5.171694458291262
husband,5.171694458291262
blazing,4.217004953071705
speed,4.217004953071705
double,4.217004953071705
wash,4.217004953071705
fallin,4.217004953071705
steady,4.217004953071705
police,4.217004953071705
uncle,4.217004953071705
brag,4.217004953071705
starlight,4.217004953071705
lower,4.217004953071705
burnin,3.3427503124617974
surprise,3.3427503124617974
breast,3.3427503124617974
slaughter,3.3427503124617974
companion,3.3427503124617974
plead,3.3427503124617974
treacherous,3.3427503124617974
paintin,3.3427503124617974
melt,3.3427503124617974
bet,3.3427503124617974
lawyer,3.3427503124617974
rail,3.3427503124617974
romeo,3.3427503124617974
tennessee,3.3427503124617974
task,3.3427503124617974
advice,3.3427503124617974
veil,3.3427503124617974
shuffle,3.3427503124617974
core,3.3427503124617974
pile,3.3427503124617974
justice,3.3427503124617974
undo,3.3427503124617974
harmony,3.3427503124617974
twisted,3.3427503124617974
greasy,3.3427503124617974
pickin,3.3427503124617974
landscape,3.3427503124617974
sailing,3.3427503124617974
self,3.3427503124617974
fuss,3.3427503124617974
fog,3.3427503124617974
dull,3.3427503124617974
pistol,3.3427503124617974
deadly,3.3427503124617974
unload,3.3427503124617974
gutter,3.3427503124617974
determine,3.3427503124617974
