WORD,VALUE,
leve,38.58219725540046
horizon,33.4163368458074
yearn,23.396573356444986
someday,20.838431756705234
john,16.367739387938084
happi,14.662942488936864
summer,14.189828730199313
roll,13.910220254560876
turn,9.150137755724195
wound,8.763534183482387
sittin,8.763534183482387
put,8.763534183482387
titan,8.763534183482387
wood,8.235372677733077
shelf,7.355424085787883
rise,7.355424085787883
moonlight,6.955110127280438
hog,6.547095755175233
stuff,6.547095755175233
bit,6.547095755175233
thunder,5.9928348734125
fore,5.9928348734125
vine,5.931414496159913
desir,5.931414496159913
mississippi,5.931414496159913
fallin,5.931414496159913
ringin,5.931414496159913
starlight,5.931414496159913
mean,5.931414496159913
rollin,5.0422596647551075
husband,5.0422596647551075
deal,5.0422596647551075
knife,4.117686338866538
polic,4.117686338866538
uncl,4.117686338866538
meet,4.117686338866538
burnin,3.2735478775876166
surpris,3.2735478775876166
breast,3.2735478775876166
companion,3.2735478775876166
paintin,3.2735478775876166
fat,3.2735478775876166
lawyer,3.2735478775876166
romeo,3.2735478775876166
tennesse,3.2735478775876166
task,3.2735478775876166
bear,3.2735478775876166
advic,3.2735478775876166
veil,3.2735478775876166
core,3.2735478775876166
justic,3.2735478775876166
harmoni,3.2735478775876166
chief,3.2735478775876166
old,3.2735478775876166
landscap,3.2735478775876166
self,3.2735478775876166
fog,3.2735478775876166
pistol,3.2735478775876166
gutter,3.2735478775876166
