WORD,VALUE,
levee,39.15055093612395
horizon,33.87640183611351
scarlet,33.87640183611351
roll,18.64889085112965
john,16.713751562308985
happiness,14.918606125314803
summer,14.54801693147679
burning,14.183443877022002
turn,12.644768946891231
wound,8.910909129442953
titanic,8.910909129442953
wood,8.43400990614341
rise,7.523945134867233
moonlight,7.1447772794785696
vine,6.685500624923595
hog,6.685500624923595
stuff,6.685500624923595
thunder,6.152385846279641
fore,6.152385846279641
desire,6.039703186577285
funeral,6.039703186577285
mississippi,6.039703186577285
knife,5.171694458291262
husband,5.171694458291262
deal,5.171694458291262
praise,4.217004953071705
police,4.217004953071705
uncle,4.217004953071705
starlight,4.217004953071705
surprise,3.3427503124617974
breast,3.3427503124617974
companion,3.3427503124617974
lawyer,3.3427503124617974
rail,3.3427503124617974
romeo,3.3427503124617974
tennessee,3.3427503124617974
task,3.3427503124617974
bear,3.3427503124617974
advice,3.3427503124617974
veil,3.3427503124617974
core,3.3427503124617974
justice,3.3427503124617974
harmony,3.3427503124617974
chief,3.3427503124617974
landscape,3.3427503124617974
sailing,3.3427503124617974
self,3.3427503124617974
fuss,3.3427503124617974
fog,3.3427503124617974
pistol,3.3427503124617974
gutter,3.3427503124617974
