WORD,VALUE,
john,16.709412712947692
someday,14.923577675968199
roll,12.647276369137172
winter,8.909062606800294
titan,8.909062606800294
mississippi,6.038346040319826
romeo,3.3418825425895378
tennesse,3.3418825425895378
old,3.3418825425895378
