WORD,VALUE,
john,16.713751562308985
titanic,8.910909129442953
mississippi,6.039703186577285
romeo,3.3427503124617974
tennessee,3.3427503124617974
