NGRAM,VALUE,
franki lee,12.127284330769374
along cove,7.35331715647197
piti immigr,6.5908747479340315
piti poor,6.092365389873853
poor immigr,6.092365389873853
togeth hand,5.506166478982015
walk hand,5.506166478982015
dear landlord,5.371043109476132
tom pain,5.371043109476132
juda priest,5.320123878526834
cove spi,5.202556093645909
'm sorri,4.712088212921964
along spi,4.357757203490475
cove hand,3.973343231308416
priest lee,3.573275826432343
juda etern,3.4533084400042666
priest franki,3.4027006605442294
road franki,2.3787065417745934
hand along,1.9370505540165661
