NGRAM,VALUE,
franki lee,12.084905378404027
along cove,7.330066606326
piti immigr,6.575129583632427
piti poor,6.076675146522165
poor immigr,6.076675146522165
togeth hand,5.490550219759559
walk hand,5.490550219759559
dear landlord,5.359204968777446
tom pain,5.359204968777446
juda priest,5.30099898019731
cove spi,5.1870126421705605
along spi,4.342435206032258
cove hand,3.9581688718075396
priest lee,3.5582872900847864
juda etern,3.4417597130624165
priest franki,3.3878053576462923
road franki,2.367656722436932
hand along,1.9263750313589416
