NGRAM,VALUE,
priest frankie lee,369.37016025225427
along cove spy,301.9880853723687
pity poor immigrant,287.01859561592875
dear landlord please,249.33614951565352
walk together hand,200.12831082351528
cove together hand,183.23054883821874
judas priest frankie,182.07851271341193
