NGRAM,VALUE,
Priest Frankie Lee,396.72069586071103
along cove spied,312.93043689627257
pity poor immigrant,290.42581539032363
walked together hand,188.68249475942253
Judas Priest Frankie,186.48371678862998
cove together hand,186.0349828274181
