NGRAM,VALUE,
priest franki lee,396.72069586071103
along cove spi,312.93043689627257
piti poor immigr,290.42581539032363
walk togeth hand,188.68249475942253
juda priest franki,186.48371678862998
cove togeth hand,186.0349828274181
