NGRAM,VALUE,
priest franki lee,395.66095937417833
along cove spi,312.2218194015571
piti poor immigr,289.8553901988619
walk togeth hand,188.25690665285467
juda priest franki,185.88702334475275
cove togeth hand,185.5653563310408
