WORD,VALUE,
uh-huh,201.61771656342336
dandi,52.36564033565686
broken,33.20270137880493
roll,21.68293806388168
babi,18.959412909093828
closer,15.915262112337606
blue-ey,14.412622995635518
gay,11.171904103983401
finest,8.833306631957067
longer,8.833306631957067
bend,7.707152175605879
stormi,7.707152175605879
tender,7.707152175605879
fat,7.206311497817759
foggi,4.416653315978533
pleasant,4.416653315978533
high-heel,4.416653315978533
bold,4.416653315978533
leavin,4.416653315978533
