WORD,VALUE,
broken,83.03118145683652
dandy,52.52349204542301
blue-eyed,14.48757962353072
gay,11.212759594996882
frail,7.737371646732755
broke,7.737371646732755
bended,7.737371646732755
tender,7.737371646732755
foggy,4.436236767218804
wee,4.436236767218804
pleasant,4.436236767218804
high-heeled,4.436236767218804
bold,4.436236767218804
