WORD,VALUE,
broken,82.93891632039913
dandy,52.48339224330438
blue-eyed,14.468532599399326
gay,11.202380154760988
frail,7.729694057577107
broke,7.729694057577107
bended,7.729694057577107
tender,7.729694057577107
foggy,4.431261029143405
wee,4.431261029143405
pleasant,4.431261029143405
high-heeled,4.431261029143405
bold,4.431261029143405
