WORD,VALUE,
ring,49.71575712888749
burn,37.197837423899685
disease,37.18860043216744
miss,33.638278784990646
cat,31.862599290591263
davey,29.58156070135729
wedding,24.2312006809546
rat,23.476755569620014
frog,22.130654330362393
albert,22.130654330362393
b.,22.130654330362393
momma,14.790780350678645
pat,14.619957055424544
sailor,13.175166999325988
engine,11.68344795195948
waist,11.212759594996882
blind,11.212759594996882
teardrop,11.212759594996882
arthur,10.200222493739792
gamblin,10.200222493739792
leather,8.713785649112287
bee,8.713785649112287
stormy,7.737371646732755
bull,7.737371646732755
london,7.737371646732755
snake,7.24378981176536
sigh,7.24378981176536
downtown,5.799795857187257
cousin,4.436236767218804
daylight,4.436236767218804
drive,4.436236767218804
bump,4.436236767218804
buddy,4.436236767218804
niece,4.436236767218804
fortress,4.436236767218804
napkin,4.436236767218804
park,4.436236767218804
woe,4.436236767218804
jackie,4.436236767218804
cannonball,4.436236767218804
willow,4.436236767218804
ease,4.436236767218804
