WORD,VALUE,
broken,44.74039161065542
diseas,37.09297322305248
cat,36.656539068362676
miss,33.55028701299695
davey,29.507628645785633
step,24.57262793700913
wed,24.159690941023904
rat,23.40003270820901
frog,22.07841742833405
albert,22.07841742833405
b.,22.07841742833405
shootin,18.392015962825027
blind,14.753814322892817
pat,14.57135362685763
sailor,13.12256160709924
waist,11.183429004332318
teardrop,11.183429004332318
arthur,10.165678781594918
flyin,8.84435410159352
leather,8.68045309478789
bee,8.68045309478789
bull,7.715676493189449
tick,7.715676493189449
layin,7.715676493189449
london,7.715676493189449
seen,7.715676493189449
snake,7.216881536741748
mark,5.77931186146443
cousin,4.42217705079676
wee,4.42217705079676
lad,4.42217705079676
bid,4.42217705079676
daylight,4.42217705079676
bump,4.42217705079676
buddi,4.42217705079676
straight,4.42217705079676
niec,4.42217705079676
fortress,4.42217705079676
napkin,4.42217705079676
woe,4.42217705079676
jacki,4.42217705079676
cannonbal,4.42217705079676
willow,4.42217705079676
eas,4.42217705079676
