WORD,VALUE,
davey,29.555398118725
miss,23.189082172731325
albert,22.112169336885753
b.,22.112169336885753
judge,11.202380154760988
arthur,10.187997130593844
mouse,7.729694057577107
london,7.729694057577107
jackie,4.431261029143405
willow,4.431261029143405
