WORD,VALUE,
broken,44.7018614654184
miss,33.5157123119502
davey,33.29450423853565
feel,26.54228730236759
albert,22.057890779689096
b.,22.057890779689096
black,17.561983673254996
arthur,10.152108159905584
judg,8.833306631957067
mous,7.707152175605879
london,7.707152175605879
seen,7.707152175605879
took,5.771264974593324
straight,4.416653315978533
jacki,4.416653315978533
