WORD,VALUE,
davey,29.647261834777098
miss,23.26995993577345
albert,22.17707379859047
judge,11.2388257109477
arthur,10.230929686278625
mouse,7.756653311924483
london,7.756653311924483
jackie,4.448733981651445
willow,4.448733981651445
