WORD,VALUE,
davey,29.58156070135729
miss,23.212114940198262
albert,22.130654330362393
b.,22.130654330362393
arthur,10.200222493739792
judge,8.872473534437608
mouse,7.737371646732755
london,7.737371646732755
jackie,4.436236767218804
willow,4.436236767218804
