WORD,VALUE,
ring,45.004405144987494
linger,18.959412909093828
mama,18.37448989694542
broken,13.101898959963723
forsak,10.140108355014824
led,8.833306631957067
ate,7.707152175605879
swallow,7.206311497817759
gambl,7.206311497817759
mistreat,7.206311497817759
creep,7.206311497817759
dig,5.771264974593324
finish,4.416653315978533
spoken,4.416653315978533
engag,4.416653315978533
mount,4.416653315978533
confin,4.416653315978533
rot,4.416653315978533
