WORD,VALUE,
step,28.260947892785754
linger,19.10239576681269
seen,18.963472832166747
mistreat,8.89746796330289
layin,7.756653311924483
charm,5.8180058352934525
woke,4.448733981651445
reel,4.448733981651445
engage,4.448733981651445
mount,4.448733981651445
joke,4.448733981651445
bloom,4.448733981651445
confine,4.448733981651445
