WORD,VALUE,
step,29.338620780101294
linger,19.04669414540858
shootin,18.436617427732116
mistreat,8.872473534437608
layin,7.737371646732755
flyin,7.24378981176536
swallow,7.24378981176536
creep,5.799795857187257
engage,4.436236767218804
pace,4.436236767218804
mount,4.436236767218804
bloom,4.436236767218804
confine,4.436236767218804
