WORD,VALUE,
ring,45.06421136656306
linger,18.984031000419613
broken,13.12256160709924
forsak,10.15572469804458
led,8.84435410159352
creep,8.84435410159352
ate,7.715676493189449
swallow,7.216881536741748
mistreat,7.216881536741748
dig,5.77931186146443
finish,4.42217705079676
spoken,4.42217705079676
engag,4.42217705079676
mount,4.42217705079676
confin,4.42217705079676
rot,4.42217705079676
