WORD,VALUE,
honest,12.623114030321112
mystic,9.27184767108134
back,6.0910304406309095
flat,6.0910304406309095
cheer,4.63592383554067
