WORD,VALUE,
honest,12.906906801507159
mystic,11.861046645712094
cheerful,4.74767872433364
