WORD,VALUE,
honest,12.873308260622819
mystic,9.468889168335087
flat,6.234919204836698
cheer,4.7344445841675435
