WORD,VALUE,
honest,13.035637365330839
mystic,11.966366125194664
flat,6.32838219167945
cheerful,4.798392607055237
