WORD,VALUE,
leve,50.35415668764695
horizon,42.92283902428427
beyond,38.61992478186846
yearn,28.183374331473196
everywher,23.67222292083771
summer,21.854199646890258
worri,20.271804154524574
honest,12.873308260622819
moonlight,11.041351471421297
mystic,9.468889168335087
vine,9.468889168335087
hog,9.468889168335087
sittin,9.468889168335087
stuff,9.468889168335087
tumbl,9.468889168335087
shelf,9.422740058163122
thunder,9.422740058163122
desir,8.196871749929532
southern,8.196871749929532
mississippi,8.196871749929532
ringin,8.196871749929532
rollin,7.8158286901155005
flat,7.8158286901155005
bear,6.234919204836698
fallin,6.234919204836698
polic,6.234919204836698
brag,6.234919204836698
burnin,4.7344445841675435
paintin,4.7344445841675435
bet,4.7344445841675435
lawyer,4.7344445841675435
romeo,4.7344445841675435
tennesse,4.7344445841675435
strife,4.7344445841675435
advic,4.7344445841675435
shuffl,4.7344445841675435
pile,4.7344445841675435
pickin,4.7344445841675435
landscap,4.7344445841675435
self,4.7344445841675435
fuss,4.7344445841675435
fog,4.7344445841675435
unload,4.7344445841675435
gutter,4.7344445841675435
