WORD,VALUE,
levee,50.51429259116531
horizon,43.05188680723786
beyond,38.77380028446076
yearn,28.287523100099584
everywhere,23.77324148900108
summer,21.96140732129118
burning,20.466575105135508
worry,20.369692522224923
happiness,20.07147819172742
walking,16.455919740988598
things,16.455919740988598
says,15.625721960800451
honest,12.924600094820258
mystic,11.875524511938554
tumble,11.875524511938554
moonlight,11.098832411856293
vine,9.509296595600432
hog,9.509296595600432
stuff,9.509296595600432
thunder,9.470901691897541
desire,8.227959870494299
shuffle,8.227959870494299
southern,8.227959870494299
mississippi,8.227959870494299
flat,7.854671017149335
police,6.26444222516995
brag,6.26444222516995
cheerful,4.754648297800216
melt,4.754648297800216
bet,4.754648297800216
lawyer,4.754648297800216
romeo,4.754648297800216
tennessee,4.754648297800216
strife,4.754648297800216
advice,4.754648297800216
harmony,4.754648297800216
landscape,4.754648297800216
self,4.754648297800216
fuss,4.754648297800216
fog,4.754648297800216
gutter,4.754648297800216
