WORD,VALUE,
levee,50.86081638168133
horizon,43.33111763649831
beyond,39.10691209599251
yearning,31.4802244521142
cried,30.248021384507286
everywhere,23.991963035276186
worry,23.991963035276186
summer,22.193618535328625
cry,22.193618535328625
happiness,20.22961276623909
brains,16.59050566349972
honest,13.035637365330839
mystic,11.966366125194664
rolled,11.966366125194664
carry,11.223359350129222
moonlight,11.223359350129222
memories,11.09096466806841
lift,11.09096466806841
wood,9.596785214110474
vine,9.596785214110474
sittin,9.596785214110474
stuff,9.596785214110474
traveling,9.596785214110474
tumbled,9.596785214110474
shelf,9.575232972915991
thunder,9.575232972915991
southern,8.29525283174986
throwing,8.29525283174986
mississippi,8.29525283174986
brag,8.29525283174986
ringin,8.29525283174986
rollin,7.9388066409133105
fallin,6.32838219167945
police,6.32838219167945
linger,4.798392607055237
burnin,4.798392607055237
cheerful,4.798392607055237
mule,4.798392607055237
drowning,4.798392607055237
paintin,4.798392607055237
2,4.798392607055237
bet,4.798392607055237
bees,4.798392607055237
romeo,4.798392607055237
tennessee,4.798392607055237
strife,4.798392607055237
trapped,4.798392607055237
advice,4.798392607055237
whispering,4.798392607055237
defeated,4.798392607055237
struggle,4.798392607055237
harmony,4.798392607055237
pickin,4.798392607055237
landscape,4.798392607055237
self,4.798392607055237
fuss,4.798392607055237
fog,4.798392607055237
barking,4.798392607055237
hammer,4.798392607055237
unload,4.798392607055237
gutter,4.798392607055237
