WORD,VALUE,
leve,49.572435126865635
horizon,42.292790945177785
beyond,37.86934209096333
yearn,27.67520115340073
everywher,23.17961917770335
worri,21.382288291010614
summer,21.33179732311507
honest,12.623114030321112
vine,11.628725769718907
sittin,11.628725769718907
moonlight,10.76135866047877
shelf,10.691144145505307
mystic,9.27184767108134
hog,9.27184767108134
stuff,9.27184767108134
tumbl,9.27184767108134
thunder,9.18811526279951
tight,9.18811526279951
desir,8.0451982682547
southern,8.0451982682547
mississippi,8.0451982682547
ringin,8.0451982682547
rollin,7.626571910330796
flat,7.626571910330796
bit,7.626571910330796
spare,6.0910304406309095
bear,6.0910304406309095
fallin,6.0910304406309095
polic,6.0910304406309095
brag,6.0910304406309095
burnin,4.63592383554067
paintin,4.63592383554067
2,4.63592383554067
bet,4.63592383554067
lawyer,4.63592383554067
romeo,4.63592383554067
tennesse,4.63592383554067
strife,4.63592383554067
creep,4.63592383554067
advic,4.63592383554067
shuffl,4.63592383554067
pile,4.63592383554067
pickin,4.63592383554067
landscap,4.63592383554067
self,4.63592383554067
fog,4.63592383554067
unload,4.63592383554067
gutter,4.63592383554067
