WORD,VALUE,
levee,50.459057834052764
horizon,43.00737576997183
beyond,38.72072040452148
yearn,28.251597794180068
everywhere,23.738393621668195
summer,21.924421465458284
burning,20.435481384182566
worry,20.335922093478665
happiness,20.046276605654434
honest,12.906906801507159
mystic,11.861046645712094
moonlight,11.079001130043187
vine,9.49535744866728
hog,9.49535744866728
sittin,9.49535744866728
stuff,9.49535744866728
tumble,9.49535744866728
thunder,9.454285837171065
desire,8.217236150647778
southern,8.217236150647778
mississippi,8.217236150647778
ringin,8.217236150647778
rollin,7.841270589509492
flat,7.841270589509492
fallin,6.254257224616742
police,6.254257224616742
brag,6.254257224616742
burnin,4.74767872433364
cheerful,4.74767872433364
paintin,4.74767872433364
melt,4.74767872433364
bet,4.74767872433364
lawyer,4.74767872433364
romeo,4.74767872433364
tennessee,4.74767872433364
strife,4.74767872433364
advice,4.74767872433364
shuffle,4.74767872433364
pile,4.74767872433364
harmony,4.74767872433364
pickin,4.74767872433364
landscape,4.74767872433364
self,4.74767872433364
fuss,4.74767872433364
fog,4.74767872433364
unload,4.74767872433364
gutter,4.74767872433364
