WORD,VALUE,
levee,50.86081638168133
horizon,43.33111763649831
yearning,31.4802244521142
someday,27.397238122906828
summer,22.193618535328625
happiness,20.22961276623909
turn,17.81160318125069
brains,16.59050566349972
moonlight,11.223359350129222
memories,11.09096466806841
rise,11.09096466806841
wood,9.596785214110474
sittin,9.596785214110474
stuff,9.596785214110474
shelf,9.575232972915991
thunder,9.575232972915991
mississippi,8.29525283174986
fallin,8.29525283174986
ringin,8.29525283174986
rollin,7.9388066409133105
deal,7.9388066409133105
vine,6.32838219167945
police,6.32838219167945
burnin,4.798392607055237
mule,4.798392607055237
paintin,4.798392607055237
bees,4.798392607055237
romeo,4.798392607055237
tennessee,4.798392607055237
strife,4.798392607055237
bear,4.798392607055237
southern,4.798392607055237
advice,4.798392607055237
harmony,4.798392607055237
landscape,4.798392607055237
self,4.798392607055237
fog,4.798392607055237
hammer,4.798392607055237
gutter,4.798392607055237
