WORD,VALUE,
levee,50.51429259116531
horizon,43.05188680723786
summer,21.96140732129118
burning,20.466575105135508
happiness,20.07147819172742
turn,17.65682160148508
things,16.455919740988598
moonlight,11.098832411856293
rise,10.983280392303897
vine,9.509296595600432
hog,9.509296595600432
stuff,9.509296595600432
thunder,9.470901691897541
desire,8.227959870494299
mississippi,8.227959870494299
deal,7.854671017149335
police,6.26444222516995
lawyer,4.754648297800216
romeo,4.754648297800216
tennessee,4.754648297800216
strife,4.754648297800216
bear,4.754648297800216
southern,4.754648297800216
advice,4.754648297800216
harmony,4.754648297800216
landscape,4.754648297800216
self,4.754648297800216
fuss,4.754648297800216
fog,4.754648297800216
gutter,4.754648297800216
