WORD,VALUE,
levee,50.459057834052764
horizon,43.00737576997183
summer,21.924421465458284
burning,20.435481384182566
happiness,20.046276605654434
turn,17.632158734705406
moonlight,11.079001130043187
rise,10.966125818284109
vine,9.49535744866728
hog,9.49535744866728
stuff,9.49535744866728
thunder,9.454285837171065
desire,8.217236150647778
mississippi,8.217236150647778
deal,7.841270589509492
police,6.254257224616742
lawyer,4.74767872433364
romeo,4.74767872433364
tennessee,4.74767872433364
strife,4.74767872433364
bear,4.74767872433364
southern,4.74767872433364
advice,4.74767872433364
harmony,4.74767872433364
landscape,4.74767872433364
self,4.74767872433364
fuss,4.74767872433364
fog,4.74767872433364
gutter,4.74767872433364
