WORD,VALUE,
someday,19.581674648291244
heart,16.19647969247739
winter,11.966366125194664
mississippi,8.29525283174986
romeo,4.798392607055237
tennessee,4.798392607055237
water,4.798392607055237
southern,4.798392607055237
