WORD,VALUE,
someday,19.068862708854297
winter,11.628725769718907
mississippi,8.0451982682547
meet,6.0910304406309095
romeo,4.63592383554067
tennesse,4.63592383554067
water,4.63592383554067
southern,4.63592383554067
