WORD,VALUE,
mississippi,8.217236150647778
romeo,4.74767872433364
tennessee,4.74767872433364
southern,4.74767872433364
