WORD,VALUE,
mississippi,8.227959870494299
romeo,4.754648297800216
tennessee,4.754648297800216
southern,4.754648297800216
