WORD,VALUE,
yearn,31.214979896388076
worry,20.335922093478665
sittin,9.49535744866728
rollin,9.49535744866728
tumble,9.49535744866728
part,8.217236150647778
fallin,8.217236150647778
ringin,8.217236150647778
fit,6.254257224616742
burnin,4.74767872433364
paintin,4.74767872433364
melt,4.74767872433364
pickin,4.74767872433364
bark,4.74767872433364
unload,4.74767872433364
