WORD,VALUE,
rain,38.862674808280254
yearn,31.230881258867704
worry,20.350648090841958
says,15.615440629433852
walking,12.914622409723703
tumble,11.867360176099291
part,8.22191253018236
drop,7.847113973850156
fit,6.258698531128056
study,4.750717953015605
melt,4.750717953015605
