WORD,VALUE,
rain,38.8874714620681
yearn,31.251443921600902
worry,20.369692522224923
says,15.625721960800451
walking,12.924600094820258
tumble,11.875524511938554
part,8.227959870494299
drop,7.854671017149335
fit,6.26444222516995
study,4.754648297800216
melt,4.754648297800216
