WORD,VALUE,
worri,20.271804154524574
tumbl,9.468889168335087
forgiv,7.8158286901155005
melt,4.7344445841675435
unload,4.7344445841675435
