WORD,VALUE,
sad-eyed,45.4959632356368
lost,14.297000411127593
complete,12.505976268084208
unkind,10.722750308345695
mighty,8.882890328933923
gold,7.1485002055637965
blowed,4.550095001032622
cute,3.5742501027818983
phony,3.5742501027818983
prime,3.5742501027818983
awful,3.5742501027818983
moral,3.5742501027818983
useless,3.5742501027818983
