WORD,VALUE,
sad-ey,45.590017245030076
complet,12.53644117183021
alon,12.53644117183021
unkind,10.756914824501155
mighti,8.919424808421214
tire,7.814143318362129
cute,3.5856382748337188
phoni,3.5856382748337188
prime,3.5856382748337188
aw,3.5856382748337188
moral,3.5856382748337188
useless,3.5856382748337188
