WORD,VALUE,
sad-ey,45.41132573378651
complet,12.478564412888304
alon,12.478564412888304
unkind,10.692017824746923
mighti,8.85003818506357
cute,3.564005941582306
phoni,3.564005941582306
prime,3.564005941582306
aw,3.564005941582306
moral,3.564005941582306
useless,3.564005941582306
