WORD,VALUE,
father,46.13796373379101
weekend,44.40530069334912
ladi,44.24095014839328
maggi,40.783916521766905
stone,32.30765095005444
lee,31.361410019931036
gate,26.367365937587177
eden,25.49278606856126
juda,25.07288234366042
coin,22.20265034667456
johnni,22.20265034667456
memphi,21.94246900463822
truck,18.940488027205056
tombston,18.940488027205056
franki,18.266049738286142
insid,17.92819137416859
brand,15.81318737979068
tom,15.71436468672923
ticket,15.71436468672923
melodi,15.71436468672923
unknown,15.71436468672923
minstrel,15.71436468672923
factori,13.509701277251008
messag,12.83771918438644
kitchen,12.674741991149222
lowland,12.53644117183021
drum,12.53644117183021
degre,12.338921036666054
promis,11.685476648038652
jone,11.685476648038652
priest,11.685476648038652
hole,11.255642917838006
distanc,10.756914824501155
blanket,10.756914824501155
vision,10.18452564559309
toe,9.94648979355268
hopin,9.94648979355268
y',9.94648979355268
bill,9.133024869143071
watch,8.116340578738985
singin,8.116340578738985
pa,8.116340578738985
prophet,8.116340578738985
sweet,7.814143318362129
bail,7.1712765496674375
lay,7.1712765496674375
brass,7.1712765496674375
bum,6.41885959219322
jug,6.41885959219322
robe,6.41885959219322
landlord,6.41885959219322
circus,6.41885959219322
imag,6.41885959219322
candl,6.41885959219322
direct,6.41885959219322
load,6.41885959219322
rainbow,4.5665124345715356
badg,4.5665124345715356
sooner,4.5665124345715356
eskimo,4.5665124345715356
thumb,3.5856382748337188
crutch,3.5856382748337188
damsel,3.5856382748337188
organ,3.5856382748337188
maiden,3.5856382748337188
saxophon,3.5856382748337188
fiddler,3.5856382748337188
comrad,3.5856382748337188
charg,3.5856382748337188
shout,3.5856382748337188
pound,3.5856382748337188
drifter,3.5856382748337188
shovel,3.5856382748337188
curfew,3.5856382748337188
claw,3.5856382748337188
princess,3.5856382748337188
drag,3.5856382748337188
fingertip,3.5856382748337188
post,3.5856382748337188
meal,3.5856382748337188
barkin,3.5856382748337188
frame,3.5856382748337188
rang,3.5856382748337188
artist,3.5856382748337188
fighter,3.5856382748337188
failur,3.5856382748337188
