WORD,VALUE,
father,44.328646472256864
weekend,44.21705832408432
ladi,43.931648852875625
maggi,40.588653911689775
stone,36.58781603815166
lee,31.211942693565646
gate,26.18981764797248
juda,24.957128825776607
coin,22.10852916204216
johnni,22.10852916204216
memphi,21.83879696198457
eden,19.155437351134925
truck,18.85844831780282
tombston,18.85844831780282
franki,18.14131697319551
insid,16.127050108429827
tom,15.644406452557158
ticket,15.644406452557158
melodi,15.644406452557158
unknown,15.644406452557158
minstrel,15.644406452557158
factori,13.432722802266607
messag,12.770291567423287
jug,12.478564412888304
lowland,12.478564412888304
drum,12.478564412888304
degre,12.247902080056999
promis,11.61102879026317
jone,11.61102879026317
priest,11.61102879026317
hole,11.174174819250197
distanc,10.692017824746923
blanket,10.692017824746923
vision,10.112608405026524
kitchen,9.949521444178192
toe,9.891143651819693
hopin,9.891143651819693
paper,9.380538694591154
bill,9.070658486597756
brand,8.85003818506357
singin,8.063525054214914
pa,8.063525054214914
prophet,8.063525054214914
sweet,7.754307553025731
bail,7.128011883164612
lay,7.128011883164612
brass,7.128011883164612
watch,6.664847458720141
isl,6.385145783711644
bum,6.385145783711644
robe,6.385145783711644
landlord,6.385145783711644
circus,6.385145783711644
imag,6.385145783711644
candl,6.385145783711644
direct,6.385145783711644
load,6.385145783711644
cost,5.587087409625099
lad,4.535329243298878
rainbow,4.535329243298878
badg,4.535329243298878
advic,4.535329243298878
sooner,4.535329243298878
eskimo,4.535329243298878
thumb,3.564005941582306
crutch,3.564005941582306
damsel,3.564005941582306
organ,3.564005941582306
maiden,3.564005941582306
saxophon,3.564005941582306
rovin,3.564005941582306
comrad,3.564005941582306
charg,3.564005941582306
shout,3.564005941582306
pound,3.564005941582306
drifter,3.564005941582306
shovel,3.564005941582306
curfew,3.564005941582306
claw,3.564005941582306
princess,3.564005941582306
drag,3.564005941582306
fingertip,3.564005941582306
post,3.564005941582306
meal,3.564005941582306
barkin,3.564005941582306
rang,3.564005941582306
artist,3.564005941582306
fighter,3.564005941582306
failur,3.564005941582306
