WORD,VALUE,
father,44.47178245306015
weekend,44.30621742246876
lady,44.07810546208178
maggie,40.681133638477085
stone,36.72042558176437
lee,31.28273312982249
gate,26.273890597840794
juda,25.011952536168415
coin,22.15310871123438
johnny,22.15310871123438
memphis,21.887898107710946
eden,19.203337528730014
truck,18.897305302329602
tombstone,18.897305302329602
frankie,18.200380004130487
tom,15.677540872418504
ticket,15.677540872418504
melody,15.677540872418504
minstrel,15.677540872418504
factory,13.46917785053082
message,12.802225019153342
jug,12.505976268084208
lowland,12.505976268084208
degree,12.290998385126937
sign,12.201410624754192
promise,11.646282870396096
jones,11.646282870396096
hole,11.212749527785991
distance,10.722750308345695
blanket,10.722750308345695
priest,10.146661517028166
vision,10.146661517028166
kitchen,9.986895184582702
toe,9.917354538884313
paper,9.402227985121625
bill,9.100190002065244
brand,8.882890328933923
pa,8.088534973148247
prophet,8.088534973148247
brass,7.1485002055637965
unknown,7.1485002055637965
isle,6.401112509576671
belle,6.401112509576671
bum,6.401112509576671
ramblin,6.401112509576671
robe,6.401112509576671
landlord,6.401112509576671
circus,6.401112509576671
image,6.401112509576671
candle,6.401112509576671
direction,6.401112509576671
load,6.401112509576671
whose,5.606374763892996
cost,5.606374763892996
lovin,5.606374763892996
lad,4.550095001032622
bail,4.550095001032622
rainbow,4.550095001032622
badge,4.550095001032622
advice,4.550095001032622
sooner,4.550095001032622
eskimo,4.550095001032622
thumb,3.5742501027818983
crutch,3.5742501027818983
damsel,3.5742501027818983
disguise,3.5742501027818983
saxophone,3.5742501027818983
charge,3.5742501027818983
drifter,3.5742501027818983
curfew,3.5742501027818983
claw,3.5742501027818983
princess,3.5742501027818983
plain,3.5742501027818983
scorn,3.5742501027818983
drag,3.5742501027818983
stay,3.5742501027818983
fingertip,3.5742501027818983
post,3.5742501027818983
meal,3.5742501027818983
tramp,3.5742501027818983
range,3.5742501027818983
artist,3.5742501027818983
fighter,3.5742501027818983
failure,3.5742501027818983
