WORD,VALUE,
maggie,40.681133638477085
queen,32.06739850499019
lee,31.28273312982249
man,28.743009402678442
juda,25.011952536168415
johnny,22.15310871123438
memphis,21.887898107710946
eden,19.203337528730014
frankie,18.200380004130487
tom,15.677540872418504
mister,11.646282870396096
jones,11.646282870396096
day,10.146661517028166
captain,9.402227985121625
bill,9.402227985121625
pa,8.088534973148247
highway,6.688656409522193
belle,6.401112509576671
avenue,6.401112509576671
whose,5.606374763892996
sooner,4.550095001032622
night,3.5742501027818983
