WORD,VALUE,
maggi,40.588653911689775
queen,31.288812905114316
lee,31.211942693565646
juda,28.686984724155348
father,28.10893525768282
eden,25.38658340869869
johnni,22.10852916204216
memphi,21.83879696198457
franki,18.14131697319551
man,15.697127124371631
tom,15.644406452557158
daddi,13.432722802266607
watch,12.478564412888304
mister,11.61102879026317
jone,11.61102879026317
day,10.112608405026524
bill,9.380538694591154
sweet,9.070658486597756
avenu,6.385145783711644
sooner,6.385145783711644
captain,5.587087409625099
summer,5.587087409625099
blue,5.587087409625099
bell,4.535329243298878
eskimo,4.535329243298878
night,3.564005941582306
