WORD,VALUE,
sang,47.48891097557079
dug,12.770291567423287
lean,10.692017824746923
comin,9.891143651819693
ach,9.891143651819693
warn,9.891143651819693
forgot,9.070658486597756
hand,8.85003818506357
spi,8.85003818506357
refus,7.128011883164612
peek,6.385145783711644
mention,6.385145783711644
point,5.587087409625099
fear,5.587087409625099
disguis,4.535329243298878
discov,4.535329243298878
kneel,3.564005941582306
invit,3.564005941582306
flip,3.564005941582306
employ,3.564005941582306
argu,3.564005941582306
recit,3.564005941582306
scorn,3.564005941582306
aim,3.564005941582306
wind,3.564005941582306
skip,3.564005941582306
sparkl,3.564005941582306
mix,3.564005941582306
bar,3.564005941582306
mutter,3.564005941582306
