WORD,VALUE,
wiggle,747.7351963217153
conceit,170.6397842600212
doorway,64.75522535213598
