WORD,VALUE,
wiggle,806.3750612699089
teardrop,62.42842014208904
