WORD,VALUE,
wiggle,747.3006113757349
conceit,170.5351747010318
doorway,64.71499257789871
