WORD,VALUE,
god,476.6343780077552
broken,211.76304262359335
everyth,133.53953545970435
feel,76.8023202839089
seen,47.93346164366526
miss,31.135783713994204
jane,31.135783713994204
far,31.135783713994204
