WORD,VALUE,
god,475.06797001972905
broken,211.0842508466199
everyth,133.12181026732378
feel,76.54126217978512
seen,47.77681999681572
miss,31.031358776250876
jane,31.031358776250876
far,31.031358776250876
