WORD,VALUE,
saw,61.7477556796124
weep,37.575076227830806
rumble,24.23068752525585
