WORD,VALUE,
old,209.20785433373518
last,167.11650374384038
new,148.8226302093699
wrong,146.48993739893984
high,136.94453238601673
black,112.96523213347547
hard,109.45925030795294
right,101.05076302415091
readi,96.25290518094556
dead,96.25290518094556
mani,96.25290518094556
best,96.25290518094556
sweet,92.99757850049461
long,90.5380929625012
whole,88.53552182903498
blue,88.53552182903498
true,79.58877805399247
bad,79.58877805399247
low,76.62014549760679
sad,74.41131510468495
better,62.99246724841107
dark,62.99246724841107
littl,62.99246724841107
hot,60.35872864166746
mine,60.35872864166746
wide,46.498789250247306
blind,46.498789250247306
cold,46.498789250247306
tough,46.498789250247306
tight,46.498789250247306
thick,46.498789250247306
deep,44.26776091451749
free,30.17936432083373
great,30.17936432083373
quick,30.17936432083373
cheer,30.17936432083373
extra,30.17936432083373
wild,30.17936432083373
least,30.17936432083373
barren,30.17936432083373
skill,30.17936432083373
full,30.17936432083373
indian,30.17936432083373
golden,30.17936432083373
warm,30.17936432083373
earth,30.17936432083373
