WORD,VALUE,
old,273.1845697990037
littl,221.66350336850414
hard,202.6270333784672
big,179.07717656273653
last,165.01796770640087
new,162.59095180732325
long,156.94384767673762
mani,150.73948860009682
wrong,150.73948860009682
high,126.54737311656643
great,122.46334642109659
best,122.46334642109659
better,108.35675501149142
dead,108.35675501149142
true,108.35675501149142
black,108.35675501149142
red,105.46769188007012
right,95.52204339800035
dark,94.27813700430343
bad,94.27813700430343
special,88.0922685804876
white,88.0922685804876
whole,85.89050311434433
readi,80.23555797610915
sweet,76.98137163683545
low,76.98137163683545
blue,72.52159564773028
wide,66.24117877349167
blind,66.24117877349167
cold,66.24117877349167
tight,66.24117877349167
deep,63.27368655828322
glad,63.27368655828322
sad,61.065996506538625
bright,61.065996506538625
wild,52.314615892245875
forget,52.314615892245875
full,52.314615892245875
hot,49.68201762667952
newborn,49.68201762667952
mine,49.68201762667952
fourth,47.761021699000175
free,38.490685818417724
mild,38.490685818417724
warm,38.490685818417724
poor,38.490685818417724
highest,38.490685818417724
golden,38.490685818417724
beauti,38.490685818417724
tough,38.490685818417724
barren,38.490685818417724
thick,38.490685818417724
load,38.490685818417724
fair,36.26079782386514
evil,36.26079782386514
open,36.26079782386514
quick,24.84100881333976
cheer,24.84100881333976
extra,24.84100881333976
past,24.84100881333976
meek,24.84100881333976
least,24.84100881333976
skill,24.84100881333976
come,24.84100881333976
indian,24.84100881333976
real,24.84100881333976
friendless,24.84100881333976
silver,24.84100881333976
clear,24.84100881333976
earth,24.84100881333976
