WORD,VALUE,
old,301.2280844907929
littl,244.09878315718584
hard,223.6592793679338
big,197.30569513002467
last,183.2433660386868
new,180.81557008085855
long,173.76855238606012
mani,166.16349968645594
wrong,166.16349968645594
high,140.56679028620934
great,135.08285002652667
best,135.08285002652667
better,119.574004876457
dead,119.574004876457
true,119.574004876457
black,119.574004876457
red,118.08173507424624
right,106.73539296921308
dark,104.0931331288045
bad,104.0931331288045
special,97.9057045874875
white,97.9057045874875
whole,95.70315906259368
readi,88.64830036014568
sweet,85.39333396212142
low,85.39333396212142
blue,80.9319978555151
wide,73.25166741706367
blind,73.25166741706367
cold,73.25166741706367
tight,73.25166741706367
deep,70.28339514310467
glad,70.28339514310467
sad,68.07492503260951
bright,68.07492503260951
wild,57.922850795353376
forget,57.922850795353376
full,57.922850795353376
hot,55.28947247103645
newborn,55.28947247103645
mine,55.28947247103645
fourth,53.36769648460654
free,42.69666698106071
mild,42.69666698106071
warm,42.69666698106071
poor,42.69666698106071
highest,42.69666698106071
golden,42.69666698106071
beauti,42.69666698106071
tough,42.69666698106071
barren,42.69666698106071
thick,42.69666698106071
load,42.69666698106071
fair,40.46599892775755
evil,40.46599892775755
open,40.46599892775755
quick,27.644736235518224
cheer,27.644736235518224
extra,27.644736235518224
past,27.644736235518224
meek,27.644736235518224
least,27.644736235518224
skill,27.644736235518224
come,27.644736235518224
indian,27.644736235518224
real,27.644736235518224
friendless,27.644736235518224
silver,27.644736235518224
clear,27.644736235518224
earth,27.644736235518224
