WORD,VALUE,
dum,159.34255011565656
workingman,60.87287595014143
overdrive,30.436437975070714
