WORD,VALUE,
dee,196.93773639746635
beyond,177.07104365806995
heart,136.94453238601673
someday,96.25290518094556
sugar,79.58877805399247
dum,79.58877805399247
might,76.62014549760679
winter,60.35872864166746
lord,46.498789250247306
mississippi,46.498789250247306
meet,46.498789250247306
heaven,44.26776091451749
tennesse,30.17936432083373
east,30.17936432083373
west,30.17936432083373
water,30.17936432083373
everyth,30.17936432083373
thunder,30.17936432083373
