WORD,VALUE,
well,1022.0746073712718
christma,446.6088476318329
santa,345.1770319750751
beyond,198.72807050671807
dee,164.90190164661627
lord,150.73948860009682
gon,132.48235754698334
heart,112.92136243170522
christ,108.35675501149142
claus,108.35675501149142
shake,80.23555797610915
someday,80.23555797610915
king,72.52159564773028
grand,66.24117877349167
born,66.24117877349167
sugar,66.24117877349167
dum,66.24117877349167
might,63.27368655828322
high,59.28724745690403
got,52.314615892245875
sam,52.314615892245875
columbia,52.314615892245875
east,52.314615892245875
mari,49.68201762667952
winter,49.68201762667952
said,38.490685818417724
washington,38.490685818417724
houston,38.490685818417724
mister,38.490685818417724
mississippi,38.490685818417724
cap,38.490685818417724
israel,38.490685818417724
meet,38.490685818417724
heaven,36.26079782386514
ai,36.26079782386514
chorus,24.84100881333976
pray,24.84100881333976
tennesse,24.84100881333976
hark,24.84100881333976
jesus,24.84100881333976
west,24.84100881333976
street,24.84100881333976
water,24.84100881333976
everyth,24.84100881333976
eve,24.84100881333976
better,24.84100881333976
lamar,24.84100881333976
ho,24.84100881333976
simpson,24.84100881333976
silver,24.84100881333976
thunder,24.84100881333976
