WORD,VALUE,
dandy,69.33612240520824
lean,6.563400076085582
frail,6.563400076085582
foggy,6.563400076085582
