WORD,VALUE,
uh-huh,222.69260437801594
dandi,58.08832283318502
roll,25.534709745122164
babi,22.150885153158693
closer,18.72155344362102
blue-ey,17.16388313272529
gay,12.657596560915568
finest,10.263967894695593
longer,10.263967894695593
bend,8.807663719756595
tender,8.807663719756595
fat,8.581941566362644
foggi,5.131983947347797
pleasant,5.131983947347797
high-heel,5.131983947347797
bold,5.131983947347797
