WORD,VALUE,
dandy,69.352253674263
closer,26.261887988729868
foggy,6.565471997182467
le,6.565471997182467
