WORD,VALUE,
uh-huh,217.45133004137
dandi,56.66459947738754
roll,28.245438660549212
babi,21.35197330430607
closer,18.01839469977044
blue-ey,16.47329760810786
gay,12.287157360140554
finest,9.90610191315373
longer,9.90610191315373
fat,9.90610191315373
bend,8.532977623983623
tender,8.532977623983623
foggi,4.953050956576865
pleasant,4.953050956576865
high-heel,4.953050956576865
bold,4.953050956576865
