WORD,VALUE,
dandy,69.28590479191412
lean,6.556950358871588
frail,6.556950358871588
foggy,6.556950358871588
