WORD,VALUE,
till,69.20920455448939
dandi,65.27263710326862
cat,42.755417981804165
ten,41.85428603275963
closer,28.905045270537364
twenti,22.272501626611852
dirt,18.081454640983225
longer,15.646960510985622
dig,6.642043321160282
sweep,6.642043321160282
foggi,6.642043321160282
nine,6.642043321160282
waist,6.642043321160282
swing,6.642043321160282
london,6.642043321160282
bake,6.642043321160282
