WORD,VALUE,
uh-huh,231.26277652702748
dandi,53.49501408712235
ten,40.67888681577381
cat,37.58975120187523
davey,33.22032441898436
rat,27.276693757499118
albert,24.69912597496562
b.,24.69912597496562
closer,20.45023597365119
wed,18.95104846901812
frog,17.61532743951319
linger,17.16388313272529
blue-ey,17.16388313272529
twenti,17.028400883045666
momma,16.61016220949218
sailor,15.79812790285985
pat,13.9852065682592
dig,13.881639593630137
finest,13.881639593630137
waist,12.657596560915568
gay,12.657596560915568
forsak,12.176037860735331
arthur,11.91291914123192
leather,10.373139690943713
bee,10.373139690943713
't,10.373139690943713
led,10.263967894695593
tick,10.263967894695593
ate,8.807663719756595
layin,8.807663719756595
london,8.807663719756595
flyin,8.581941566362644
mistreat,8.581941566362644
snake,8.581941566362644
nine,6.816745324550396
goodnight,5.131983947347797
foggi,5.131983947347797
cousin,5.131983947347797
wee,5.131983947347797
pleasant,5.131983947347797
bargain,5.131983947347797
delight,5.131983947347797
scarc,5.131983947347797
high-heel,5.131983947347797
daylight,5.131983947347797
engag,5.131983947347797
bump,5.131983947347797
forty-four,5.131983947347797
buddi,5.131983947347797
niec,5.131983947347797
shop,5.131983947347797
napkin,5.131983947347797
woe,5.131983947347797
jacki,5.131983947347797
confin,5.131983947347797
cannonbal,5.131983947347797
hush,5.131983947347797
