WORD,VALUE,
till,74.47162410070193
Ten,69.352253674263
dandy,69.352253674263
cat,41.68256966066501
closer,28.562137495313323
dirt,22.00616517536563
Two,16.318726481833814
longer,15.457195383717211
twenty,15.457195383717211
Feel,13.83852816922624
deceive,13.130943994364934
bleed,8.92753351720102
ringing,8.92753351720102
heal,6.565471997182467
foggy,6.565471997182467
hearing,6.565471997182467
pressed,6.565471997182467
waist,6.565471997182467
Twenty,6.565471997182467
hoping,6.565471997182467
watching,6.565471997182467
snap,6.565471997182467
Turn,6.565471997182467
park,6.565471997182467
London,6.565471997182467
