WORD,VALUE,
uh-huh,225.82999598037745
dandi,52.08386395055802
cat,41.14797699536956
ten,38.906962776160796
davey,32.28793980743025
rat,26.298848917875567
albert,24.04142745918448
b.,24.04142745918448
closer,19.663897344031717
wed,18.1772830586318
frog,17.065955247967246
linger,16.47329760810786
blue-ey,16.47329760810786
twenti,16.40842202496398
sailor,15.120115597475573
dig,13.428020507086229
finest,13.428020507086229
pat,13.39037414864381
waist,12.287157360140554
gay,12.287157360140554
forsak,11.664385326888834
arthur,11.471873273921165
leather,9.944667042866108
bee,9.944667042866108
't,9.944667042866108
flyin,9.90610191315373
led,9.90610191315373
tick,9.90610191315373
ate,8.532977623983623
layin,8.532977623983623
london,8.532977623983623
will,8.23664880405393
mistreat,8.23664880405393
snake,8.23664880405393
creep,8.23664880405393
nine,6.554632448010572
foggi,4.953050956576865
cousin,4.953050956576865
wee,4.953050956576865
pleasant,4.953050956576865
bargain,4.953050956576865
delight,4.953050956576865
scarc,4.953050956576865
lad,4.953050956576865
high-heel,4.953050956576865
daylight,4.953050956576865
engag,4.953050956576865
bump,4.953050956576865
forty-four,4.953050956576865
buddi,4.953050956576865
niec,4.953050956576865
shop,4.953050956576865
napkin,4.953050956576865
woe,4.953050956576865
jacki,4.953050956576865
confin,4.953050956576865
cannonbal,4.953050956576865
hush,4.953050956576865
