WORD,VALUE,
till,70.22016822242315
dandy,64.66401695045481
cat,42.21175010800984
ten,41.249062018212015
twenty,21.99895897928255
dirt,21.99895897928255
sweep,11.365977115147473
bleed,8.924471163311706
frail,6.563400076085582
foggy,6.563400076085582
nine,6.563400076085582
waist,6.563400076085582
park,6.563400076085582
london,6.563400076085582
