WORD,VALUE,
till,68.45205106571541
dandi,64.73573148155299
cat,42.27578266159643
ten,41.320324857368405
closer,28.594342699596126
twenti,22.03117859781218
dirt,22.03117859781218
longer,15.475017024327514
dig,6.572663779018716
sweep,6.572663779018716
foggi,6.572663779018716
nine,6.572663779018716
waist,6.572663779018716
swing,6.572663779018716
london,6.572663779018716
bake,6.572663779018716
