WORD,VALUE,
cat,41.14797699536956
miss,36.86147208042166
davey,32.28793980743025
rat,26.298848917875567
albert,24.04142745918448
b.,24.04142745918448
wed,21.35197330430607
frog,17.065955247967246
pat,16.40842202496398
sailor,15.120115597475573
waist,12.287157360140554
arthur,11.471873273921165
leather,9.944667042866108
bee,9.944667042866108
flyin,9.90610191315373
blind,9.90610191315373
tick,8.532977623983623
layin,8.532977623983623
london,8.532977623983623
snake,8.23664880405393
cousin,4.953050956576865
wee,4.953050956576865
lad,4.953050956576865
bid,4.953050956576865
daylight,4.953050956576865
bump,4.953050956576865
buddi,4.953050956576865
niec,4.953050956576865
napkin,4.953050956576865
woe,4.953050956576865
jacki,4.953050956576865
cannonbal,4.953050956576865
eas,4.953050956576865
