WORD,VALUE,
cat,41.68256966066501
walk,22.00616517536563
dirt,22.00616517536563
waist,6.565471997182467
park,6.565471997182467
London,6.565471997182467
