WORD,VALUE,
miss,37.97278968274671
cat,37.58975120187523
davey,33.22032441898436
rat,27.276693757499118
albert,24.69912597496562
b.,24.69912597496562
wed,22.150885153158693
frog,17.61532743951319
pat,17.028400883045666
momma,16.61016220949218
sailor,15.79812790285985
waist,12.657596560915568
arthur,11.91291914123192
leather,10.373139690943713
bee,10.373139690943713
blind,10.263967894695593
tick,8.807663719756595
layin,8.807663719756595
london,8.807663719756595
flyin,8.581941566362644
snake,8.581941566362644
goodnight,5.131983947347797
cousin,5.131983947347797
wee,5.131983947347797
bid,5.131983947347797
daylight,5.131983947347797
bump,5.131983947347797
buddi,5.131983947347797
niec,5.131983947347797
napkin,5.131983947347797
woe,5.131983947347797
jacki,5.131983947347797
cannonbal,5.131983947347797
eas,5.131983947347797
