WORD,VALUE,
miss,37.97278968274671
davey,37.09128217215654
albert,24.69912597496562
b.,24.69912597496562
feel,24.1112657350682
black,21.248661771914552
judge,12.657596560915568
arthur,11.91291914123192
mouse,8.807663719756595
london,8.807663719756595
took,6.816745324550396
jackie,5.131983947347797
