WORD,VALUE,
miss,36.86147208042166
davey,36.14632434136927
albert,24.04142745918448
b.,24.04142745918448
feel,23.29978066698243
black,20.3211098092236
arthur,11.471873273921165
judg,9.90610191315373
mous,8.532977623983623
london,8.532977623983623
good,8.23664880405393
took,6.554632448010572
jacki,4.953050956576865
