WORD,VALUE,
linger,17.16388313272529
forsak,12.176037860735331
led,10.263967894695593
ate,8.807663719756595
mistreat,8.581941566362644
creep,8.581941566362644
dig,6.816745324550396
finish,5.131983947347797
engag,5.131983947347797
confin,5.131983947347797
