WORD,VALUE,
close,19.696415991547404
deceive,13.130943994364934
rock,10.99733967660998
bleed,8.92753351720102
ringing,8.92753351720102
heal,6.565471997182467
rain,6.565471997182467
hearing,6.565471997182467
pressed,6.565471997182467
hoping,6.565471997182467
watching,6.565471997182467
Turn,6.565471997182467
