WORD,VALUE,
linger,16.47329760810786
forsak,11.664385326888834
led,9.90610191315373
creep,9.90610191315373
ate,8.532977623983623
mistreat,8.23664880405393
dig,6.554632448010572
finish,4.953050956576865
engag,4.953050956576865
confin,4.953050956576865
