WORD,VALUE,
best,13.778635086536521
back,11.002094221792753
littl,9.415043834054968
new,6.596030639723324
final,5.861784661387569
dearer,5.861784661387569
least,4.709103675121488
weak,4.709103675121488
cruel,4.322522523781172
long,2.0310986992400206
deep,1.9305423830546142
blue,1.7765860796506714
blind,1.6385029172639352
cold,1.4558358574153158
low,1.3476711418260607
whole,1.1151528703472096
wrong,1.0741313557996839
sweet,1.034697773221425
black,0.7673564029200055
readi,0.7390374194473002
hard,0.3944354154432528
