WORD,VALUE,
bit,25.108856354291856
front,21.25354141100361
boot,21.25354141100361
bottom,20.133543782222226
shoe,15.336249097102444
blue,13.6633151435273
line,11.978413427543781
brand,8.585745437144688
rail,5.831378099757334
gut,5.831378099757334
rice,5.831378099757334
fuss,5.831378099757334
bean,5.831378099757334
frost,5.168163324389674
haul,5.168163324389674
eve,5.168163324389674
mist,5.168163324389674
haze,5.168163324389674
hill,5.122319118030864
hunger,4.679201617772192
suit,4.679201617772192
barn,4.679201617772192
weapon,4.679201617772192
starlight,4.679201617772192
vine,4.292872718572344
battle,4.292872718572344
foot,3.9766733930562226
reality,3.9743601407442033
edge,3.9743601407442033
month,3.9743601407442033
hall,3.9743601407442033
look,3.7040473884928717
steel,3.7040473884928717
story,3.7040473884928717
work,3.4697736152352157
call,3.2634732443947527
crime,3.2634732443947527
shelf,3.2634732443947527
path,3.07951994235441
dime,3.07951994235441
kitchen,2.7633531285775597
rest,2.7633531285775597
prayer,2.499138767454306
sun,2.3590059726778048
wife,2.2733877286828763
life,2.1856367544239386
power,2.0772671344862754
arm,2.0772671344862754
thought,1.9883366965281113
knee,1.9883366965281113
dark,1.9046763599528187
horse,1.9046763599528187
town,1.7741154601912674
memory,1.7512245608298187
tomorrow,1.7512245608298187
day,1.6877247530779562
bird,1.550005927539569
sea,1.4317355992968017
money,1.273777741966498
song,1.1795029863389024
star,1.0928183772119693
father,0.8067559682399716
soul,0.7766215187367123
someone,0.5928549615282097
home,0.5928549615282097
sky,0.5479355961662307
morning,0.5265788796199087
night,0.4827983324843701
way,0.4713045757953078
street,0.44789386904641915
nobody,0.3953187122422408
end,0.37891173010068513
place,0.23000186714815518
people,0.15170860189870972
eye,0.0004567046089281185
