WORD,VALUE,
fight,15.611323752095318
bring,11.655327450014894
hang,10.911289949751588
sing,10.372467362077007
meet,9.307039203119352
compete,5.831378099757334
tread,5.831378099757334
punch,5.831378099757334
force,5.831378099757334
listenin,5.168163324389674
spar,5.168163324389674
sailin,5.168163324389674
hurry,5.168163324389674
sinkin,4.679201617772192
rob,4.679201617772192
sleep,4.443709476424898
sittin,4.292872718572344
waste,4.292872718572344
kick,4.292872718572344
forget,4.064217348712066
fee,3.2634732443947527
shut,3.07951994235441
gettin,2.7633531285775597
lift,2.6257362642521485
thinkin,2.6257362642521485
weep,2.3820878645006003
win,2.2733877286828763
pray,2.2733877286828763
worry,2.2733877286828763
hope,2.0772671344862754
steal,1.9046763599528187
rise,1.4894452459438206
want,1.3808922864288133
tryin,1.3240753879884846
save,1.3240753879884846
mean,1.2256317910267391
sit,0.9751885194810357
wake,0.8704020978172093
burn,0.7475444311894541
remember,0.6923773855903537
saw,0.6409140452830966
work,0.466602016676412
lose,0.44789386904641915
believe,0.4122722171430129
stay,0.34766764547104445
find,0.34766764547104445
tell,0.20576760084795498
put,0.16926364117176895
live,0.16032788116712027
see,0.1451593973771812
love,0.14339798842423546
try,0.08717561021125919
think,0.0635249801683046
keep,0.0556873304998699
leave,0.02032998768265165
hear,0.0021630903158756376
give,2.3474880576763307e-05
