WORD,VALUE,
new,162.8712163149926
black,161.4284337780812
hard,157.3174057781695
bad,144.81577034707868
stuck,128.22545398487625
last,117.18297969205476
leopard-skin,111.663111025091
great,78.65870288908475
readi,78.65870288908475
free,78.65870288908475
littl,78.65870288908475
alon,73.48131932734545
dark,62.24841505524172
complet,62.24841505524172
full,62.24841505524172
sick,59.61471614228222
clear,45.94076002881633
mani,45.94076002881633
late,45.94076002881633
phantom,45.94076002881633
true,45.94076002881633
better,45.94076002881633
best,45.94076002881633
insan,45.94076002881633
old,43.70977138687061
mine,43.70977138687061
second,43.70977138687061
cute,29.80735807114111
frozen,29.80735807114111
blind,29.80735807114111
wrong,29.80735807114111
precious,29.80735807114111
real,29.80735807114111
poor,29.80735807114111
silver,29.80735807114111
wise,29.80735807114111
prime,29.80735807114111
dead,29.80735807114111
useless,29.80735807114111
