WORD,VALUE,
sad-eyed,240.67220836203518
leopard-skin,112.03247784431471
pill-box,78.9225330064119
jingle-jangle,78.9225330064119
frozen,29.912883135623467
bored,29.912883135623467
faithful,29.912883135623467
