WORD,VALUE,
maggie,219.84268739301027
eden,100.29976986312516
mobile,96.98693420288538
tombstone,87.6771199903587
prophet,56.353116846618676
sunglass,45.91134071248645
abe,43.99127775044987
juggler,35.66221164995155
lagoon,35.66221164995155
sorrow,33.43325662104172
gambler,22.955670356243225
lad,22.955670356243225
sparkle,22.955670356243225
