WORD,VALUE,
neath,73.74512616984426
astray,29.912883135623467
