WORD,VALUE,
tambourine,154.61366255728694
desolation,147.4902523396885
neath,29.912883135623467
