WORD,VALUE,
maggie,219.84268739301027
row,132.70671780683145
eden,100.29976986312516
mobile,98.56254572478846
abe,43.99127775044987
