WORD,VALUE,
pledge,61.5264331822862
ache,48.54300601241006
saw,45.91134071248645
weep,35.66221164995155
peek,22.955670356243225
tremble,22.955670356243225
