WORD,VALUE,
dandy,69.34990728577657
lean,6.565170621113934
frail,6.565170621113934
foggy,6.565170621113934
