WORD,VALUE,
dandi,69.94815997888631
closer,26.568173284641126
foggi,6.642043321160282
less,6.642043321160282
