WORD,VALUE,
dandy,70.1910169499469
closer,26.69306892125389
foggy,6.673267230313472
less,6.673267230313472
