WORD,VALUE,
dandi,69.40824361977906
closer,26.290655116074863
foggi,6.572663779018716
civil,6.572663779018716
less,6.572663779018716
