WORD,VALUE,
till,70.14950513832906
dandy,64.61408314242058
cat,42.167169698031614
ten,41.19945091731914
twenty,21.976526871663502
dirt,21.976526871663502
sweep,11.353361485979352
bleed,8.914938490120647
frail,6.556950358871588
foggy,6.556950358871588
nine,6.556950358871588
waist,6.556950358871588
park,6.556950358871588
london,6.556950358871588
