WORD,VALUE,
till,70.23956640344952
dandy,64.67772401673764
cat,42.22398829463731
ten,41.2626816784404
twenty,22.005116979739032
dirt,22.005116979739032
frail,6.565170621113934
foggy,6.565170621113934
nine,6.565170621113934
waist,6.565170621113934
london,6.565170621113934
