WORD,VALUE,
till,71.42395447461772
dandy,65.51415905088125
ten,43.4252271514273
cat,38.825567211153604
closer,29.04488535000275
twenty,22.381117796924052
dirt,16.632789403626425
longer,15.724352772144625
shadow,13.346534460626945
nerve,11.161363220706592
bleed,9.086895672497427
drifting,9.086895672497427
heal,6.673267230313472
foggy,6.673267230313472
nine,6.673267230313472
hearing,6.673267230313472
pressed,6.673267230313472
waist,6.673267230313472
pacing,6.673267230313472
hoping,6.673267230313472
watching,6.673267230313472
park,6.673267230313472
london,6.673267230313472
