WORD,VALUE,
cat,42.21175010800984
dirt,21.99895897928255
miss,8.924471163311706
waist,6.563400076085582
stick,6.563400076085582
park,6.563400076085582
london,6.563400076085582
