WORD,VALUE,
cat,42.22398829463731
dirt,22.005116979739032
miss,8.927088073711484
waist,6.565170621113934
stick,6.565170621113934
park,6.565170621113934
london,6.565170621113934
