WORD,VALUE,
cat,42.755417981804165
dirt,18.081454640983225
waist,6.642043321160282
london,6.642043321160282
