WORD,VALUE,
cat,42.167169698031614
dirt,21.976526871663502
miss,8.914938490120647
waist,6.556950358871588
stick,6.556950358871588
park,6.556950358871588
london,6.556950358871588
