WORD,VALUE,
cat,42.27578266159643
dirt,22.03117859781218
waist,6.572663779018716
london,6.572663779018716
