WORD,VALUE,
cat,38.825567211153604
walk,22.381117796924052
dirt,16.632789403626425
shadow,13.346534460626945
nerve,11.161363220706592
waist,6.673267230313472
park,6.673267230313472
lie,6.673267230313472
london,6.673267230313472
