WORD,VALUE,
rock,15.436078718325959
sweep,11.353361485979352
bleed,8.914938490120647
reel,6.556950358871588
