WORD,VALUE,
rock,15.452061108731016
sweep,11.365977115147473
bleed,8.924471163311706
reel,6.563400076085582
