WORD,VALUE,
rock,15.456448564159146
pace,6.565170621113934
