WORD,VALUE,
close,18.173791344994854
rock,15.823712279849893
bleed,9.086895672497427
drifting,9.086895672497427
ringing,9.086895672497427
heal,6.673267230313472
rain,6.673267230313472
hearing,6.673267230313472
pressed,6.673267230313472
hoping,6.673267230313472
watching,6.673267230313472
