WORD,VALUE,
rock,13.145327558037431
swing,6.572663779018716
