WORD,VALUE,
rock,13.284086642320563
swing,6.642043321160282
