WORD,VALUE,
little,10.260197097098803
sick,8.803634443797945
white,7.388031734150513
cold,7.051653067194618
full,6.923921561515918
many,4.617693977187003
beautiful,3.461960780757959
dry,3.461960780757959
big,3.4489895530413563
young,2.2359015902243202
lonely,1.7244947765206782
next,1.7244947765206782
strange,1.7244947765206782
