WORD,VALUE,
god,29.081090730961478
feel,2.2359015902243202
everything,1.9399807510676736
