NGRAM,VALUE,
franki lee,11.77876118629053
along cove,7.976041627544458
piti immigr,6.461300487357553
piti poor,5.963256688001337
poor immigr,5.963256688001337
togeth hand,5.377685124740041
walk hand,5.377685124740041
dear landlord,5.273614294280505
tom pain,5.273614294280505
juda priest,5.162875070516865
cove spi,5.074691815489884
along spi,4.749559936471251
'm sorri,4.615087422634904
cove hand,3.8486084588679947
priest lee,3.450116962871626
juda etern,3.3583332281795313
priest franki,3.280332563663832
road franki,2.2879616986012845
hand along,2.205082558459538
