NGRAM,VALUE,
franki lee,11.733604392779034
along cove,7.951066156107846
piti immigr,6.444497256632513
piti poor,5.9465161506273425
poor immigr,5.9465161506273425
togeth hand,5.361029100989413
walk hand,5.361029100989413
dear landlord,5.26097845485164
tom pain,5.26097845485164
juda priest,5.142506706004313
cove spi,5.058118870280609
along spi,4.733071095614214
cove hand,3.832457071842958
priest lee,3.4341779143842297
juda etern,3.3460278451407977
priest franki,3.264500077675601
road franki,2.2762261934553516
hand along,2.1934245621294775
