NGRAM,VALUE,
priest franki lee,388.0004625659713
along cove spi,323.90338489276843
piti poor immigr,285.7306377864388
walk togeth hand,185.1800233546603
cove togeth hand,182.17089778786624
juda priest franki,181.57763977301806
