NGRAM,VALUE,
priest franki lee,386.86976217514007
along cove spi,323.14486378412926
piti poor immigr,285.1216148171967
walk togeth hand,184.7258031289545
cove togeth hand,181.66991978664032
juda priest franki,180.94216825515267
