WORD,VALUE,
true,304.7893099660431
littl,288.43518038596187
sweet,186.03110635149451
next,182.50282385008947
young,182.4857222158844
old,169.89252330352065
last,161.18175776594424
bad,157.89295304951494
big,157.89295304951494
hard,121.66854923339298
best,109.1883004415353
dark,109.1883004415353
mani,93.01555317574726
black,93.01555317574726
better,93.01555317574726
slow,89.7603526105492
glad,73.92249929440322
blue,69.93403174117529
great,60.83427461669649
cold,60.83427461669649
long,56.27865197160206
wrong,44.8801763052746
past,44.8801763052746
readi,44.8801763052746
quick,44.8801763052746
quiet,44.8801763052746
blind,44.8801763052746
free,44.8801763052746
late,44.8801763052746
beauti,44.8801763052746
poor,44.8801763052746
clear,44.8801763052746
warm,44.8801763052746
full,44.8801763052746
low,42.64927408479764
open,42.64927408479764
golden,29.100331062602883
mad,29.100331062602883
paint,29.100331062602883
ol,29.100331062602883
wick,29.100331062602883
straight,29.100331062602883
dead,29.100331062602883
wide,29.100331062602883
higher,29.100331062602883
vacant,29.100331062602883
dumb,29.100331062602883
real,29.100331062602883
differ,29.100331062602883
tough,29.100331062602883
