WORD,VALUE,
senor,225.79237349233847
suckling,180.63389879387077
bos,29.28585526607009
