WORD,VALUE,
henry,364.4586918296054
joey,305.96601749077416
sara,280.7960656010416
senor,183.87418747025427
behold,130.0495234184558
bash,119.98135703000447
rosemary,98.35514751826157
lonesome,79.34372043099378
ry,72.73468863937292
mem,69.48184743284384
acapulco,34.74092371642192
heed,34.74092371642192
goddess,34.74092371642192
rooster,32.51238085461395
valerie,32.51238085461395
doom,22.341615789590758
ecstasy,22.341615789590758
bliss,22.341615789590758
