WORD,VALUE,
henry,364.10547417551095
joey,305.67897104038343
sara,280.53110827830733
senor,183.70855107258598
behold,129.91711689153794
bash,119.87094345147733
rosemary,98.2668070375133
lonesome,79.266456573829
ry,72.66843728628112
mem,69.41561210962966
acapulco,34.70780605481483
heed,34.70780605481483
goddess,34.70780605481483
rooster,32.479279222884486
valerie,32.479279222884486
doom,22.319542691811904
ecstasy,22.319542691811904
bliss,22.319542691811904
