WORD,VALUE,
henry,364.4586918296054
joey,305.96601749077416
sara,280.7960656010416
senor,183.87418747025427
rosemary,98.35514751826157
acapulco,34.74092371642192
rooster,34.74092371642192
kin,34.74092371642192
dark,34.74092371642192
valerie,32.51238085461395
