WORD,VALUE,
henri,506.2281315602334
joey,404.3871412731934
may,272.1876399565473
jack,255.7451809440797
heart,227.33693373216087
goin,188.0786055553637
honey,125.39708668631702
jim,118.78617339414377
big,93.01555317574726
king,85.29854816959528
appl,76.89100573553601
never,76.89100573553601
senor,73.92249929440322
lookin,60.83427461669649
love,58.20066212520577
ooh,44.8801763052746
street,44.8801763052746
ol,44.8801763052746
everyth,29.100331062602883
queen,29.100331062602883
road,29.100331062602883
brooklyn,29.100331062602883
louisiana,29.100331062602883
san,29.100331062602883
meet,29.100331062602883
miss,29.100331062602883
neath,29.100331062602883
mayb,29.100331062602883
true,29.100331062602883
