WORD,VALUE,
henry,364.10547417551095
joey,305.67897104038343
sara,280.53110827830733
senor,183.70855107258598
rosemary,98.2668070375133
acapulco,34.70780605481483
rooster,34.70780605481483
kin,34.70780605481483
dark,34.70780605481483
valerie,32.479279222884486
