WORD,VALUE,
senor,232.06455752454272
papa,74.38632189106353
neath,29.28585526607009
