WORD,VALUE,
saw,107.28485708151061
weep,22.341615789590758
tremble,22.341615789590758
crow,22.341615789590758
barb,22.341615789590758
