WORD,VALUE,
saw,107.18548806681171
wan,44.63908538362381
weep,22.319542691811904
tremble,22.319542691811904
crow,22.319542691811904
barb,22.319542691811904
