WORD,VALUE,
broken,101.9780486329413
dandy,60.93544084979594
dry,9.277802042498811
lean,5.491506440591504
frail,5.491506440591504
foggy,5.491506440591504
