WORD,VALUE,
broken,101.69701350325184
dandy,60.8067436738342
dry,9.246202157286502
lean,5.475209053769957
frail,5.475209053769957
foggy,5.475209053769957
