WORD,VALUE,
broken,101.9780486329413
till,58.48495043032778
dandy,56.318947593382006
disease,44.3156982151318
cat,34.819719056230284
ten,33.06319832263585
shootin,21.755480679874115
twenty,18.27513735422302
teardrop,13.39982605775423
dirt,13.208236319763959
dry,11.237169158526111
bull,9.35853971479778
frail,5.491506440591504
foggy,5.491506440591504
nine,5.491506440591504
stormy,5.491506440591504
waist,5.491506440591504
mount,5.491506440591504
london,5.491506440591504
