WORD,VALUE,
broken,99.7880888732726
till,61.49275207053114
dandi,55.85161067549452
diseas,43.9153148611288
polit,35.779591455274236
cat,34.40967958061135
ten,32.611858301945404
closer,23.490667891345723
shootin,21.56927885611377
twenti,18.068285257926917
dirt,14.51366594564017
teardrop,13.2769130809051
longer,12.65290515280739
dri,11.093605909141214
bull,9.26727116140425
backward,9.26727116140425
dig,5.431882310653577
sweep,5.431882310653577
foggi,5.431882310653577
nine,5.431882310653577
spoken,5.431882310653577
stormi,5.431882310653577
waist,5.431882310653577
mount,5.431882310653577
swing,5.431882310653577
london,5.431882310653577
bake,5.431882310653577
