WORD,VALUE,
disease,44.263048724941015
cat,34.76577796485604
teardrop,13.38366299274661
dirt,13.18566512707681
bull,9.346536944958082
miss,7.332912155064719
stormy,5.483663965919734
waist,5.483663965919734
stick,5.483663965919734
park,5.483663965919734
london,5.483663965919734
