WORD,VALUE,
disease,44.3156982151318
cat,34.819719056230284
teardrop,13.39982605775423
dirt,13.208236319763959
bull,9.35853971479778
miss,7.344436809240333
stormy,5.491506440591504
waist,5.491506440591504
stick,5.491506440591504
park,5.491506440591504
london,5.491506440591504
