WORD,VALUE,
broken,51.71088036245004
diseas,43.9153148611288
cat,34.40967958061135
shootin,21.56927885611377
dirt,14.51366594564017
teardrop,13.2769130809051
bull,9.26727116140425
waist,5.431882310653577
london,5.431882310653577
