WORD,VALUE,
shootin,21.755480679874115
rock,12.800133119165565
pace,5.491506440591504
mount,5.491506440591504
