WORD,VALUE,
ring,42.286168949833666
rock,11.006124354922283
spoken,5.503062177461142
mount,5.503062177461142
swing,5.503062177461142
dri,5.503062177461142
