WORD,VALUE,
seen,21.73099702453064
rock,12.780765990318178
sweep,9.26259520881935
bleed,7.332912155064719
reel,5.483663965919734
mount,5.483663965919734
