WORD,VALUE,
Frankie,71.19619646598339
Judas,70.7907484783267
Lee,69.985676332968
spied,28.539444379492203
Whose,23.15624580660962
landlord,19.99626995874294
drifter,12.52228729099173
Alright,12.52228729099173
