WORD,VALUE,
franki,71.2501370684968
juda,70.83606471033166
lee,70.03530475022717
landlord,20.00983348006639
drifter,12.531303514975662
