WORD,VALUE,
frankie,71.45729880862689
judas,71.01009617283407
lee,70.22590135154341
landlord,20.061923203469053
drifter,12.565930234454058
