WORD,VALUE,
frankie,71.33859060152463
judas,70.91037387460035
lee,70.11668609887543
landlord,20.03207498191167
drifter,12.54608847667641
