WORD,VALUE,
franki,70.82230795597349
juda,70.47661600391925
lee,69.6416658407593
priest,33.74794703888021
landlord,19.902249534940633
drifter,12.459789773890135
