WORD,VALUE,
Judas,74.86800867853978
Frankie,71.19619646598339
Lee,69.985676332968
Alright,12.52228729099173
