WORD,VALUE,
juda,74.5533279078325
franki,70.82230795597349
lee,69.6416658407593
alright,12.459789773890135
