WORD,VALUE,
may,12.904623536618763
indian,11.909467645576504
new,9.329714604123037
mrs.,7.7900953802428905
henri,7.113231194983488
mr.,6.820353987450787
highway,6.452311768309381
jesus,5.913553665763191
memphi,5.58484424159569
ann,4.735641937071653
maggi,4.557669232901326
jane,4.015530108924187
orlean,3.9087867013477373
lee,3.575904431741157
man,3.3521087873586914
william,3.1099048680410144
richard,3.1099048680410144
honey,3.0629598164833185
mari,2.626652035203489
never,2.371077064994495
tom,2.347062013727969
heart,2.2382464437740266
pretti,2.2069918884015163
billi,2.1885736253134285
sweet,1.9711845552543972
daddi,1.9711845552543972
rock,1.6324189849917297
'd,1.3949844646020666
lookin,1.3949844646020666
call,1.3949844646020666
day,1.3241951330409067
street,1.3241951330409067
west,1.3241951330409067
bell,0.9855922776271986
bill,0.9855922776271986
war,0.9855922776271986
heaven,0.9546717593605853
time,0.9096957013792601
big,0.8827967553606058
heavi,0.8827967553606058
jone,0.8797440228358813
bay,0.8797440228358813
tomorrow,0.5634211903992714
devil,0.5002028253850894
make,0.4548478506896301
made,0.4548478506896301
peter,0.4413983776803029
avenu,0.4413983776803029
lost,0.4413983776803029
sooner,0.4413983776803029
texa,0.4413983776803029
world,0.4413983776803029
frisco,0.4413983776803029
lord,0.4238788776469846
jim,0.35728773241792133
jack,0.28908486378776077
franki,0.2863953540036204
hang,0.21437263945075347
diamond,0.15074286913431734
might,0.15074286913431734
south,0.14291509296716898
mister,0.0920342208008953
though,0.07415775970272609
money,0.07145754648358449
franc,0.07145754648358449
state,0.07145754648358449
januari,0.07145754648358449
bob,0.07145754648358449
jame,0.07145754648358449
england,0.07145754648358449
polic,0.07145754648358449
crazi,0.07145754648358449
night,0.07145754648358449
cadillac,0.07145754648358449
st.,0.04825091112310009
citi,0.04825091112310009
nothin,0.04825091112310009
tonight,0.011840246194164628
summer,0.011840246194164628
blue,0.011840246194164628
old,0.0014314640340501589
mexico,0.0014314640340501589
better,0.0014314640340501589
eskimo,0.0014314640340501589
