WORD,VALUE,
May,12.33676199940206
New,9.609434694929337
Henry,7.449801381492193
Highway,6.612563810032836
Jesus,6.171439795829674
Memphis,5.728343280455471
Maggie,4.7463463224759845
Jane,4.242107262300459
Orleans,4.018779734480175
Ann,4.018779734480175
Lee,3.72160049963807
Man,3.5072798712060127
Honey,3.2655059800826507
Richard,3.203144898309779
Never,2.483267127164067
Tom,2.423549041133062
William,2.423549041133062
Pretty,2.338131982471886
Billy,2.3291887353342045
Sweet,2.0571465986098914
Street,2.0571465986098914
Lord,1.9386570234661455
Heaven,1.8645509312257476
Watch,1.6921530095331498
Rock,1.6921530095331498
'd,1.4641935050938888
Lookin,1.4641935050938888
Call,1.4641935050938888
Day,1.4028791894831345
West,1.4028791894831345
Jim,1.0355528448399416
Bill,1.0285732993049457
War,1.0285732993049457
Jones,0.941675076414433
Bay,0.941675076414433
Big,0.9352527929887544
Daddy,0.9352527929887544
Heavy,0.9352527929887544
Mary,0.9229576802435755
Tomorrow,0.6180742570645528
Make,0.49055088545410674
Made,0.49055088545410674
Francisco,0.4676263964943772
Peter,0.4676263964943772
Wherever,0.4676263964943772
Hope,0.4676263964943772
Avenue,0.4676263964943772
Lost,0.4676263964943772
Sooner,0.4676263964943772
Eskimo,0.4676263964943772
World,0.4676263964943772
Indians,0.4676263964943772
Rolling,0.4676263964943772
Frankie,0.33596746279276735
Hang,0.24279768730196039
Jack,0.23017406867972
South,0.16186512486797355
Blue,0.16186512486797355
Diamond,0.12382795051836815
Might,0.12382795051836815
Mister,0.1131812817388318
Though,0.09750184967779418
France,0.08093256243398678
January,0.08093256243398678
Bob,0.08093256243398678
James,0.08093256243398678
England,0.08093256243398678
Police,0.08093256243398678
Crazy,0.08093256243398678
Night,0.08093256243398678
California,0.04875092483889709
Stay,0.04875092483889709
Time,0.044268395748778055
St.,0.03589196633369296
City,0.03589196633369296
Nothin,0.03589196633369296
San,0.007256986142364585
Tonight,0.006759288318026496
Summer,0.006759288318026496
Old,0.0036284930711822927
Mexico,0.0036284930711822927
