WORD,VALUE,
may,13.238829890058003
indian,12.181379410423126
new,9.621406958027903
henri,7.4642653160630665
highway,6.619414945029002
jesus,6.182512609191912
memphi,5.7344793202941435
ann,4.867808917748942
maggi,4.754443293208306
jane,4.251865347347639
orlean,4.023485584003859
lee,3.7278520014766867
man,3.5139466516233426
honey,3.2742491533935727
william,3.2071356526759702
richard,3.2071356526759702
mari,2.8105829795634527
never,2.4880884386876847
tom,2.4268247003417556
heart,2.4145995846419535
pretti,2.3437838511529456
billi,2.335255882593988
sweet,2.060837536397304
daddi,2.060837536397304
lord,1.9513928742486382
heaven,1.869487704749318
watch,1.6947135735843506
rock,1.6947135735843506
'd,1.4671693477238077
lookin,1.4671693477238077
call,1.4671693477238077
day,1.4062703106917702
street,1.4062703106917702
west,1.4062703106917702
jim,1.0390594280485201
bell,1.030418768198652
bill,1.030418768198652
war,1.030418768198652
jone,0.9443511024655749
bay,0.9443511024655749
big,0.9375135404611803
heavi,0.9375135404611803
tomorrow,0.6204504665369184
devil,0.5694348870889296
make,0.49209653776903584
made,0.49209653776903584
francisco,0.46875677023059015
peter,0.46875677023059015
wherev,0.46875677023059015
hope,0.46875677023059015
avenu,0.46875677023059015
lost,0.46875677023059015
sooner,0.46875677023059015
world,0.46875677023059015
time,0.4067392050635208
franki,0.3381593176862996
hang,0.24404352303811283
jack,0.22782210547055914
south,0.1626956820254084
diamond,0.12274414620320484
might,0.12274414620320484
mister,0.1141273008962096
though,0.09856333083511437
franc,0.0813478410127042
state,0.0813478410127042
januari,0.0813478410127042
bob,0.0813478410127042
jame,0.0813478410127042
england,0.0813478410127042
polic,0.0813478410127042
crazi,0.0813478410127042
night,0.0813478410127042
california,0.049281665417557186
st.,0.03540779517608139
citi,0.03540779517608139
nothin,0.03540779517608139
san,0.007487910142247645
tonight,0.006574933739190575
summer,0.006574933739190575
blue,0.006574933739190575
old,0.0037439550711238223
mexico,0.0037439550711238223
eskimo,0.0037439550711238223
