WORD,VALUE,
narrow,56.158655795265716
magic,15.959543616198081
wonderful,11.26253587284302
fancy,6.739781198238138
dull,6.739781198238138
icy,6.739781198238138
deadly,6.739781198238138
good-bye,6.739781198238138
