WORD,VALUE,
narrow,56.09476354639765
magic,15.940038033973066
wonderful,11.248006507501614
fancy,6.73022804978034
dull,6.73022804978034
icy,6.73022804978034
deadly,6.73022804978034
good-bye,6.73022804978034
