WORD,VALUE,
narrow,56.202002243709714
scarlet,55.57169152252784
wonder,11.272393369732807
deeper,6.746262773033005
glow,6.746262773033005
fanci,6.746262773033005
magic,6.746262773033005
dull,6.746262773033005
bent,6.746262773033005
