WORD,VALUE,
narrow,56.02223829722832
magic,15.91789740148827
wonderful,11.231514671856761
fancy,6.719385010975431
dull,6.719385010975431
icy,6.719385010975431
deadly,6.719385010975431
good-bye,6.719385010975431
