WORD,VALUE,
narrow,56.158655795265716
scarlet,55.531450726783795
magic,46.37178959832332
spin,38.499182285837804
surely,32.59525501524053
mood,20.759184166970776
titanic,15.959543616198081
weave,11.26253587284302
wonderful,11.26253587284302
embrace,11.26253587284302
moonbeam,11.26253587284302
lower,9.185264924134989
pin,9.185264924134989
autumn,6.739781198238138
singapore,6.739781198238138
dancer,6.739781198238138
humble,6.739781198238138
fairy,6.739781198238138
dull,6.739781198238138
icy,6.739781198238138
deadly,6.739781198238138
photograph,6.739781198238138
