WORD,VALUE,
narrow,56.09476354639765
scarlet,55.472135409489916
magic,46.31784978322246
spin,36.68453937641202
blowing,35.8404529676154
kings,35.45458296379183
surely,32.54371091199621
mood,20.734702367862155
titanic,15.940038033973066
weave,11.248006507501614
wonderful,11.248006507501614
moonbeam,11.248006507501614
embrace,9.171134844103005
lower,9.171134844103005
pin,9.171134844103005
autumn,6.73022804978034
singapore,6.73022804978034
dancer,6.73022804978034
humble,6.73022804978034
fairy,6.73022804978034
lights,6.73022804978034
dull,6.73022804978034
icy,6.73022804978034
deadly,6.73022804978034
pouring,6.73022804978034
photograph,6.73022804978034
daydream,6.73022804978034
