WORD,VALUE,
scarlet,55.404804402285556
spin,51.12748959391652
roll,46.25662212773304
kings,35.409847143947246
magic,30.468776480955917
mood,20.70691293853741
titanic,15.91789740148827
moonbeam,11.231514671856761
wish,9.155097563333133
autumn,6.719385010975431
singapore,6.719385010975431
dancer,6.719385010975431
fairy,6.719385010975431
lights,6.719385010975431
photograph,6.719385010975431
