WORD,VALUE,
scarlet,55.531450726783795
spin,51.25328207823035
roll,40.44506215484445
magic,30.542297736836392
mood,20.759184166970776
titanic,15.959543616198081
moonbeam,11.26253587284302
wish,9.185264924134989
autumn,6.739781198238138
singapore,6.739781198238138
dancer,6.739781198238138
fairy,6.739781198238138
photograph,6.739781198238138
