WORD,VALUE,
kings,35.409847143947246
titanic,15.91789740148827
singapore,6.719385010975431
