WORD,VALUE,
titanic,15.959543616198081
time,9.185264924134989
singapore,6.739781198238138
