WORD,VALUE,
whistl,32.32027983574206
weav,11.272393369732807
embrac,11.272393369732807
lower,9.19485215162981
