WORD,VALUE,
weave,11.26253587284302
embrace,11.26253587284302
lower,9.185264924134989
