WORD,VALUE,
blowing,35.8404529676154
weave,11.248006507501614
embrace,9.171134844103005
lower,9.171134844103005
free,6.73022804978034
