WORD,VALUE,
whistl,31.683416987413523
bet,11.508483242504592
weav,11.10502562506752
embrac,11.10502562506752
lower,9.032142711297752
