WORD,VALUE,
well,1048.58505298991
alberta,254.56295567543768
lord,176.47547005222418
god,173.61298974893248
man,155.2564885514657
queen,150.51236840310912
lee,139.5770262113951
father,137.54918913191614
juda,137.54918913191614
honey,124.60121920664766
jane,124.60121920664766
eden,111.67151450356883
mobil,111.67151450356883
row,107.74492866312535
new,97.99692185611993
york,95.0379057027009
mister,85.88477263742861
jone,85.88477263742861
oxford,85.88477263742861
day,75.62373514973484
time,73.98236553604254
rita,73.04142738456079
sweet,69.78851310569755
mari,69.78851310569755
though,69.78851310569755
priest,69.78851310569755
arab,60.24628195726976
go,60.24628195726976
highway,60.24628195726976
hopin,60.24628195726976
william,60.24628195726976
stay,53.2961668219135
arabian,53.2961668219135
abe,47.51895285135045
john,47.51895285135045
street,47.51895285135045
louis,47.51895285135045
captain,44.88762664619454
love,44.88762664619454
hang,44.88762664619454
tom,34.89425655284877
pain,34.89425655284877
bell,34.89425655284877
jesus,34.89425655284877
toll,34.89425655284877
tonight,34.89425655284877
howard,34.89425655284877
lookin,34.89425655284877
sooner,34.89425655284877
everyth,34.89425655284877
better,34.89425655284877
dear,32.66564061870665
clay,32.66564061870665
sayin,32.66564061870665
said,22.44381332309727
holli,22.44381332309727
way,22.44381332309727
black,22.44381332309727
guard,22.44381332309727
unit,22.44381332309727
littl,22.44381332309727
jack,22.44381332309727
casanova,22.44381332309727
golden,22.44381332309727
madonna,22.44381332309727
sam,22.44381332309727
watch,22.44381332309727
russian,22.44381332309727
napoleon,22.44381332309727
nation,22.44381332309727
three,22.44381332309727
pa,22.44381332309727
mona,22.44381332309727
minnesota,22.44381332309727
indian,22.44381332309727
german,22.44381332309727
