WORD,VALUE,
True,4.725197163277828
painted,3.695612160212728
like,3.695612160212728
vacant,3.695612160212728
dumb,3.695612160212728
