WORD,VALUE,
ev'ry,19.432642496848214
ol',8.434076365161221
lost,6.621332156209567
safe,3.7156903624433664
vacant,3.7156903624433664
dumb,3.7156903624433664
