WORD,VALUE,
close,6.520398506863993
paint,3.6508298761447007
like,3.6508298761447007
vacant,3.6508298761447007
dumb,3.6508298761447007
