WORD,VALUE,
henri,95.16587287522842
stop,65.88100831038267
pleas,58.367996633758516
hello,50.03159789443613
appl,48.79615013530607
jack,41.794725529925884
behold,36.26894583815473
ev'ri,25.922979719624777
shelter,25.7127697596827
lili,22.72274886863629
jim,22.72274886863629
fun,19.81610027271191
wheel,19.493093270510414
coffe,19.393868277849926
forev,18.609133632400457
storm,17.8760328471448
playin,16.25291998186238
hook,16.10102666605723
poni,16.10102666605723
odd,16.10102666605723
felt,13.988266256653844
hangin,13.140249918818267
bucket,12.85638487984135
papa,12.85638487984135
dollar,12.797386764712858
offer,11.11628150668282
cup,10.466671556079795
counti,10.252785852990652
teeth,9.679559414997176
juic,9.679559414997176
plenti,9.478743902751567
goodby,9.304566816200229
bottl,9.304566816200229
ol,8.408988989603785
clay,6.994133128326922
valley,6.994133128326922
drinkin,6.605366757570634
oper,6.605366757570634
choos,6.605366757570634
lace,6.605366757570634
frisco,6.605366757570634
loot,6.605366757570634
trout,6.605366757570634
california,6.605366757570634
neighbor,5.853751598466941
arriv,4.739371951375784
sew,4.739371951375784
risk,4.739371951375784
pace,4.739371951375784
kin,4.739371951375784
goddess,4.739371951375784
messeng,3.7054271688942735
courag,3.7054271688942735
pair,3.7054271688942735
grin,3.7054271688942735
chicken,3.7054271688942735
graviti,3.7054271688942735
separ,3.7054271688942735
dine,3.7054271688942735
drew,3.7054271688942735
mexico,3.7054271688942735
affair,3.7054271688942735
actor,3.7054271688942735
safe,3.7054271688942735
blink,3.7054271688942735
san,3.7054271688942735
vacant,3.7054271688942735
crowin,3.7054271688942735
dumb,3.7054271688942735
tender,3.7054271688942735
blown,3.7054271688942735
mortal,3.7054271688942735
mercuri,3.7054271688942735
dad,3.7054271688942735
hunt,3.7054271688942735
neon,3.7054271688942735
twin,3.7054271688942735
agre,3.7054271688942735
illus,3.7054271688942735
swept,3.7054271688942735
fruit,3.7054271688942735
drummer,3.7054271688942735
