WORD,VALUE,
henry,95.29843170665973
apple,48.8662286148988
jack,41.85973700863792
may,35.53780360463421
shelter,25.75329627246075
lily,22.75567725366018
jim,22.75567725366018
fun,19.851559784609247
wheel,19.534460327490407
coffee,19.422574953328855
storm,17.916554612789046
pony,16.125511631991213
odds,16.125511631991213
babe,15.174360580296593
twist,13.234373189739495
papa,12.876648136230376
dollar,12.831996238140638
plenty,11.139075889945298
cup,10.494528193089176
county,10.272203818043925
teeth,9.695600961841244
big,9.695600961841244
bottle,9.329047035000404
ev'ry,7.426050593296862
wonder,7.011860510708691
clay,7.011860510708691
call,7.011860510708691
valley,7.011860510708691
operator,6.6171865948697475
lace,6.6171865948697475
kin,6.6171865948697475
frisco,6.6171865948697475
trout,6.6171865948697475
california,6.6171865948697475
neighbor,5.86810256263951
past,4.7503464973391445
goddess,4.7503464973391445
bucket,3.713025296648431
bust,3.713025296648431
messenger,3.713025296648431
pair,3.713025296648431
grin,3.713025296648431
chicken,3.713025296648431
gravity,3.713025296648431
circle,3.713025296648431
bar,3.713025296648431
mexico,3.713025296648431
affair,3.713025296648431
actor,3.713025296648431
thousand,3.713025296648431
san,3.713025296648431
mercury,3.713025296648431
dad,3.713025296648431
neon,3.713025296648431
twin,3.713025296648431
illusion,3.713025296648431
fruit,3.713025296648431
drummer,3.713025296648431
