WORD,VALUE,
henri,94.21243609009588
appl,48.29213309636502
may,47.77483662443815
jack,41.327224072106475
stop,35.591838948603424
ooh,26.72674789734957
shelter,25.421349426441143
lili,22.4859258281443
jim,22.4859258281443
fun,19.56119552059198
ev'ri,19.56119552059198
wheel,19.19588047197005
storm,19.19588047197005
coffe,19.187416195315002
big,15.924945541479381
poni,15.924945541479381
odd,15.924945541479381
twist,13.040797013727985
bucket,12.710674713220572
papa,12.710674713220572
dollar,12.54897879362327
heavi,10.952489628434105
hangin,10.401441712068625
cup,10.266716254575208
counti,10.113220309534437
teeth,9.564220206333465
thousand,9.564220206333465
juic,9.564220206333465
goodby,9.128837849488146
bottl,9.128837849488146
playin,7.301659752289401
clay,6.866856831199843
valley,6.866856831199843
drinkin,6.520398506863993
pace,6.520398506863993
oper,6.520398506863993
lost,6.520398506863993
lace,6.520398506863993
ol,6.520398506863993
frisco,6.520398506863993
trout,6.520398506863993
california,6.520398506863993
neighbor,5.750701636132366
kin,4.660548323833709
messeng,3.6508298761447007
pair,3.6508298761447007
grin,3.6508298761447007
chicken,3.6508298761447007
pump,3.6508298761447007
shoot,3.6508298761447007
graviti,3.6508298761447007
circl,3.6508298761447007
bar,3.6508298761447007
mexico,3.6508298761447007
affair,3.6508298761447007
actor,3.6508298761447007
san,3.6508298761447007
crowin,3.6508298761447007
sinkin,3.6508298761447007
tender,3.6508298761447007
mercuri,3.6508298761447007
dad,3.6508298761447007
neon,3.6508298761447007
twin,3.6508298761447007
illus,3.6508298761447007
true,3.6508298761447007
haze,3.6508298761447007
fruit,3.6508298761447007
drummer,3.6508298761447007
