WORD,VALUE,
Henry,94.99459188829024
May,52.06320249660472
Jack,45.36040496872786
stop,41.710728211229906
apple,32.13878148063029
shelter,25.660408366728795
Jim,22.68020248436393
Baby,21.272802370732997
storm,21.272802370732997
fun,19.770289558871863
coffee,19.3567771228427
wheel,16.76999838564857
Big,16.069390740315146
pony,16.069390740315146
dollar,13.942477562792295
twist,13.180193039247914
Heavy,13.180193039247914
clay,12.830204183364398
call,11.086836480638183
King,11.086836480638183
hangin,10.550605946332956
cup,10.430697870899792
ev'ry,10.227700606362426
county,9.65883394778536
Papa,9.65883394778536
teeth,9.65883394778536
Ev'ry,9.65883394778536
goodbye,9.272952910436636
bottle,9.272952910436636
playin,7.391224320425456
valley,6.971238781396147
operator,6.590096519623957
odds,6.590096519623957
Lost,6.590096519623957
lace,6.590096519623957
Rolling,6.590096519623957
ol',6.590096519623957
Frisco,6.590096519623957
trout,6.590096519623957
California,6.590096519623957
neighbor,5.8352170309525775
plenty,4.725197163277828
kin,4.725197163277828
avenue,3.695612160212728
bucket,3.695612160212728
messenger,3.695612160212728
pair,3.695612160212728
grin,3.695612160212728
President,3.695612160212728
Lady,3.695612160212728
chicken,3.695612160212728
pump,3.695612160212728
gravity,3.695612160212728
circle,3.695612160212728
thinkin,3.695612160212728
bar,3.695612160212728
Sister,3.695612160212728
Mexico,3.695612160212728
affair,3.695612160212728
actor,3.695612160212728
thousand,3.695612160212728
San,3.695612160212728
crowin,3.695612160212728
dad,3.695612160212728
neon,3.695612160212728
twin,3.695612160212728
Somethin',3.695612160212728
illusion,3.695612160212728
True,3.695612160212728
fruit,3.695612160212728
drummer,3.695612160212728
