WORD,VALUE,
Henry,94.99459188829024
May,52.06320249660472
Jack,45.36040496872786
Jim,22.68020248436393
Baby,21.272802370732997
Big,16.069390740315146
Heavy,13.180193039247914
King,11.086836480638183
Lost,6.590096519623957
Rolling,6.590096519623957
Frisco,6.590096519623957
California,6.590096519623957
President,3.695612160212728
Mexico,3.695612160212728
San,3.695612160212728
True,3.695612160212728
