WORD,VALUE,
stop,67.83271151274545
please,58.56526811026319
felt,14.036158574507551
offer,11.147071087330099
bend,7.431380724886733
blowing,6.621332156209567
climb,6.621332156209567
rolling,6.621332156209567
arrive,4.754196133384129
cause,4.754196133384129
hound,3.7156903624433664
born,3.7156903624433664
empty,3.7156903624433664
staying,3.7156903624433664
agree,3.7156903624433664
