WORD,VALUE,
simpl,18.05582485476001
quick,8.15248868259688
tini,7.370849516712493
close,7.370849516712493
brief,5.4545194058177255
asham,4.198970573422205
fifth,4.198970573422205
natur,4.198970573422205
vacant,4.198970573422205
ev'ri,4.198970573422205
