WORD,VALUE,
simple,18.034809463253325
quick,8.138863903135011
tiny,7.361919932267563
brief,5.446128904778371
True,5.446128904778371
ashamed,4.193197211594112
fifth,4.193197211594112
natural,4.193197211594112
vacant,4.193197211594112
