WORD,VALUE,
tiny,28.554337197412544
ev'ry,18.114363827789113
simple,18.114363827789113
quick,9.57143472821297
brief,5.477897679041192
forbidden,4.215054797509642
ashamed,4.215054797509642
safe,4.215054797509642
vacant,4.215054797509642
