WORD,VALUE,
henri,78.38251062614253
stop,61.72974710161821
mrs.,55.43135479296727
hello,52.26725185911263
appl,48.47180638953563
ya,42.6736332120144
idiot,38.73534294714805
behold,31.426352449068375
ooh,29.608611747583303
tini,27.919560330470283
shelter,24.816419554479133
tangl,24.353893123812423
poni,20.816199319571762
jim,20.418460716723146
thinkin,19.712760284728255
storm,19.712760284728255
coffe,17.635889571125976
simpl,17.635889571125976
hangin,17.47635310342099
odd,17.314544494324775
ev'ri,17.080999184292274
playin,15.2793943675549
fun,14.447640692386637
richard,14.384889890950578
hook,12.251076430033887
bucket,11.21812901534566
desk,10.475450816356126
trout,10.475450816356126
juic,10.475450816356126
widow,10.475450816356126
papa,9.334970699500559
arriv,8.167384286689261
cane,7.880753385765457
clay,7.880753385765457
wonderin,7.192444945475289
upstair,7.192444945475289
champion,7.192444945475289
partner,7.192444945475289
lion,7.192444945475289
oper,7.192444945475289
choos,7.192444945475289
frisco,7.192444945475289
loot,7.192444945475289
california,7.192444945475289
-,6.570920094909418
neighbor,6.570920094909418
match,6.570920094909418
rope,5.2870886868222
basement,5.2870886868222
beer,5.2870886868222
agre,5.2870886868222
jewel,5.2870886868222
risk,5.2870886868222
drinkin,5.2870886868222
beach,5.2870886868222
lace,5.2870886868222
brief,5.2870886868222
kin,5.2870886868222
goddess,5.2870886868222
hearin,4.0836921433446305
dealer,4.0836921433446305
forbidden,4.0836921433446305
desper,4.0836921433446305
messeng,4.0836921433446305
courag,4.0836921433446305
grin,4.0836921433446305
chicken,4.0836921433446305
valentin,4.0836921433446305
regist,4.0836921433446305
punch,4.0836921433446305
graviti,4.0836921433446305
separ,4.0836921433446305
affair,4.0836921433446305
actor,4.0836921433446305
safe,4.0836921433446305
vacant,4.0836921433446305
crowin,4.0836921433446305
voodoo,4.0836921433446305
mercuri,4.0836921433446305
neon,4.0836921433446305
twin,4.0836921433446305
illus,4.0836921433446305
temper,4.0836921433446305
duti,4.0836921433446305
tranc,4.0836921433446305
haze,4.0836921433446305
swept,4.0836921433446305
fruit,4.0836921433446305
