WORD,VALUE,
henry,80.55913296112509
apple,49.65697382925204
may,46.2160385916079
pony,21.307143554291947
shelter,21.075273987548215
storm,20.463526275547157
coffee,18.114363827789113
jim,17.76310783800045
odds,17.733572412933924
fun,15.00759769098655
hook,14.791447831502673
richard,14.791447831502673
twist,12.645164392528926
desk,10.75064610274321
trout,10.75064610274321
widow,10.75064610274321
big,8.430109595019283
rage,8.430109595019283
cane,8.190455054092407
papa,8.190455054092407
clay,8.190455054092407
upstairs,7.395723915751336
marketplace,7.395723915751336
champion,7.395723915751336
partner,7.395723915751336
lion,7.395723915751336
operator,7.395723915751336
kin,7.395723915751336
past,6.8211754251823855
grief,6.8211754251823855
neighbor,6.8211754251823855
tears,6.8211754251823855
rope,5.477897679041192
basement,5.477897679041192
beer,5.477897679041192
match,5.477897679041192
jewel,5.477897679041192
beach,5.477897679041192
lace,5.477897679041192
goddess,5.477897679041192
strike,4.215054797509642
dealer,4.215054797509642
bust,4.215054797509642
messenger,4.215054797509642
grin,4.215054797509642
chicken,4.215054797509642
gravity,4.215054797509642
circle,4.215054797509642
affair,4.215054797509642
actor,4.215054797509642
thousand,4.215054797509642
glance,4.215054797509642
pace,4.215054797509642
voodoo,4.215054797509642
mercury,4.215054797509642
neon,4.215054797509642
twin,4.215054797509642
illusion,4.215054797509642
temper,4.215054797509642
duty,4.215054797509642
trance,4.215054797509642
fruit,4.215054797509642
