WORD,VALUE,
henri,78.38251062614253
may,55.44435797861839
mrs.,55.43135479296727
appl,48.47180638953563
stop,39.19125531307127
ooh,29.608611747583303
shelter,24.816419554479133
storm,21.1483547472888
poni,20.816199319571762
jim,20.418460716723146
coffe,17.635889571125976
odd,17.314544494324775
hangin,14.613948364161462
fun,14.447640692386637
hook,14.384889890950578
big,14.384889890950578
richard,14.384889890950578
ev'ri,13.195627940740286
twist,12.251076430033887
heavi,12.251076430033887
bucket,11.21812901534566
dear,10.5741773736444
desk,10.475450816356126
thinkin,10.475450816356126
trout,10.475450816356126
thousand,10.475450816356126
juic,10.475450816356126
widow,10.475450816356126
papa,9.334970699500559
rage,8.167384286689261
cane,7.880753385765457
clay,7.880753385765457
wonderin,7.192444945475289
champion,7.192444945475289
partner,7.192444945475289
lion,7.192444945475289
oper,7.192444945475289
lost,7.192444945475289
frisco,7.192444945475289
california,7.192444945475289
neighbor,6.570920094909418
playin,6.570920094909418
rope,5.2870886868222
basement,5.2870886868222
beer,5.2870886868222
jewel,5.2870886868222
drinkin,5.2870886868222
pace,5.2870886868222
beach,5.2870886868222
lace,5.2870886868222
kin,5.2870886868222
dealer,4.0836921433446305
messeng,4.0836921433446305
grin,4.0836921433446305
chicken,4.0836921433446305
pump,4.0836921433446305
valentin,4.0836921433446305
graviti,4.0836921433446305
circl,4.0836921433446305
crazi,4.0836921433446305
affair,4.0836921433446305
actor,4.0836921433446305
crowin,4.0836921433446305
sinkin,4.0836921433446305
glanc,4.0836921433446305
voodoo,4.0836921433446305
mortal,4.0836921433446305
mercuri,4.0836921433446305
neon,4.0836921433446305
twin,4.0836921433446305
illus,4.0836921433446305
duti,4.0836921433446305
true,4.0836921433446305
tranc,4.0836921433446305
haze,4.0836921433446305
fruit,4.0836921433446305
