WORD,VALUE,
Henry,80.19720033115087
May,60.10154155548696
stop,45.9458669779963
apple,32.11468716507358
storm,23.3811582871925
pony,21.22555398053521
shelter,20.96598605797056
coffee,18.034809463253325
Jim,17.65789032686471
fun,14.914326577419052
Big,14.723839864535126
Richard,14.723839864535126
Heavy,14.723839864535126
clay,14.150504318532459
Bay,13.780210991766275
hangin,13.558990925144562
twist,12.579591634782334
hook,11.497109070387419
Dear,10.892257809556742
Diamond,10.887271412413817
desk,10.704895721691194
trout,10.704895721691194
widow,10.704895721691194
call,9.50993238890829
rage,8.386394423188223
cane,8.138863903135011
ev'ry,8.138863903135011
marketplace,7.361919932267563
partner,7.361919932267563
lion,7.361919932267563
operator,7.361919932267563
odds,7.361919932267563
Lost,7.361919932267563
Rolling,7.361919932267563
neighbor,6.779495462572281
Tears,6.779495462572281
rope,5.446128904778371
basement,5.446128904778371
beer,5.446128904778371
jewel,5.446128904778371
beach,5.446128904778371
lace,5.446128904778371
kin,5.446128904778371
avenue,4.193197211594112
dealer,4.193197211594112
messenger,4.193197211594112
grin,4.193197211594112
President,4.193197211594112
Lady,4.193197211594112
chicken,4.193197211594112
pump,4.193197211594112
gravity,4.193197211594112
circle,4.193197211594112
Crazy,4.193197211594112
Sister,4.193197211594112
affair,4.193197211594112
actor,4.193197211594112
thousand,4.193197211594112
crowin,4.193197211594112
glance,4.193197211594112
pace,4.193197211594112
neon,4.193197211594112
twin,4.193197211594112
Somethin',4.193197211594112
illusion,4.193197211594112
duty,4.193197211594112
True,4.193197211594112
trance,4.193197211594112
fruit,4.193197211594112
