WORD,VALUE,
henri,80.29280862083382
may,56.66298539284423
appl,49.512029232524256
stop,40.14640431041691
storm,21.818077623270902
poni,21.24710845544748
shelter,20.994852867111028
coffe,18.05582485476001
jim,17.68567896919403
odd,17.682327489040865
fun,14.938958997131534
hook,14.741699033424986
big,14.741699033424986
richard,14.741699033424986
ev'ri,13.675972393243507
hangin,13.581006205645782
twist,12.596911720266615
heavi,12.596911720266615
bucket,11.511812016660443
dear,10.909038811635451
desk,10.716981528752957
trout,10.716981528752957
thousand,10.716981528752957
juic,10.716981528752957
widow,10.716981528752957
thinkin,8.39794114684441
rage,8.39794114684441
cane,8.15248868259688
papa,8.15248868259688
clay,8.15248868259688
wonderin,7.370849516712493
marketplac,7.370849516712493
champion,7.370849516712493
partner,7.370849516712493
lion,7.370849516712493
oper,7.370849516712493
lost,7.370849516712493
neighbor,6.790503102822891
rope,5.4545194058177255
basement,5.4545194058177255
beer,5.4545194058177255
jewel,5.4545194058177255
drinkin,5.4545194058177255
pace,5.4545194058177255
beach,5.4545194058177255
lace,5.4545194058177255
kin,5.4545194058177255
dealer,4.198970573422205
messeng,4.198970573422205
grin,4.198970573422205
chicken,4.198970573422205
pump,4.198970573422205
valentin,4.198970573422205
graviti,4.198970573422205
circl,4.198970573422205
crazi,4.198970573422205
affair,4.198970573422205
actor,4.198970573422205
crowin,4.198970573422205
glanc,4.198970573422205
voodoo,4.198970573422205
mortal,4.198970573422205
mercuri,4.198970573422205
neon,4.198970573422205
twin,4.198970573422205
illus,4.198970573422205
duti,4.198970573422205
true,4.198970573422205
tranc,4.198970573422205
fruit,4.198970573422205
