WORD,VALUE,
henry,80.55913296112509
may,46.2160385916079
jim,17.76310783800045
richard,14.791447831502673
bay,13.855694937860154
diamond,10.958684940065787
big,8.430109595019283
papa,8.190455054092407
president,4.215054797509642
trance,4.215054797509642
