WORD,VALUE,
Henry,80.19720033115087
May,60.10154155548696
Jim,17.65789032686471
Big,14.723839864535126
Richard,14.723839864535126
Heavy,14.723839864535126
Bay,13.780210991766275
Dear,10.892257809556742
Diamond,10.887271412413817
Lost,7.361919932267563
Rolling,7.361919932267563
ol',7.361919932267563
President,4.193197211594112
Crazy,4.193197211594112
True,4.193197211594112
