WORD,VALUE,
henry,80.49487796692941
may,46.18495096970992
jim,17.74442400786925
richard,14.77944504768953
bay,13.84229205805877
diamond,10.946002501841154
big,8.422347886336103
papa,8.18129324942099
president,4.211173943168052
trance,4.211173943168052
