WORD,VALUE,
stop,62.850205834758654
going,32.577624088447706
offer,9.57143472821297
arrive,8.430109595019283
bend,8.430109595019283
grind,7.395723915751336
rolling,7.395723915751336
bite,5.477897679041192
agree,5.477897679041192
climb,5.477897679041192
cause,5.477897679041192
hearin,4.215054797509642
divide,4.215054797509642
hound,4.215054797509642
empty,4.215054797509642
drinking,4.215054797509642
staying,4.215054797509642
