WORD,VALUE,
littl,530.1254168179613
old,480.19422757609817
wrong,326.9732322645675
next,259.4537434404157
hard,249.396930975466
mani,225.63718898580663
handi,211.18463069108358
black,196.74042316349647
true,167.8821206635382
bad,153.47134096692352
high,142.96204962083698
cold,139.07577061623346
roll,134.50105116097492
big,124.698465487733
low,120.77042680265907
blue,115.1559391456817
dark,110.34350742803268
closer,110.34350742803268
sick,106.61580341681304
full,96.01652277074955
dead,96.01652277074955
long,89.83029277849374
poor,81.7255770924601
white,76.01268398793026
wild,67.48283123974745
sweet,64.51515824031904
love,64.51515824031904
finest,53.30790170840652
free,53.30790170840652
gray,53.30790170840652
fair,50.675122658620175
bright,48.75394594672086
frail,39.23560498448322
loud,39.23560498448322
tender,39.23560498448322
beauti,39.23560498448322
tire,37.005536205710655
deep,37.005536205710655
pleasant,25.337561329310088
charm,25.337561329310088
spanish,25.337561329310088
past,25.337561329310088
pale,25.337561329310088
best,25.337561329310088
real,25.337561329310088
late,25.337561329310088
bold,25.337561329310088
ol,25.337561329310088
asleep,25.337561329310088
silent,25.337561329310088
better,25.337561329310088
less,25.337561329310088
slender,25.337561329310088
rag,25.337561329310088
blind,25.337561329310088
higher,25.337561329310088
