WORD,VALUE,
littl,585.1477026250869
old,530.7544717487921
wrong,361.176003467148
next,287.7066477462103
hard,276.16344417153675
mani,249.43020288611459
handi,233.49053640535257
black,217.55922069172655
true,185.72670181969036
bad,169.8288139370368
high,159.31737136200508
cold,153.94613540030775
roll,150.85350459688286
big,138.08172208576838
low,134.1529663243794
blue,128.53704451477194
dark,122.23965584002912
closer,122.23965584002912
sick,118.51123475249443
full,106.42556299670706
dead,106.42556299670706
long,100.23789885182114
poor,90.64750913237867
white,84.93318187521874
wild,74.91765509362709
sweet,71.94926501788363
love,71.94926501788363
finest,59.255617376247216
free,59.255617376247216
gray,59.255617376247216
fair,56.622121250145824
bright,54.70022746193146
frail,43.696212466284976
loud,43.696212466284976
tender,43.696212466284976
beauti,43.696212466284976
tire,41.465426611197366
deep,41.465426611197366
pleasant,28.311060625072912
charm,28.311060625072912
spanish,28.311060625072912
past,28.311060625072912
pale,28.311060625072912
best,28.311060625072912
real,28.311060625072912
late,28.311060625072912
will,28.311060625072912
bold,28.311060625072912
ol,28.311060625072912
asleep,28.311060625072912
silent,28.311060625072912
better,28.311060625072912
less,28.311060625072912
slender,28.311060625072912
rag,28.311060625072912
blind,28.311060625072912
higher,28.311060625072912
