WORD,VALUE,
god,494.1571234109073
love,401.47410350090064
heart,286.5943448594214
time,245.79504395523108
cat,245.51187364787123
day,213.529015711998
way,209.68606002698613
everyth,209.68606002698613
noth,205.0331518052317
thing,201.69656825032183
girl,173.91219885875458
town,166.56936404284085
tryin,163.8633626368207
eye,159.4453662406659
road,156.05113816979076
place,152.121972122604
someon,152.121972122604
world,149.05723291128172
boy,134.48359317629453
mind,131.60092341663687
man,131.60092341663687
moon,131.60092341663687
heaven,116.8955347012024
wind,116.8955347012024
sun,114.21319961539899
iron,114.21319961539899
kind,114.21319961539899
walk,110.13032601721366
street,102.62698309312765
women,102.62698309312765
dirt,102.62698309312765
sky,99.37148860752113
room,99.37148860752113
peopl,99.37148860752113
shadow,96.91183526437214
water,84.9004816799516
sugar,84.9004816799516
doorway,84.9004816799516
bird,81.93168131841036
feel,79.72268312033295
fire,77.94262592436553
nerv,67.24179658814727
cloud,67.24179658814727
silver,67.24179658814727
window,67.24179658814727
drink,67.24179658814727
one,67.24179658814727
home,67.24179658814727
hill,64.60789017624809
gold,64.60789017624809
dream,64.60789017624809
anyth,62.68558610223594
tomorrow,49.685744303760565
mama,49.685744303760565
honey,49.685744303760565
alley,49.685744303760565
shoe,49.685744303760565
money,49.685744303760565
brain,49.685744303760565
lie,49.685744303760565
train,49.685744303760565
someth,47.45454816287517
touch,32.303945088124046
oxford,32.303945088124046
morn,32.303945088124046
none,32.303945088124046
jail,32.303945088124046
tea,32.303945088124046
yesterday,32.303945088124046
beat,32.303945088124046
heat,32.303945088124046
kiss,32.303945088124046
feelin,32.303945088124046
bump,32.303945088124046
barn,32.303945088124046
bull,32.303945088124046
leav,32.303945088124046
wall,32.303945088124046
lookin,32.303945088124046
knee,32.303945088124046
chain,32.303945088124046
ya,32.303945088124046
clock,32.303945088124046
tree,32.303945088124046
rhyme,32.303945088124046
soul,32.303945088124046
feet,32.303945088124046
pain,32.303945088124046
miss,32.303945088124046
jane,32.303945088124046
milk,32.303945088124046
