WORD,VALUE,
god,458.7123297241511
feel,62.598630739579804
everyth,49.62052451123723
miss,32.26046609858348
jane,32.26046609858348
