WORD,VALUE,
god,459.3210434269939
feel,62.68558610223594
everyth,49.685744303760565
miss,32.303945088124046
jane,32.303945088124046
