WORD,VALUE,
well,668.0768935389175
god,375.7130861580164
lord,326.9732322645675
lawd,225.63718898580663
jack,196.74042316349647
miss,167.8821206635382
black,153.47134096692352
davey,129.03031648063808
feel,117.70681495344965
said,110.34350742803268
jane,110.34350742803268
mousey,96.01652277074955
john,96.01652277074955
honey,96.01652277074955
gon,92.51150050218429
albert,92.51150050218429
stetson,81.7255770924601
joe,78.47120996896643
arthur,67.48283123974745
got,67.48283123974745
frog,67.48283123974745
hat,67.48283123974745
love,50.675122658620175
next,48.75394594672086
took,39.23560498448322
cow,39.23560498448322
everyth,39.23560498448322
jone,39.23560498448322
bay,39.23560498448322
sunday,37.005536205710655
rode,37.005536205710655
london,37.005536205710655
made,25.337561329310088
lookin,25.337561329310088
boston,25.337561329310088
littl,25.337561329310088
alley,25.337561329310088
