WORD,VALUE,
see,361.2050529956415
look,281.37615059110817
tri,226.12761561686835
left,223.01838444432227
hear,205.2539661862553
feel,201.7253897644418
let,201.69656825032183
turn,178.8017818665149
think,176.60234115892888
stand,156.05113816979076
bound,131.60092341663687
walk,127.16912026104679
wait,120.4016843318805
gone,102.62698309312765
fall,102.62698309312765
cri,102.62698309312765
tell,102.62698309312765
talk,99.37148860752113
close,96.91183526437214
fell,84.9004816799516
dress,84.9004816799516
wish,84.9004816799516
made,84.9004816799516
need,84.9004816799516
went,84.9004816799516
live,84.9004816799516
want,81.93168131841036
wonder,81.93168131841036
kill,67.24179658814727
born,67.24179658814727
matter,67.24179658814727
ride,67.24179658814727
watch,67.24179658814727
give,67.24179658814727
took,67.24179658814727
keep,64.60789017624809
love,64.60789017624809
begin,64.60789017624809
saw,62.68558610223594
read,62.68558610223594
seen,49.685744303760565
play,49.685744303760565
rememb,49.685744303760565
follow,49.685744303760565
doe,49.685744303760565
sit,49.685744303760565
seem,49.685744303760565
drift,49.685744303760565
ask,49.685744303760565
ring,49.685744303760565
hit,47.45454816287517
hang,47.45454816287517
sleep,47.45454816287517
told,47.45454816287517
win,32.303945088124046
thank,32.303945088124046
press,32.303945088124046
drag,32.303945088124046
torn,32.303945088124046
found,32.303945088124046
protect,32.303945088124046
pray,32.303945088124046
becom,32.303945088124046
flow,32.303945088124046
whisper,32.303945088124046
swing,32.303945088124046
pull,32.303945088124046
throw,32.303945088124046
miss,32.303945088124046
forget,32.303945088124046
leav,32.303945088124046
met,32.303945088124046
hold,32.303945088124046
write,32.303945088124046
grab,32.303945088124046
sing,32.303945088124046
