NGRAM,VALUE,
Dear landlord,54.12693500446428
Tom Paine,54.12693500446428
pity immigrant,53.753455578512394
Frankie Lee,46.49706581404065
pity poor,42.65581135587962
poor immigrant,42.65581135587962
along cove,34.47705477817551
together hand,31.19364916010546
walked hand,31.19364916010546
cove spied,27.846034744735636
Judas Priest,20.966582483245848
along spied,17.979050190512307
Judas Eternity,15.333845718278324
cove hand,14.679528992057465
wa known,13.918627514966547
Priest Lee,11.692467655363647
Priest Frankie,10.573550070937795
road Frankie,6.989245232802078
hand along,4.8283318276644
