NGRAM,VALUE,
dear landlord,53.689450660185685
tom pain,53.689450660185685
piti immigr,53.31598366221467
franki lee,46.09630467606251
piti poor,42.30585854167323
poor immigr,42.30585854167323
along cove,34.18554146363186
togeth hand,30.934458829011128
walk hand,30.934458829011128
cove spi,27.61280458153832
juda priest,20.784528533194642
along spi,17.82368597828793
juda etern,15.202718405810298
cove hand,14.550155133388161
priest lee,11.586741533373845
priest franki,10.476702101615828
road franki,6.923965897113804
hand along,4.780246921978121
