NGRAM,VALUE,
dear landlord,54.12693500446428
tom pain,54.12693500446428
piti immigr,53.753455578512394
franki lee,46.49706581404065
piti poor,42.65581135587962
poor immigr,42.65581135587962
along cove,34.47705477817551
'm sorri,34.38313278289542
togeth hand,31.19364916010546
walk hand,31.19364916010546
cove spi,27.846034744735636
juda priest,20.966582483245848
along spi,17.979050190512307
juda etern,15.333845718278324
cove hand,14.679528992057465
priest lee,11.692467655363647
priest franki,10.573550070937795
road franki,6.989245232802078
hand along,4.8283318276644
