NGRAM,VALUE,
pity poor immigrant,26980.966823870094
walked together hand,25998.297400679166
cove together hand,13140.88538061696
cove walked hand,12999.343419395835
along cove spied,8550.834855334471
Priest Frankie Lee,3627.6498264981637
