NGRAM,VALUE,
dear landlord please,40790.176025345085
walk together hand,35562.96492702605
pity poor immigrant,24691.662216357596
cove walk hand,17787.34018629518
cove together hand,12017.910466816893
along cove spy,7090.5258398696305
priest frankie lee,2618.295730883276
