NGRAM,VALUE,
piti poor immigr,26562.599360383436
walk togeth hand,25590.223081770615
cove togeth hand,12935.638534182033
cove walk hand,12795.220341080534
along cove spi,8422.362246064527
priest franki lee,3578.0075357348023
