NGRAM,VALUE,
piti poor immigr,26980.966823870094
walk togeth hand,25998.297400679166
cove togeth hand,13140.88538061696
cove walk hand,12999.343419395835
along cove spi,8550.834855334471
priest franki lee,3627.6498264981637
