WORD,VALUE,
dandy,49.5477699731444
ugly,35.024623403046625
broken,27.48040517210226
clean-cut,24.28939722970245
usual,20.759948360934878
holy,17.40946663253708
Precious,8.137331724146454
Sorry,7.16917372873079
sacred,6.542331122041402
American,5.265281059752489
frail,4.068665862073227
foggy,4.068665862073227
French,4.068665862073227
doggone,4.068665862073227
impossible,4.068665862073227
thirsty,4.068665862073227
