WORD,VALUE,
broken,75.87556937421763
dandy,49.399188990283946
ugly,48.421977922013795
clean-cut,24.210988961006898
usual,20.69156476569146
holy,20.25202817045225
a-rollin,13.772994158624742
scared,7.140888827295882
sacred,6.507599784997325
american,5.238785277239064
damn,5.238785277239064
foggy,4.050405634090449
french,4.050405634090449
thirty,4.050405634090449
fond,4.050405634090449
thirsty,4.050405634090449
