WORD,VALUE,
broken,71.70050839515258
trust,56.11906895964751
driftin,53.26930139954473
bulli,52.19998048803942
dandi,45.103045307560684
neighborhood,45.103045307560684
diseas,41.577251576936426
shore,39.67827577467024
hell,36.69460454010637
ugli,35.07011482731752
car,27.661942300752386
polit,25.537110610341568
cat,24.905629581117427
clean-cut,24.322278156420168
killer,20.920003188237395
satan,20.920003188237395
missouri,20.788625788468213
usual,20.788625788468213
rambl,19.858007889180428
anybodi,19.68654665963924
stick,19.68654665963924
pearl,17.609032562939827
nightingal,17.291012399509935
willi,17.291012399509935
shootin,17.291012399509935
holi,15.82919227137263
handl,15.253253882286144
grown,15.253253882286144
salli,13.841598836128462
a-rollin,13.841598836128462
creation,13.841598836128462
rank,13.841598836128462
dump,13.841598836128462
martin,13.841598836128462
luther,13.841598836128462
desert,13.113807837013573
union,12.228977381053843
natur,11.834331266618644
idea,11.834331266618644
vow,11.823493094400211
tune,11.823493094400211
sundown,11.199354879736923
greed,11.199354879736923
band,10.552794847581755
curl,10.460001594118697
bake,10.460001594118697
yesterday,9.181620718686798
famili,7.8634122959915205
drank,7.181037159526566
rubi,7.181037159526566
welcom,7.181037159526566
wolf,7.181037159526566
bull,7.181037159526566
emot,7.181037159526566
backward,7.181037159526566
cent,7.181037159526566
scare,7.181037159526566
damn,6.556903918506786
movi,6.556903918506786
sacr,6.556903918506786
american,5.276397423790877
debt,5.276397423790877
snap,5.276397423790877
breakin,5.276397423790877
thirti,5.276397423790877
oklahoma,5.276397423790877
goodnight,4.076325793684614
frail,4.076325793684614
spill,4.076325793684614
foggi,4.076325793684614
test,4.076325793684614
spoken,4.076325793684614
french,4.076325793684614
bump,4.076325793684614
purpos,4.076325793684614
mount,4.076325793684614
buckl,4.076325793684614
doggon,4.076325793684614
jumpin,4.076325793684614
thumpin,4.076325793684614
fortress,4.076325793684614
thiev,4.076325793684614
outskirt,4.076325793684614
crumb,4.076325793684614
tub,4.076325793684614
score,4.076325793684614
swine,4.076325793684614
thirsti,4.076325793684614
fifti,4.076325793684614
