WORD,VALUE,
bulli,51.61813113813615
neighborhood,44.59112428233553
broken,41.869608106007746
diseas,41.10029471405034
shore,39.0703930346016
driftin,38.27426299146261
hell,36.00330149505504
trust,31.12450584749836
car,28.303743396132734
cat,24.478063623485404
desert,24.048835562638065
beat,21.16673168593956
natur,20.652831299385685
killer,20.652831299385685
satan,20.652831299385685
anybodi,20.579779603406248
missouri,20.55014735702517
pearl,17.37682483642718
nightingal,17.08749813040595
vow,17.08749813040595
willi,17.08749813040595
shootin,17.08749813040595
stick,16.05067269574754
tune,15.027316860703895
salli,13.673048729363542
late,13.673048729363542
creation,13.673048729363542
forgiv,13.673048729363542
dump,13.673048729363542
martin,13.673048729363542
luther,13.673048729363542
fli,12.900475375872718
union,12.038004521810652
idea,11.598512902418916
greed,11.0370754779024
band,10.36809269326896
curl,10.326415649692843
honor,9.160904389905093
sure,9.160904389905093
yesterday,9.003189269304404
famili,7.713674304017789
rubi,7.082415377439774
wolf,7.082415377439774
bull,7.082415377439774
tri,7.082415377439774
cent,7.082415377439774
movi,6.435859383941722
debt,5.18404634663448
someplac,5.18404634663448
guy,5.18404634663448
seven,4.012668173936885
bump,4.012668173936885
purpos,4.012668173936885
idol,4.012668173936885
buckl,4.012668173936885
jumpin,4.012668173936885
thumpin,4.012668173936885
fortress,4.012668173936885
thiev,4.012668173936885
twilight,4.012668173936885
reflect,4.012668173936885
outskirt,4.012668173936885
crumb,4.012668173936885
tub,4.012668173936885
score,4.012668173936885
swine,4.012668173936885
