WORD,VALUE,
bulli,52.19998048803942
neighborhood,45.103045307560684
broken,42.317871511485166
diseas,41.577251576936426
shore,39.67827577467024
driftin,38.68756223460096
hell,36.69460454010637
trust,31.467876765958586
car,27.661942300752386
cat,24.905629581117427
beat,21.51371324208687
natur,20.920003188237395
desert,20.920003188237395
killer,20.920003188237395
satan,20.920003188237395
missouri,20.788625788468213
anybodi,19.68654665963924
pearl,17.609032562939827
nightingal,17.291012399509935
vow,17.291012399509935
willi,17.291012399509935
shootin,17.291012399509935
stick,16.305303174738455
tune,15.253253882286144
salli,13.841598836128462
late,13.841598836128462
a-rollin,13.841598836128462
creation,13.841598836128462
forgiv,13.841598836128462
dump,13.841598836128462
martin,13.841598836128462
luther,13.841598836128462
fli,13.16498719748111
union,12.228977381053843
idea,11.834331266618644
greed,11.199354879736923
band,10.552794847581755
curl,10.460001594118697
honor,9.316913086809219
sure,9.316913086809219
yesterday,9.181620718686798
famili,7.8634122959915205
rubi,7.181037159526566
wolf,7.181037159526566
bull,7.181037159526566
tri,7.181037159526566
cent,7.181037159526566
movi,6.556903918506786
debt,5.276397423790877
someplac,5.276397423790877
oklahoma,5.276397423790877
goodnight,4.076325793684614
seven,4.076325793684614
bump,4.076325793684614
purpos,4.076325793684614
idol,4.076325793684614
buckl,4.076325793684614
jumpin,4.076325793684614
thumpin,4.076325793684614
fortress,4.076325793684614
thiev,4.076325793684614
twilight,4.076325793684614
reflect,4.076325793684614
outskirt,4.076325793684614
crumb,4.076325793684614
tub,4.076325793684614
score,4.076325793684614
swine,4.076325793684614
