WORD,VALUE,
satan,20.84762025740934
missouri,20.72402657217498
sally,13.795938120421367
martin,13.795938120421367
luther,13.795938120421367
ruby,7.154314944405609
bridge,7.154314944405609
oklahoma,5.251360744428165
yonder,4.059072828856724
