WORD,VALUE,
satan,20.811250178502995
missouri,20.69156476569146
sally,13.772994158624742
martin,13.772994158624742
luther,13.772994158624742
ruby,7.140888827295882
bridge,7.140888827295882
oklahoma,5.238785277239064
yonder,4.050405634090449
