WORD,VALUE,
Hell,64.2089093732728
Broken,42.26397308884549
Satan,20.887869328277063
Missouri,20.759948360934878
Sally,13.821328406963907
Late,13.821328406963907
Martin,13.821328406963907
Luther,13.821328406963907
Son,10.481157585367948
Sure,9.298136791159445
Bridge,7.16917372873079
Oklahoma,5.265281059752489
Seven,4.068665862073227
Stick,4.068665862073227
Yonder,4.068665862073227
