WORD,VALUE,
trust,26.448554064656207
rambl,25.537110610341568
grown,17.609032562939827
handl,15.253253882286144
name,14.49730017050121
doin,11.199354879736923
rule,8.152651587369228
drank,7.181037159526566
star,5.276397423790877
breakin,5.276397423790877
dri,5.276397423790877
notic,5.276397423790877
spill,4.076325793684614
spoken,4.076325793684614
mount,4.076325793684614
finish,4.076325793684614
