WORD,VALUE,
forgetful,45.54495221997058
newborn,40.995482456329334
barren,33.413953617911815
weary,31.186127838161454
restless,31.186127838161454
joyful,21.45720808460322
faithful,21.45720808460322
fatherless,21.45720808460322
