WORD,VALUE,
loaded,43.85743677613806
faithful,28.41853775535261
friendless,28.41853775535261
