WORD,VALUE,
old,307.6100765033468
little,249.20444468808782
hard,244.2535580823845
long,224.54132645845925
big,185.55738432125852
wrong,185.55738432125852
new,184.96333284229078
true,169.67360661350372
red,165.6924211488287
many,159.16217783953107
happy,153.8050382516734
best,153.8050382516734
black,153.8050382516734
great,137.95473511203278
dead,137.95473511203278
blue,128.41007134209536
better,122.12677904119225
bad,122.12677904119225
last,111.08513429721525
dark,106.32679637276891
merry,106.32679637276891
white,100.13914142858904
whole,97.93648270226377
right,94.4135626684205
ready,90.56285268333927
pretty,90.56285268333927
sorry,90.56285268333927
sweet,87.30777308388356
low,87.30777308388356
hot,87.30777308388356
wide,74.84710881948642
blind,74.84710881948642
cold,74.84710881948642
tight,74.84710881948642
deep,71.87872334409597
glad,71.87872334409597
sad,69.67014003216937
bright,69.67014003216937
beautiful,67.89049772235276
wild,59.19918127700529
poor,59.19918127700529
full,59.19918127700529
real,59.19918127700529
newborn,56.56568975125691
mine,56.56568975125691
fourth,54.64380056339556
free,43.65388654194178
dirty,43.65388654194178
mild,43.65388654194178
warm,43.65388654194178
highest,43.65388654194178
golden,43.65388654194178
tough,43.65388654194178
worse,43.65388654194178
barren,43.65388654194178
thick,43.65388654194178
holy,43.65388654194178
tall,43.65388654194178
loaded,43.65388654194178
fair,41.42310528720718
cool,41.42310528720718
evil,41.42310528720718
easy,41.42310528720718
alive,41.42310528720718
open,41.42310528720718
quick,28.282844875628456
eyed,28.282844875628456
extra,28.282844875628456
past,28.282844875628456
meek,28.282844875628456
least,28.282844875628456
lonely,28.282844875628456
double,28.282844875628456
coming,28.282844875628456
busy,28.282844875628456
friendless,28.282844875628456
silver,28.282844875628456
clear,28.282844875628456
sacred,28.282844875628456
