WORD,VALUE,
old,355.33543021174427
littl,249.27952046933376
hard,244.32863233018062
long,224.61170684063708
big,201.5150226833546
last,187.45223465249163
wrong,185.61369077383054
new,185.02432395978212
mani,169.72522073390724
true,169.72522073390724
red,165.74871686725191
best,153.85196003990845
black,153.85196003990845
high,143.8043638760775
great,137.99696456809934
dead,137.99696456809934
blue,128.45229619781242
better,122.16431616509031
bad,122.16431616509031
right,109.32513058344004
dark,106.3596411644985
special,100.17198315341896
white,100.17198315341896
whole,97.96932289364386
readi,90.59100514290036
sweet,87.33592400999481
low,87.33592400999481
hot,87.33592400999481
wide,74.87056894687903
blind,74.87056894687903
cold,74.87056894687903
beauti,74.87056894687903
tight,74.87056894687903
deep,71.90218193803875
glad,71.90218193803875
sad,69.69359709266232
bright,69.69359709266232
wild,59.2179490722294
poor,59.2179490722294
forget,59.2179490722294
full,59.2179490722294
real,59.2179490722294
newborn,56.5844560130312
mine,56.5844560130312
fourth,54.66256529172002
free,43.667962004997406
mild,43.667962004997406
warm,43.667962004997406
highest,43.667962004997406
golden,43.667962004997406
tough,43.667962004997406
barren,43.667962004997406
thick,43.667962004997406
tall,43.667962004997406
load,43.667962004997406
fair,41.43717921681298
cool,41.43717921681298
evil,41.43717921681298
open,41.43717921681298
quick,28.2922280065156
cheer,28.2922280065156
extra,28.2922280065156
past,28.2922280065156
meek,28.2922280065156
least,28.2922280065156
skill,28.2922280065156
indian,28.2922280065156
friendless,28.2922280065156
silver,28.2922280065156
clear,28.2922280065156
earth,28.2922280065156
