WORD,VALUE,
christmas,575.0754614409091
dum,148.2452266165728
jolene,108.22468906863364
coulee,72.21796645801642
workingman,56.83707551070522
overdrive,28.41853775535261
