WORD,VALUE,
dixie,157.0711296445368
po,83.78554260809855
mi,40.995482456329334
cap,31.186127838161454
train,21.45720808460322
