WORD,VALUE,
christmas,575.0754614409091
dum,159.90852142184403
jolene,109.83032898724757
hark,59.47058886567369
