WORD,VALUE,
saw,78.92689964717697
herald,42.91441616920644
lag,40.995482456329334
proclaim,21.45720808460322
crave,21.45720808460322
