WORD,VALUE,
best,18.110700776282002
new,7.219501697408924
little,6.788629849740538
least,5.457737883121091
final,5.065992421169352
weak,4.4663339655861005
cruel,4.4663339655861005
tight,3.2235094052843003
dear,2.0856909213522177
blind,1.911483375766251
whole,1.4161215877487145
low,1.3794628490170262
deep,1.3794628490170262
ready,1.275934892378622
long,1.1533222580496085
cold,1.0397035701261734
blue,0.939352308545115
sweet,0.7863402458305055
black,0.5920128688319979
wrong,0.4914328824442795
hard,0.13939308112350512
