WORD,VALUE,
best,14.136276620416607
back,11.452389563891105
littl,7.5055197902302
new,7.475929023079268
dearer,6.658328690625979
least,5.494905295772426
final,5.102952940138373
weak,4.502880697190489
cruel,4.502880697190489
deep,2.1814328823915403
long,2.0045707310092076
blind,1.8377498841813882
low,1.5229086384421784
whole,1.4456339341544118
blue,1.3730103958029436
readi,1.304619664055045
cold,1.304619664055045
sweet,1.1498796435550154
black,0.6304003715055853
wrong,0.5124625878750744
hard,0.3397196716928367
