WORD,VALUE,
bit,25.02971113925244
front,22.279263378650526
bottom,21.830951532484363
boot,21.40767948556062
shoe,15.124808979946447
blue,13.022262911087438
line,12.523333008180476
brand,9.794020093996036
rail,6.620747490610014
creek,6.620747490610014
gut,6.620747490610014
rice,6.620747490610014
bandit,6.620747490610014
bean,6.620747490610014
wage,6.620747490610014
haul,5.952116152490463
spine,5.952116152490463
fuss,5.952116152490463
haze,5.952116152490463
hill,5.4642095596050435
hunger,5.457737883121091
barn,5.457737883121091
mist,5.457737883121091
weapon,5.457737883121091
starlight,5.457737883121091
frost,5.065992421169352
vine,5.065992421169352
battle,5.065992421169352
eve,4.7420632805893215
reality,4.7420632805893215
steel,4.4663339655861005
hall,4.4663339655861005
foot,4.233821827990594
edge,4.014926695984201
month,4.014926695984201
suit,3.8255568311919674
path,3.6544521885893895
look,3.6544521885893895
crime,3.6544521885893895
call,3.4985568919113357
dime,3.4985568919113357
shelf,3.4985568919113357
work,3.2235094052843003
kitchen,3.2235094052843003
rest,2.986925241009091
power,2.59654762127147
thought,2.59654762127147
prayer,2.5122383091755065
story,2.432262696644691
sun,2.392730922089638
dark,2.2838509130351072
wife,2.0252119665878388
knee,1.8579208620745984
life,1.8085865291389118
memory,1.7567249641908327
horse,1.7567249641908327
bird,1.7088577600041663
tomorrow,1.574978214017551
arm,1.5333053677051978
town,1.513615045591731
sea,1.275934892378622
father,1.2118264217586372
song,1.0939759498315986
star,1.0664768494243817
soul,0.9634770189270052
money,0.9634770189270052
day,0.9558669090713434
sky,0.7665346102320176
someone,0.7098601680021999
end,0.657025727214418
nobody,0.6402118653684883
morning,0.5469742628807848
street,0.4914328824442795
place,0.3830325159436948
way,0.33582982258290683
people,0.1933271013092549
night,0.13862045174479898
home,0.03707037536875607
eye,0.00525266064924515
