WORD,VALUE,
meet,20.836471375277135
money,5.989490458824114
