WORD,VALUE,
fight,17.1347178727217
bring,11.624877083657665
hang,11.317203145014252
sing,10.048953236702026
meet,8.792083002098838
compete,6.620747490610014
fret,6.620747490610014
punch,6.620747490610014
listenin,5.952116152490463
sailin,5.952116152490463
spoil,5.952116152490463
tread,5.952116152490463
sinkin,5.457737883121091
spar,5.457737883121091
hurry,5.457737883121091
creep,5.457737883121091
sleep,5.107651178399884
force,5.065992421169352
rob,4.7420632805893215
kick,4.4663339655861005
waste,4.226643629576552
forget,4.171381842704435
fee,3.8255568311919674
shut,3.6544521885893895
sittin,3.2235094052843003
lift,3.1010419395787068
gettin,3.1010419395787068
weep,2.7799715213087084
thinkin,2.5122383091755065
hope,2.5122383091755065
win,2.432262696644691
steal,2.0856909213522177
want,2.05777149252551
pray,1.911483375766251
worry,1.911483375766251
save,1.8063754946348771
tryin,1.7088577600041663
rise,1.4161215877487145
sit,1.2118264217586372
wake,1.1811215495488236
mean,0.9634770189270052
work,0.9158326503628309
burn,0.8705274634852687
saw,0.7098601680021999
believe,0.5616511819228287
remember,0.4914328824442795
lose,0.40530404164948863
stay,0.28523908946388876
live,0.2681427695443158
tell,0.23797883072410708
put,0.20695420937816766
keep,0.10500645811786657
find,0.1005865000696079
see,0.09254070244077317
try,0.07647215799204021
hear,0.011316571907806772
leave,0.00915703031050183
give,0.004213717000467271
think,0.0014760665403184409
love,0.0004643082898010756
