WORD,VALUE,
no,6.629502829082293
la,5.557917830848946
cetera,2.324926931317611
ad,0.5044202018564703
futuro,0.25221010092823515
business,0.25221010092823515
masse,0.25221010092823515
of,0.06463838450926074
