WORD,VALUE,
narrow,29.801511901181026
early,20.00924283407109
bright,12.126086051378328
honest,9.304249788496396
mystic,8.894147375655937
weary,7.123165239569634
flat,6.669747611357032
golden,6.134207689652118
human,6.027384056292137
double,6.027384056292137
sharp,6.027384056292137
blazing,4.20569456300701
steady,4.20569456300701
treacherous,3.334873805678516
twisted,3.334873805678516
greasy,3.334873805678516
dull,3.334873805678516
deadly,3.334873805678516
