WORD,VALUE,
narrow,29.84619252675094
early,20.05040808785337
bright,12.159866074084313
honest,9.321841399045796
mystic,8.908747969863605
weary,7.141990180566945
flat,6.683469362617789
golden,6.1500416143077
human,6.038114791211161
double,6.038114791211161
sharp,6.038114791211161
blazing,4.215546454979123
steady,4.215546454979123
treacherous,3.3417346813088944
twisted,3.3417346813088944
greasy,3.3417346813088944
dull,3.3417346813088944
deadly,3.3417346813088944
