WORD,VALUE,
scarlet,33.87064030238925
narrow,29.847155351936397
earli,21.959842072957503
bright,12.160594196438556
honest,9.322220509435109
flat,8.909062606800294
weari,7.142395935658078
mystic,6.6837650851790755
golden,6.150382895946207
human,6.038346040319826
sharp,6.038346040319826
doubl,4.215758789712389
steadi,4.215758789712389
treacher,3.3418825425895378
twist,3.3418825425895378
cheap,3.3418825425895378
dull,3.3418825425895378
bent,3.3418825425895378
dearer,3.3418825425895378
