WORD,VALUE,
leve,38.58219725540046
horizon,33.4163368458074
scarlet,33.4163368458074
narrow,29.40171098866862
beyond,27.44086290081982
everywher,26.29060255044716
em,24.74226029404861
someday,21.627189054596222
yearn,20.58244202297464
worri,18.925863216768512
earli,17.965325153349344
john,16.367739387938084
sink,14.662942488936864
summer,14.189828730199313
tumbl,11.698286678222493
wound,9.150137755724195
shall,9.150137755724195
flat,9.146954300273272
honest,9.146954300273272
vine,8.763534183482387
sittin,8.763534183482387
titan,8.763534183482387
wood,8.235372677733077
shelf,7.355424085787883
rais,6.955110127280438
moonlight,6.955110127280438
mystic,6.547095755175233
hog,6.547095755175233
asid,6.547095755175233
blaze,6.547095755175233
stuff,6.547095755175233
thunder,5.9928348734125
tight,5.9928348734125
fore,5.9928348734125
cheer,5.931414496159913
desir,5.931414496159913
funer,5.931414496159913
forti,5.931414496159913
mississippi,5.931414496159913
sharp,5.931414496159913
ringin,5.931414496159913
starlight,5.931414496159913
rollin,5.0422596647551075
husband,5.0422596647551075
bit,5.0422596647551075
human,4.117686338866538
spare,4.117686338866538
speed,4.117686338866538
bear,4.117686338866538
doubl,4.117686338866538
fallin,4.117686338866538
steadi,4.117686338866538
knife,4.117686338866538
polic,4.117686338866538
uncl,4.117686338866538
brag,4.117686338866538
burnin,3.2735478775876166
breast,3.2735478775876166
slaughter,3.2735478775876166
companion,3.2735478775876166
plead,3.2735478775876166
treacher,3.2735478775876166
paintin,3.2735478775876166
2,3.2735478775876166
bet,3.2735478775876166
lawyer,3.2735478775876166
romeo,3.2735478775876166
tennesse,3.2735478775876166
task,3.2735478775876166
creep,3.2735478775876166
advic,3.2735478775876166
veil,3.2735478775876166
shuffl,3.2735478775876166
core,3.2735478775876166
pile,3.2735478775876166
justic,3.2735478775876166
greasi,3.2735478775876166
pickin,3.2735478775876166
landscap,3.2735478775876166
cheap,3.2735478775876166
scatter,3.2735478775876166
self,3.2735478775876166
fog,3.2735478775876166
dull,3.2735478775876166
pistol,3.2735478775876166
unload,3.2735478775876166
gutter,3.2735478775876166
determin,3.2735478775876166
