WORD,VALUE,
leve,39.143432256142226
horizon,33.87064030238925
yearn,23.764823961396786
someday,21.138347696655114
john,16.709412712947692
happi,14.915402456414682
summer,14.54352165442472
roll,14.284791871316155
turn,9.376020443259826
wound,8.909062606800294
put,8.909062606800294
titan,8.909062606800294
wood,8.431517579424778
rise,7.521831201635656
moonlight,7.142395935658078
hog,6.6837650851790755
sittin,6.6837650851790755
stuff,6.6837650851790755
shelf,6.150382895946207
thunder,6.150382895946207
fore,6.150382895946207
desir,6.038346040319826
mississippi,6.038346040319826
fallin,6.038346040319826
ringin,6.038346040319826
mean,6.038346040319826
rollin,5.170069901444886
husband,5.170069901444886
deal,5.170069901444886
vine,4.215758789712389
knife,4.215758789712389
polic,4.215758789712389
uncl,4.215758789712389
starlight,4.215758789712389
burnin,3.3418825425895378
surpris,3.3418825425895378
breast,3.3418825425895378
companion,3.3418825425895378
paintin,3.3418825425895378
fat,3.3418825425895378
lawyer,3.3418825425895378
rail,3.3418825425895378
romeo,3.3418825425895378
tennesse,3.3418825425895378
task,3.3418825425895378
bear,3.3418825425895378
advic,3.3418825425895378
veil,3.3418825425895378
core,3.3418825425895378
justic,3.3418825425895378
harmoni,3.3418825425895378
chief,3.3418825425895378
old,3.3418825425895378
landscap,3.3418825425895378
self,3.3418825425895378
fog,3.3418825425895378
pistol,3.3418825425895378
gutter,3.3418825425895378
