WORD,VALUE,
levee,39.008054596524595
horizon,33.76106788845783
yearning,23.675983617470933
Kings,21.066005135277116
Someday,21.066005135277116
John,16.626923800208427
happiness,12.02508158926723
Things,12.02508158926723
turn,10.790527871638087
Heart,10.08034624708782
wound,8.873949897975727
Put,8.873949897975727
Winter,8.873949897975727
Titanic,8.873949897975727
wood,8.384141375510076
rise,7.481645317130451
moonlight,7.097136875472237
hog,6.650769520083369
sittin,6.650769520083369
rollin,6.650769520083369
stuff,6.650769520083369
lord,6.012540794633615
Mississippi,6.012540794633615
fallin,6.012540794633615
ringin,6.012540794633615
knife,5.139191480078038
deal,5.139191480078038
burnin,3.3253847600416844
surprise,3.3253847600416844
breast,3.3253847600416844
companion,3.3253847600416844
desire,3.3253847600416844
paintin,3.3253847600416844
lawyer,3.3253847600416844
rail,3.3253847600416844
Romeo,3.3253847600416844
Tennessee,3.3253847600416844
task,3.3253847600416844
bear,3.3253847600416844
advice,3.3253847600416844
veil,3.3253847600416844
core,3.3253847600416844
justice,3.3253847600416844
harmony,3.3253847600416844
Doctor,3.3253847600416844
Old,3.3253847600416844
landscape,3.3253847600416844
self,3.3253847600416844
fog,3.3253847600416844
police,3.3253847600416844
Lights,3.3253847600416844
pistol,3.3253847600416844
Death,3.3253847600416844
gutter,3.3253847600416844
thanks,3.3253847600416844
