WORD,VALUE,
john,16.367739387938084
someday,14.70085549433431
roll,12.353059016599618
winter,8.763534183482387
titan,8.763534183482387
mississippi,5.931414496159913
meet,4.117686338866538
romeo,3.2735478775876166
tennesse,3.2735478775876166
old,3.2735478775876166
