WORD,VALUE,
kings,21.13769950840633
john,16.70867340654447
titanic,8.908747969863605
mississippi,6.038114791211161
romeo,3.3417346813088944
tennessee,3.3417346813088944
