WORD,VALUE,
kings,21.10761947704409
john,16.674369028392583
titanic,8.894147375655937
mississippi,6.027384056292137
romeo,3.334873805678516
tennessee,3.334873805678516
