WORD,VALUE,
Kings,21.066005135277116
John,16.626923800208427
Someday,14.86985004086692
Heart,10.08034624708782
Winter,8.873949897975727
Titanic,8.873949897975727
Mississippi,6.012540794633615
Romeo,3.3253847600416844
Tennessee,3.3253847600416844
Old,3.3253847600416844
