WORD,VALUE,
break,25.85034950722443
worri,17.51530160362808
sink,14.915402456414682
cross,13.168768290559065
dream,12.160594196438556
lay,12.160594196438556
tumbl,11.882411980698393
rais,7.142395935658078
blaze,6.6837650851790755
drag,5.170069901444886
forgiv,5.170069901444886
drop,5.170069901444886
prais,4.215758789712389
lower,4.215758789712389
plead,3.3418825425895378
melt,3.3418825425895378
unload,3.3418825425895378
suck,3.3418825425895378
determin,3.3418825425895378
