WORD,VALUE,
rain,29.84619252675094
yearn,23.764027911867366
worry,17.51449782377224
walking,14.92309626337547
cross,14.28398036113389
says,11.882013955933683
raise,7.141990180566945
part,6.038114791211161
drag,5.169793093258999
drop,5.169793093258999
wash,4.215546454979123
fit,4.215546454979123
lower,4.215546454979123
plead,3.3417346813088944
study,3.3417346813088944
melt,3.3417346813088944
holler,3.3417346813088944
undo,3.3417346813088944
came,3.3417346813088944
determine,3.3417346813088944
