WORD,VALUE,
break,30.715170445322244
cried,30.06270397316808
worry,21.280680482019786
Move,21.066005135277116
Walking,14.86985004086692
burn,13.207410107336864
Says,11.837991808735467
talking,11.079273517715011
cross,10.790527871638087
lay,10.08034624708782
rolled,8.873949897975727
dreaming,7.481645317130451
carry,6.112314155169861
drag,6.012540794633615
washed,6.012540794633615
lift,5.139191480078038
praise,4.192070687755038
named,4.192070687755038
blazing,4.192070687755038
traveling,4.192070687755038
forgive,4.192070687755038
Put,4.192070687755038
lowered,4.192070687755038
linger,3.3253847600416844
pounding,3.3253847600416844
drowning,3.3253847600416844
melt,3.3253847600416844
dropping,3.3253847600416844
Set,3.3253847600416844
whispering,3.3253847600416844
defeated,3.3253847600416844
sailed,3.3253847600416844
pierced,3.3253847600416844
repeat,3.3253847600416844
barking,3.3253847600416844
unload,3.3253847600416844
