WORD,VALUE,
narrow,26.558311044347647
mystic,8.85277034811588
special,8.355580182456322
human,6.630873222917929
fourth,6.630873222917929
cherry,6.630873222917929
honest,6.089368662754673
loyal,5.996976945412335
single,5.996976945412335
flat,5.120578435607005
newborn,5.120578435607005
blazing,4.177790091228161
double,4.177790091228161
treacherous,3.3154366114589644
meek,3.3154366114589644
joyful,3.3154366114589644
twisted,3.3154366114589644
greasy,3.3154366114589644
motherless,3.3154366114589644
dull,3.3154366114589644
deadly,3.3154366114589644
