WORD,VALUE,
narrow,26.51515563017594
mystic,8.838385210058647
special,8.336188142051803
human,6.617362351533227
fourth,6.617362351533227
cherry,6.617362351533227
honest,6.073791473532594
loyal,5.98640665853754
single,5.98640665853754
flat,5.1079418308948386
newborn,5.1079418308948386
blazing,4.168094071025902
double,4.168094071025902
treacherous,3.3086811757666137
meek,3.3086811757666137
joyful,3.3086811757666137
twisted,3.3086811757666137
greasy,3.3086811757666137
motherless,3.3086811757666137
dull,3.3086811757666137
deadly,3.3086811757666137
