WORD,VALUE,
scarlet,33.70663711411378
narrow,26.56953151547362
merri,14.824229638958975
earli,13.036499519024616
special,10.762385604583635
human,6.634386425210759
flat,6.634386425210759
fourth,6.634386425210759
honest,6.093419733496959
loyal,5.999725324506538
singl,5.999725324506538
mystic,5.12386468315067
newborn,5.12386468315067
treacher,3.3171932126053796
meek,3.3171932126053796
glow,3.3171932126053796
south,3.3171932126053796
near,3.3171932126053796
indian,3.3171932126053796
twist,3.3171932126053796
cheap,3.3171932126053796
motherless,3.3171932126053796
dull,3.3171932126053796
bent,3.3171932126053796
dearer,3.3171932126053796
