WORD,VALUE,
christmas,88.68977025233897
santa,73.80420195697022
dixie,29.489038145963853
king,23.38299459342515
claus,21.02236278286302
merry,20.643660760858054
coulee,11.811196558237063
christ,10.24115687121401
grand,9.25440548339704
tennessee,8.85277034811588
titanic,8.85277034811588
kansa,6.630873222917929
sam,6.630873222917929
better,5.996976945412335
washington,5.996976945412335
mississippi,5.996976945412335
moore,5.120578435607005
boy,4.177790091228161
romeo,3.3154366114589644
lane,3.3154366114589644
nancy,3.3154366114589644
eve,3.3154366114589644
cupid,3.3154366114589644
let,3.3154366114589644
