WORD,VALUE,
christma,88.72487735316301
santa,73.8295342741144
dixi,29.501250395037623
claus,21.030070051696168
shake,14.824229638958975
roll,12.540934546719601
coule,11.815928493226844
christ,10.24772936630134
grand,9.258910463637655
born,9.258910463637655
tennesse,8.856510505157875
winter,8.856510505157875
titan,8.856510505157875
better,7.4616945975123095
kansa,6.634386425210759
sam,6.634386425210759
east,6.093419733496959
high,6.093419733496959
washington,5.999725324506538
mississippi,5.999725324506538
moor,5.12386468315067
cadillac,4.1803115155732
pray,3.3171932126053796
romeo,3.3171932126053796
lane,3.3171932126053796
nanci,3.3171932126053796
eve,3.3171932126053796
cupid,3.3171932126053796
