WORD,VALUE,
adore,23.66101177370389
yearn,23.622393116474125
listen,22.411828620146874
lovin,14.914833144041708
raise,12.178737325509346
tumble,11.811196558237063
fade,11.627095641087715
sink,10.756350977945768
'd,9.25440548339704
foolin,8.85277034811588
dancin,5.996976945412335
trap,5.996976945412335
split,4.177790091228161
holler,4.177790091228161
part,4.177790091228161
fallin,4.177790091228161
ringin,4.177790091228161
lower,4.177790091228161
burnin,3.3154366114589644
spread,3.3154366114589644
paintin,3.3154366114589644
melt,3.3154366114589644
blink,3.3154366114589644
glide,3.3154366114589644
behold,3.3154366114589644
undo,3.3154366114589644
enter,3.3154366114589644
unload,3.3154366114589644
determine,3.3154366114589644
