WORD,VALUE,
henri,13.659809805503247
may,9.030402274642345
lord,8.40480410710618
babi,5.911134136118188
man,5.308849110457502
honey,4.9530078886520394
mr.,4.716110678640965
franki,4.716110678640965
new,3.5655344196637615
memphi,3.011886570900063
time,2.4765039443260197
lee,2.0587661096646173
jim,1.963468386552094
king,1.4802179131805948
lookin,1.4784062311953616
daddi,1.4784062311953616
jane,1.257119408092119
william,1.0293830548323086
big,1.0293830548323086
stay,0.7401089565902974
mari,0.6329212607022665
might,0.6329212607022665
highway,0.6285597040460595
rock,0.6285597040460595
nothin,0.6285597040460595
never,0.6147779339574555
sweet,0.591105349263044
street,0.591105349263044
mister,0.3287249365607021
heaven,0.2607138105384663
tomorrow,0.19553535790384968
brown,0.19045064779265242
joe,0.19045064779265242
littl,0.19045064779265242
heavi,0.13035690526923316
devil,0.12226599536898886
heart,0.10754583016281916
tom,0.06517845263461658
south,0.06517845263461658
sunday,0.06517845263461658
peter,0.06517845263461658
sayin,0.06517845263461658
lost,0.06517845263461658
sooner,0.06517845263461658
frisco,0.06517845263461658
love,0.06490392564881375
citi,0.018114598775779978
blue,0.018114598775779978
west,0.016227678548248137
black,0.009057299387889989
shake,0.009057299387889989
georgia,0.009057299387889989
san,0.009057299387889989
kansa,0.009057299387889989
cadillac,0.009057299387889989
