WORD,VALUE,
Henry,14.243037943254183
Lord,8.970690052815941
May,8.737366547493512
Baby,6.17213272738479
Man,5.54943738331819
Honey,5.230081250314261
Frankie,4.936288633095736
New,3.744891737306706
Memphis,3.170833570137088
Lee,2.2133775608913444
Street,2.0815947489772886
Jim,2.0815947489772886
Lookin,1.5761222752146438
Jane,1.370910222507026
Big,1.1066887804456722
Daddy,1.1066887804456722
Never,0.7038228819561452
Highway,0.685455111253513
Stay,0.685455111253513
Rock,0.685455111253513
William,0.685455111253513
Nothin,0.685455111253513
Sweet,0.6640755268661136
Might,0.5500125654330525
Mister,0.3812847957578589
Time,0.3812847957578589
Blue,0.3320377634330568
Heaven,0.32501289212095097
Tomorrow,0.24375966909071245
Heavy,0.16250644606047548
Brown,0.16136923336614906
Joe,0.16136923336614906
Little,0.16136923336614906
Love,0.09271791842976007
Tom,0.08125322303023774
South,0.08125322303023774
Sunday,0.08125322303023774
Peter,0.08125322303023774
Sayin,0.08125322303023774
Lost,0.08125322303023774
Sooner,0.08125322303023774
Rolling,0.08125322303023774
Frisco,0.08125322303023774
West,0.02796690093357601
City,0.009443502755192262
Black,0.004721751377596131
Boy,0.004721751377596131
Shake,0.004721751377596131
Georgia,0.004721751377596131
San,0.004721751377596131
Kansas,0.004721751377596131
Cadillac,0.004721751377596131
