WORD,VALUE,
henri,14.129794168166057
may,9.322988186903634
lord,8.86034679682802
babi,6.121443289908218
man,5.502702912553286
honey,5.176161975901079
franki,4.893509129042494
new,3.7100221666767856
memphi,3.1399189662188354
lee,2.183188086748146
jim,2.0585900784823608
lookin,1.557072571431377
daddi,1.557072571431377
king,1.352602457133127
jane,1.3486306817871445
william,1.091594043374073
big,1.091594043374073
time,0.9788621551834664
never,0.686223437722981
stay,0.6763012285665635
highway,0.6743153408935723
rock,0.6743153408935723
nothin,0.6743153408935723
sweet,0.649705919569562
street,0.649705919569562
mari,0.5655031144432887
might,0.5655031144432887
mister,0.37087015517297184
heaven,0.312093544374497
tomorrow,0.23407015828087285
brown,0.16677445962791215
joe,0.16677445962791215
littl,0.16677445962791215
heart,0.15732882451687868
devil,0.15719037751076903
heavi,0.1560467721872485
love,0.08698337433158687
tom,0.07802338609362425
south,0.07802338609362425
sunday,0.07802338609362425
peter,0.07802338609362425
sayin,0.07802338609362425
lost,0.07802338609362425
sooner,0.07802338609362425
frisco,0.07802338609362425
west,0.02546219377201331
citi,0.010893762305291876
blue,0.010893762305291876
black,0.005446881152645938
shake,0.005446881152645938
georgia,0.005446881152645938
san,0.005446881152645938
kansa,0.005446881152645938
cadillac,0.005446881152645938
