WORD,VALUE,
drunken,133.0159341787266
mighty,79.48898659631777
forty-one,54.71576230156364
pale,33.5175474055234
fine,33.5175474055234
