WORD,VALUE,
alberta,254.8860527978296
fool,245.1898002768211
locust,202.07505574718104
flora,142.98614834892894
marine,107.87765023567232
peggy,107.2396112616967
quinn,104.6898145509925
minstrel,81.68985374961727
lonesome,69.03562729049204
garrett,61.66699867962
paradise,58.70040477725532
whore,48.6554514797173
moonlight,46.023751526994694
finale,33.5175474055234
pigeon,33.5175474055234
toil,23.011875763497347
damsel,23.011875763497347
deed,23.011875763497347
brighton,23.011875763497347
pima,23.011875763497347
