WORD,VALUE,
sadie,100.3994529415476
corazon,89.97978561471676
toil,29.99326187157225
