WORD,VALUE,
alberta,254.8860527978296
ira,201.10528443314044
flora,153.92261178334303
heaven,145.9663544391519
peggy,107.2396112616967
quinn,104.6898145509925
mi,81.68985374961727
garrett,61.66699867962
brighton,23.011875763497347
pima,23.011875763497347
