WORD,VALUE,
flora,177.86632833474542
sadie,100.3994529415476
corazon,92.43925175678544
