WORD,VALUE,
alberta,255.2000253328113
ira,201.38766451847158
flora,154.1109991317076
heaven,146.15470351376106
peggy,107.38085871499531
quinn,104.83104286741343
mi,81.79970012204221
garrett,61.745482244926585
brighton,23.04325770749337
pima,23.04325770749337
