WORD,VALUE,
pave,61.66699867962
wan,58.70040477725532
saw,33.5175474055234
roar,23.011875763497347
ache,23.011875763497347
pierce,23.011875763497347
betray,23.011875763497347
