WORD,VALUE,
sad-eyed,36.064489419906714
insane,16.25677863470775
funny,10.623065445691816
lost,9.837240804876739
borderline,7.00782132753316
complete,4.9186204024383695
frozen,4.646439230001084
weird,4.646439230001084
naked,3.5410218152306054
fake,2.95994857592007
a-walkin,2.95994857592007
fast,2.95994857592007
cute,2.4593102012191848
a-goin,2.4593102012191848
countless,2.4593102012191848
a-cryin,2.4593102012191848
western,2.4593102012191848
prime,2.4593102012191848
awful,2.4593102012191848
moral,2.4593102012191848
useless,2.4593102012191848
