WORD,VALUE,
sad-ey,36.54823575809587
younger,11.832357456194739
insan,9.684524464724632
alon,9.626282750231859
older,9.470051567324074
funni,8.543866555291322
alright,6.866681515805434
complet,5.029933545672245
frozen,4.735025783662037
weird,4.735025783662037
nake,3.642131565993383
spanish,3.038331737109928
north,3.038331737109928
fast,3.038331737109928
cute,2.5149667728361225
deepest,2.5149667728361225
countless,2.5149667728361225
western,2.5149667728361225
wateri,2.5149667728361225
prime,2.5149667728361225
torn,2.5149667728361225
aw,2.5149667728361225
moral,2.5149667728361225
useless,2.5149667728361225
