WORD,VALUE,
maggie,30.46377363011035
queen,25.194858201311604
highway,17.19976854159442
memphis,16.459351414521144
lee,14.383937245135952
new,14.249569883576903
eden,13.939317690003254
frankie,11.83979430368028
york,11.677678382213044
oxford,11.622254366828813
war,9.292878460002168
mister,7.8262566421581194
jones,7.8262566421581194
orleans,7.377930603657554
whose,7.04774135774601
captain,7.00782132753316
world,7.00782132753316
day,6.491162143253226
pa,5.383448646472984
william,5.383448646472984
sooner,2.95994857592007
dakota,2.4593102012191848
united,2.4593102012191848
night,2.4593102012191848
