WORD,VALUE,
maggi,30.53990078060103
highway,25.24651765790506
queen,24.06231654343136
eden,19.88580397402415
man,16.891981274834592
memphi,16.49983185413469
lee,14.429550463701071
new,13.03488089374539
franki,11.88570657246056
york,11.711813533583094
mister,7.854046505284673
jone,7.854046505284673
orlean,7.40239829755478
war,7.025644682971727
day,6.517440446872695
sweet,5.94285328623028
daddi,5.94285328623028
william,5.403082611633794
sooner,4.659428856703238
world,4.659428856703238
captain,3.5558220516550034
blue,3.5558220516550034
right,2.97142664311514
dakota,2.4674660991849264
state,2.4674660991849264
whether,2.4674660991849264
night,2.4674660991849264
thought,2.4674660991849264
