WORD,VALUE,
ask,54.040005398668086
fix,30.607450211359147
lookin,22.592008650053703
allow,18.943672464965747
blowin,18.585756920004336
flash,14.01564265506632
callin,14.01564265506632
fear,12.003667458804289
gaze,11.622254366828813
hand,9.484624767829805
scream,9.484624767829805
lean,9.292878460002168
point,7.377930603657554
hopin,7.04774135774601
feelin,6.491162143253226
criticize,5.91989715184014
spy,5.391917809622017
shout,5.391917809622017
dyin,5.383448646472984
bow,5.383448646472984
bid,5.383448646472984
bust,4.9186204024383695
pity,4.9186204024383695
blame,4.766872104599868
listenin,4.646439230001084
stab,4.646439230001084
peek,4.646439230001084
fold,4.646439230001084
aim,4.646439230001084
preachin,4.646439230001084
decide,3.5410218152306054
crash,3.5410218152306054
crack,3.5410218152306054
ache,3.5410218152306054
light,3.5410218152306054
complain,3.5410218152306054
stare,3.5410218152306054
kneel,2.95994857592007
crow,2.95994857592007
depend,2.95994857592007
havin,2.95994857592007
discover,2.95994857592007
promise,2.95994857592007
wind,2.95994857592007
lend,2.95994857592007
charge,2.95994857592007
spin,2.95994857592007
hum,2.4593102012191848
block,2.4593102012191848
define,2.4593102012191848
nail,2.4593102012191848
dive,2.4593102012191848
order,2.4593102012191848
invite,2.4593102012191848
leap,2.4593102012191848
employ,2.4593102012191848
flashin,2.4593102012191848
argue,2.4593102012191848
load,2.4593102012191848
ease,2.4593102012191848
memorize,2.4593102012191848
slay,2.4593102012191848
bar,2.4593102012191848
wink,2.4593102012191848
