WORD,VALUE,
ask,45.48937289353452
fix,28.27967966359211
allow,22.829298904981805
doe,20.061526822625524
lookin,17.604767409852855
speak,15.191870843979421
chime,14.258675726476262
fear,12.191043958597295
scream,11.910508061151889
plow,11.910508061151889
gaze,11.832357456194739
hand,8.54770909422841
lean,7.1919844830239015
comin,7.1919844830239015
kept,6.670655055205859
flash,6.076663474219856
critic,6.076663474219856
spi,5.561207329103562
stare,5.561207329103562
taken,5.5174883792797775
land,5.5174883792797775
shatter,5.029933545672245
crack,5.029933545672245
bid,5.029933545672245
stole,4.9134350345084865
neath,4.9134350345084865
blame,4.9134350345084865
bust,4.735025783662037
leap,4.735025783662037
peek,4.735025783662037
lit,4.735025783662037
shout,4.271933277645661
heed,4.271933277645661
act,4.271933277645661
decid,3.642131565993383
crash,3.642131565993383
ach,3.642131565993383
complain,3.642131565993383
point,3.642131565993383
warn,3.642131565993383
walkin,3.642131565993383
spin,3.038331737109928
wore,3.038331737109928
depend,3.038331737109928
hid,3.038331737109928
discov,3.038331737109928
preach,3.038331737109928
promis,3.038331737109928
understood,3.038331737109928
charg,3.038331737109928
block,2.5149667728361225
defin,2.5149667728361225
nail,2.5149667728361225
kneel,2.5149667728361225
dove,2.5149667728361225
ban,2.5149667728361225
order,2.5149667728361225
invit,2.5149667728361225
employ,2.5149667728361225
duck,2.5149667728361225
echo,2.5149667728361225
argu,2.5149667728361225
check,2.5149667728361225
load,2.5149667728361225
scorn,2.5149667728361225
wind,2.5149667728361225
eas,2.5149667728361225
baffl,2.5149667728361225
fallen,2.5149667728361225
milk,2.5149667728361225
memor,2.5149667728361225
sparkl,2.5149667728361225
rattl,2.5149667728361225
mix,2.5149667728361225
bar,2.5149667728361225
dreamt,2.5149667728361225
mutter,2.5149667728361225
conquer,2.5149667728361225
