WORD,VALUE,
ask,55.59862777208606
fix,27.951216456864866
doe,23.233095126716883
allow,22.557028204869773
lookin,17.27226269429448
speak,14.827228366282311
chime,14.051289365943454
fear,12.03115827171568
scream,11.711813533583094
plow,11.711813533583094
lean,11.653067348969529
gaze,11.653067348969529
hand,8.366398232587636
guid,7.068886882413905
comin,7.068886882413905
kept,6.517440446872695
flash,5.94285328623028
critic,5.94285328623028
spi,5.416684553734406
stare,5.416684553734406
taken,5.403082611633794
land,5.403082611633794
spin,4.934932198369853
shatter,4.934932198369853
crack,4.934932198369853
bid,4.934932198369853
pound,4.788316679482922
neath,4.788316679482922
blame,4.788316679482922
bust,4.659428856703238
leap,4.659428856703238
peek,4.659428856703238
lit,4.659428856703238
heed,4.16621934296369
act,4.16621934296369
decid,3.5558220516550034
crash,3.5558220516550034
ach,3.5558220516550034
complain,3.5558220516550034
point,3.5558220516550034
warn,3.5558220516550034
wore,2.97142664311514
depend,2.97142664311514
hid,2.97142664311514
discov,2.97142664311514
preach,2.97142664311514
promis,2.97142664311514
understood,2.97142664311514
charg,2.97142664311514
block,2.4674660991849264
defin,2.4674660991849264
nail,2.4674660991849264
kneel,2.4674660991849264
dove,2.4674660991849264
ban,2.4674660991849264
order,2.4674660991849264
invit,2.4674660991849264
employ,2.4674660991849264
duck,2.4674660991849264
echo,2.4674660991849264
argu,2.4674660991849264
check,2.4674660991849264
load,2.4674660991849264
scorn,2.4674660991849264
wind,2.4674660991849264
eas,2.4674660991849264
baffl,2.4674660991849264
fallen,2.4674660991849264
milk,2.4674660991849264
memor,2.4674660991849264
sparkl,2.4674660991849264
rattl,2.4674660991849264
mix,2.4674660991849264
bar,2.4674660991849264
dreamt,2.4674660991849264
mutter,2.4674660991849264
conquer,2.4674660991849264
