NGRAM,VALUE,
dear landlord please,13.51110289212245
walk together hand,12.926140391401292
pity poor immigrant,12.359099798677398
cove walk hand,11.926140391401292
cove together hand,11.341177890680136
along cove spy,10.774137297956244
juda priest frankie,9.037171703790037
