NGRAM,VALUE,
piti poor immigr,12.455586227947087
walk togeth hand,12.437664319949825
cove togeth hand,11.437664319949825
cove walk hand,11.437664319949825
along cove spi,11.06326880516833
priest franki lee,9.14815770275484
