NGRAM,VALUE,
piti poor immigr,12.480083319390133
walk togeth hand,12.46216141139287
cove togeth hand,11.46216141139287
cove walk hand,11.46216141139287
along cove spi,11.087765896611375
priest franki lee,9.172654794197886
