WORD,VALUE,
jingle-jangle,76.78837017340048
a-changin,76.78837017340048
bored,29.05928013936982
frozen,29.05928013936982
faithful,29.05928013936982
