WORD,VALUE,
neath,56.19655562783787
evers,29.05928013936982
