WORD,VALUE,
tambourine,150.34544045284898
desolation,143.22234092000514
evers,29.05928013936982
