WORD,VALUE,
tambourine,150.36553728830364
desolation,143.2424361317137
evers,29.063299289961275
