WORD,VALUE,
god,225.39861560381917
queen,156.9805210262359
jane,156.9805210262359
man,149.63832384583964
eden,140.8126600022998
row,120.93863349159008
mister,108.54960549444505
jone,108.54960549444505
rita,92.46810392071994
arab,76.43480217257162
highway,76.43480217257162
honey,76.43480217257162
william,76.43480217257162
though,73.46632062878913
abe,60.46931674579504
captain,57.835729151654604
toll,44.60646412643608
howard,44.60646412643608
lookin,44.60646412643608
clay,42.37558680330943
holli,28.917864575827302
lord,28.917864575827302
way,28.917864575827302
black,28.917864575827302
jesus,28.917864575827302
guard,28.917864575827302
casanova,28.917864575827302
sam,28.917864575827302
russian,28.917864575827302
napoleon,28.917864575827302
nation,28.917864575827302
john,28.917864575827302
everyth,28.917864575827302
better,28.917864575827302
indian,28.917864575827302
german,28.917864575827302
