WORD,VALUE,
god,225.87255390546574
queen,157.27678069190404
jane,157.27678069190404
man,149.93456709375832
eden,141.0792928805136
row,121.1756313734749
mister,108.7569847977503
jone,108.7569847977503
rita,92.64585643657092
arab,76.58292790096833
highway,76.58292790096833
honey,76.58292790096833
william,76.58292790096833
though,73.61443814831111
abe,60.58781568673745
captain,57.9542198837223
toll,44.69533627992421
howard,44.69533627992421
lookin,44.69533627992421
clay,42.46445074792284
holli,28.97710994186115
lord,28.97710994186115
way,28.97710994186115
black,28.97710994186115
jesus,28.97710994186115
guard,28.97710994186115
casanova,28.97710994186115
sam,28.97710994186115
russian,28.97710994186115
napoleon,28.97710994186115
nation,28.97710994186115
john,28.97710994186115
everyth,28.97710994186115
better,28.97710994186115
indian,28.97710994186115
german,28.97710994186115
