WORD,VALUE,
broken,588.0171435549588
sad-eyed,195.34760176279337
leopard-skin,84.93073602710714
a-rollin,59.56488410209227
pill-box,59.56488410209227
jingle-jangle,59.56488410209227
a-changin,59.56488410209227
a-gonna,56.59886297997669
frozen,46.973874373744934
faithful,46.973874373744934
fiery,34.48549745281524
god-fearing,22.171373600635718
bored,22.171373600635718
blowed,22.171373600635718
content,22.171373600635718
low-down,22.171373600635718
