WORD,VALUE,
senor,178.69465230627682
dum,125.5455392971587
tambourine,115.90094812654786
kings,110.4448391381034
desolation,108.78528804264994
papa,68.97099490563048
rooster,64.51416110271103
christmas,42.42322236668495
starin,22.171373600635718
neath,22.171373600635718
evers,22.171373600635718
