WORD,VALUE,
saw,574.0032223805455
fell,256.2635244681265
baptize,22.171373600635718
waylay,22.171373600635718
