WORD,VALUE,
broken,587.7931534646583
sad-eyed,195.2713568714969
leopard-skin,84.89737978812656
a-rollin,59.541060276446956
pill-box,59.541060276446956
jingle-jangle,59.541060276446956
a-changin,59.541060276446956
a-gonna,56.5750463620243
frozen,46.95481675476727
faithful,46.95481675476727
fiery,34.471206040505216
god-fearing,22.161848394993342
bored,22.161848394993342
blowed,22.161848394993342
content,22.161848394993342
low-down,22.161848394993342
