WORD,VALUE,
wiggle,562.0155255038383
others,216.58536035849505
senor,172.35603020252609
suckling,137.88482416202086
neath,128.33933368209955
bos,123.1905696046267
dum,113.84420539044228
teardrop,56.5750463620243
toil,46.95481675476727
workingman,44.323696789986684
christmas,42.40417916309312
outskirt,34.471206040505216
travelin,32.2427963467384
moan,22.161848394993342
harlot,22.161848394993342
starin,22.161848394993342
overdrive,22.161848394993342
evers,22.161848394993342
