WORD,VALUE,
henry,277.1209980708269
joey,213.36337883681392
sara,195.32444427471646
alberta,176.89844425329028
maggie,154.02085455334415
heaven,135.69194469760936
senor,130.42029654307552
frankie,125.8568971052701
row,90.15090051562203
scarlet,90.15090051562203
satan,81.14043289897089
eden,74.06750347915518
peggy,72.17630172003467
rosemary,69.84544772276342
quinn,69.64132134427365
shore,69.00237664294805
oxford,63.811339223545176
mobile,63.811339223545176
po,58.870234610662195
pa,55.50029916678211
rooster,51.35600617150988
ring,51.35600617150988
whose,45.674903930993864
sooner,37.03375173957759
abe,28.544654674103505
acapulco,24.05876724001156
kin,24.05876724001156
dark,24.05876724001156
valerie,21.844593893245907
dixie,15.224967976997954
uptown,15.224967976997954
brighton,15.224967976997954
main,15.224967976997954
train,15.224967976997954
