WORD,VALUE,
senor,178.6231808293409
dum,125.49313985458625
tambourine,115.85330768295012
desolation,108.73766922213096
papa,68.94241208101043
rooster,64.4855926934768
christmas,42.40417916309312
starin,22.161848394993342
neath,22.161848394993342
evers,22.161848394993342
