WORD,VALUE,
saw,573.7745093297347
fell,256.1492580388825
makin,119.08212055289391
singin,103.41361812151565
toll,76.51418080052477
baptize,22.161848394993342
waylay,22.161848394993342
