WORD,VALUE,
fine,78.27570927511952
mystical,21.271227459787138
