WORD,VALUE,
senor,217.90774497447717
suckling,174.32619597958174
bos,28.234622490210604
