WORD,VALUE,
henry,347.32981093617246
joey,292.045633970177
sara,267.9469596157731
senor,175.84138436633944
katie,151.28977867942132
behold,123.62897185068415
bash,114.62674776441128
diamond,99.17975281882484
rosemary,94.070926582472
rubin,85.08490983914855
ry,81.77831642119517
lonesome,75.59691667391861
mem,66.26979323790796
cane,52.142660291791906
darkness,50.36614558042696
bradley,45.172818846870996
tomb,33.13489661895398
acapulco,33.13489661895398
heed,33.13489661895398
goddess,33.13489661895398
paradise,30.907242962671038
jewel,30.907242962671038
rooster,30.907242962671038
valerie,30.907242962671038
doom,21.271227459787138
deed,21.271227459787138
ecstasy,21.271227459787138
turquoise,21.271227459787138
bliss,21.271227459787138
