WORD,VALUE,
senor,224.17962284754927
papa,71.75816341163178
bello,56.46924498042121
neath,28.234622490210604
