WORD,VALUE,
henry,347.32981093617246
joey,292.045633970177
sara,267.9469596157731
senor,175.84138436633944
katie,151.28977867942132
rosemary,94.070926582472
rubin,85.08490983914855
diamond,75.59691667391861
bradley,45.172818846870996
acapulco,33.13489661895398
rooster,33.13489661895398
kin,33.13489661895398
dark,33.13489661895398
valerie,30.907242962671038
