WORD,VALUE,
saw,163.55663284239034
wan,66.26979323790796
drift,50.36614558042696
weep,21.271227459787138
tremble,21.271227459787138
crow,21.271227459787138
barb,21.271227459787138
