WORD,VALUE,
fine,62.10828427667961
weary,39.769163058292946
ragged,28.828059651363215
restless,28.828059651363215
countless,19.884581529146473
sly,19.884581529146473
egyptian,19.884581529146473
faithful,19.884581529146473
