WORD,VALUE,
sad-eyed,217.7213058547457
leopard-skin,101.32209002474514
pill-box,71.272398923143
jingle-jangle,71.272398923143
a-changin,71.272398923143
a-gonna,68.30429468061004
broken,51.78465135860728
frozen,41.50917309727872
bored,26.85312965680557
faithful,26.85312965680557
