WORD,VALUE,
neath,80.55938897041672
evers,26.85312965680557
