WORD,VALUE,
god,207.66578618444402
lord,206.28760448082798
man,182.9353571554309
queen,176.06536250882698
juda,160.972613076191
lee,150.46213676920226
jane,145.89507298947956
eden,130.8357981249578
honey,130.8357981249578
mobil,130.8357981249578
row,126.90736445291645
york,112.07077133104904
new,102.96127985980817
mister,100.78991593593162
jone,100.78991593593162
oxford,100.78991593593162
day,90.52148712184655
rita,85.81700052162081
sweet,82.56223841115975
mari,82.56223841115975
though,82.56223841115975
priest,82.56223841115975
arab,70.89228493288681
highway,70.89228493288681
hopin,70.89228493288681
william,70.89228493288681
stay,63.93662630273709
arabian,63.93662630273709
abe,56.03538566552452
john,56.03538566552452
louis,56.03538566552452
captain,53.40221162877079
love,53.40221162877079
tom,41.28111920557988
pain,41.28111920557988
jesus,41.28111920557988
toll,41.28111920557988
howard,41.28111920557988
lookin,41.28111920557988
sooner,41.28111920557988
everyth,41.28111920557988
better,41.28111920557988
street,41.28111920557988
dear,39.05065543983992
clay,39.05065543983992
sayin,39.05065543983992
hang,39.05065543983992
holli,26.701105814385397
way,26.701105814385397
black,26.701105814385397
guard,26.701105814385397
unit,26.701105814385397
jack,26.701105814385397
tonight,26.701105814385397
casanova,26.701105814385397
golden,26.701105814385397
madonna,26.701105814385397
sam,26.701105814385397
watch,26.701105814385397
russian,26.701105814385397
napoleon,26.701105814385397
nation,26.701105814385397
mona,26.701105814385397
indian,26.701105814385397
german,26.701105814385397
