WORD,VALUE,
maggie,193.71688829818856
frankie,135.1443104035766
row,115.80854790296623
peggy,93.16242641501943
eden,86.48417895408964
mobile,84.7498273576862
whose,48.676831049843415
abe,37.85197263818961
uptown,19.884581529146473
