WORD,VALUE,
maggie,193.86789391547154
frankie,135.25089561658146
row,115.90620152058992
peggy,93.24231187093184
eden,86.56399313821382
mobile,84.8296177845476
whose,48.72118018233333
abe,37.887437689823884
uptown,19.902325933594984
