WORD,VALUE,
well,1055.9899044170006
lord,179.9084351061227
god,177.5331691238224
man,158.4435674064814
queen,153.45486336689177
juda,140.24644905064085
lee,129.74053950770826
jane,127.05324408031446
eden,113.8783043321777
honey,113.8783043321777
mobil,113.8783043321777
row,109.95139291482177
york,96.99913490933942
new,87.89573245684008
mister,87.60109237592165
jone,87.60109237592165
oxford,87.60109237592165
day,77.33875258057812
rita,74.5125120779959
sweet,71.2592722222202
mari,71.2592722222202
though,71.2592722222202
priest,71.2592722222202
arab,61.47213160564696
highway,61.47213160564696
hopin,61.47213160564696
william,61.47213160564696
stay,54.52103973955336
arabian,54.52103973955336
go,48.49956745466971
abe,48.49956745466971
john,48.49956745466971
louis,48.49956745466971
captain,45.86791567260136
love,45.86791567260136
tom,35.6296361111101
pain,35.6296361111101
jesus,35.6296361111101
toll,35.6296361111101
howard,35.6296361111101
lookin,35.6296361111101
sooner,35.6296361111101
everyth,35.6296361111101
better,35.6296361111101
street,35.6296361111101
dear,33.40069460005554
clay,33.40069460005554
sayin,33.40069460005554
hang,33.40069460005554
said,22.93395783630068
holli,22.93395783630068
way,22.93395783630068
black,22.93395783630068
guard,22.93395783630068
unit,22.93395783630068
jack,22.93395783630068
tonight,22.93395783630068
casanova,22.93395783630068
golden,22.93395783630068
madonna,22.93395783630068
sam,22.93395783630068
watch,22.93395783630068
russian,22.93395783630068
napoleon,22.93395783630068
nation,22.93395783630068
mona,22.93395783630068
indian,22.93395783630068
german,22.93395783630068
