WORD,VALUE,
tambourine,139.3138946482319
desolation,132.1919852030818
evers,26.85312965680557
