WORD,VALUE,
saw,142.26950986837844
gaze,76.92112774068697
wan,73.42009176391768
spy,68.54491037345583
ache,53.84440230164445
pledge,53.84440230164445
crow,31.054142138339806
peek,31.054142138339806
weep,31.054142138339806
tremble,31.054142138339806
howl,28.828059651363215
kneel,19.884581529146473
jerk,19.884581529146473
