WORD,VALUE,
saw,169.60459179918237
toll,92.93262005281241
