WORD,VALUE,
saw,142.38495540497613
gaze,76.98329254941363
spy,68.60700391039427
ache,53.88879894865986
pledge,53.88879894865986
crow,31.080770623643954
peek,31.080770623643954
weep,31.080770623643954
tremble,31.080770623643954
howl,28.854664379404603
kneel,19.902325933594984
jerk,19.902325933594984
