WORD,VALUE,
handi,263.43983673592174
mani,191.7915247699081
littl,191.7915247699081
cold,156.05113816979076
closer,138.21242454962703
sick,116.8955347012024
true,102.62698309312765
full,102.62698309312765
wrong,84.9004816799516
dark,84.9004816799516
low,81.93168131841036
white,79.72268312033295
high,77.94262592436553
black,67.24179658814727
big,67.24179658814727
bad,67.24179658814727
old,64.60789017624809
long,62.68558610223594
dead,49.685744303760565
beauti,49.685744303760565
tire,47.45454816287517
frail,32.303945088124046
late,32.303945088124046
less,32.303945088124046
free,32.303945088124046
