WORD,VALUE,
well,714.1084813026521
god,437.25043759194796
love,357.84320797665833
heart,254.34637709971224
cat,218.95385491257977
time,217.34189040298247
day,188.86954022382344
way,186.9220980702309
everyth,186.9220980702309
men,182.4903829439623
noth,180.375191174906
thing,177.0393650489205
girl,154.9422936805356
town,147.60021629354625
tryin,144.89459360198833
eye,140.4773546347579
road,138.97826138083988
place,135.04947404811531
someon,135.04947404811531
world,131.98511355125524
boy,119.308123491074
mind,116.42583244587853
man,116.42583244587853
moon,116.42583244587853
heaven,103.61709340524997
wind,103.61709340524997
gon,103.61709340524997
sun,100.93513703390877
iron,100.93513703390877
kind,100.93513703390877
walk,96.85302086464782
street,91.24519147198114
women,91.24519147198114
dirt,91.24519147198114
sky,87.99007570083683
room,87.99007570083683
peopl,87.99007570083683
shadow,85.53080107215004
water,75.41571844807322
sugar,75.41571844807322
doorway,75.41571844807322
bird,72.44729680099417
feel,70.23867731737894
fire,68.45899883587374
nerv,59.654061745537
cloud,59.654061745537
silver,59.654061745537
window,59.654061745537
drink,59.654061745537
one,59.654061745537
home,59.654061745537
hill,57.020534048100025
gold,57.020534048100025
dream,57.020534048100025
anyth,55.098608688550065
tomorrow,43.99503785041841
mama,43.99503785041841
honey,43.99503785041841
alley,43.99503785041841
shoe,43.99503785041841
money,43.99503785041841
brain,43.99503785041841
lie,43.99503785041841
train,43.99503785041841
someth,41.76422042399522
touch,28.510267024050012
oxford,28.510267024050012
morn,28.510267024050012
none,28.510267024050012
jail,28.510267024050012
tea,28.510267024050012
yesterday,28.510267024050012
beat,28.510267024050012
heat,28.510267024050012
kiss,28.510267024050012
feelin,28.510267024050012
bump,28.510267024050012
barn,28.510267024050012
bull,28.510267024050012
leav,28.510267024050012
wall,28.510267024050012
lookin,28.510267024050012
knee,28.510267024050012
chain,28.510267024050012
got,28.510267024050012
ya,28.510267024050012
clock,28.510267024050012
tree,28.510267024050012
rhyme,28.510267024050012
soul,28.510267024050012
feet,28.510267024050012
pain,28.510267024050012
miss,28.510267024050012
jane,28.510267024050012
milk,28.510267024050012
