WORD,VALUE,
wiggle,777.9434217236666
doorway,67.55188557236123
dearest,64.58420316308143
