WORD,VALUE,
wiggle,778.4384938911581
doorway,67.59771995294801
dearest,64.63003133375449
