WORD,VALUE,
saw,50.73035483288951
weep,25.365177416444755
