WORD,VALUE,
saw,50.76701488546248
weep,25.38350744273124
