WORD,VALUE,
ready,83.61701244419716
pure,46.8185554052782
satisfied,14.641161869269299
grateful,12.19081196463609
solid,8.233517757799156
smooth,6.095405982318045
low-down,6.095405982318045
