WORD,VALUE,
ready,83.19058773364732
pure,46.64859874718906
satisfied,14.580318308260907
grateful,12.131475183808313
solid,8.189768562268629
smooth,6.065737591904156
low-down,6.065737591904156
