WORD,VALUE,
troubl,93.9961331668575
readi,83.5576605371476
wake,71.41447464612477
serv,71.07107186843247
pure,46.7949044444363
unto,46.714090823592905
save,44.822674615903935
given,30.456383646791004
thank,29.88178307726929
press,28.456339421147987
power,26.270466569675
poni,20.54971811961035
resent,19.093162665617115
groom,19.093162665617115
grace,18.273830188074605
grain,14.632694459002327
altar,14.282894929224954
grate,12.182553458716399
foundat,12.182553458716399
aris,10.444014796317502
stripe,10.444014796317502
crippl,10.444014796317502
oppress,10.274859059805175
loyalti,10.274859059805175
themselv,10.274859059805175
infin,10.274859059805175
surrend,8.227428330533026
solid,8.227428330533026
destruct,6.091276729358199
desper,6.091276729358199
tattoo,6.091276729358199
idl,6.091276729358199
ghetto,6.091276729358199
amus,6.091276729358199
despair,6.091276729358199
crimin,6.091276729358199
decay,6.091276729358199
afford,6.091276729358199
worker,6.091276729358199
mock,6.091276729358199
smooth,6.091276729358199
voodoo,6.091276729358199
mercuri,6.091276729358199
sacrific,6.091276729358199
vaniti,6.091276729358199
womb,6.091276729358199
captur,6.091276729358199
low-down,6.091276729358199
accid,6.091276729358199
lyin,6.091276729358199
