WORD,VALUE,
troubl,92.53664991046045
readi,84.20240023797656
stop,82.91751314026394
wake,70.38494646698207
serv,70.11196066577088
pure,46.31802148991289
unto,46.08784157478562
save,45.525561762932
given,30.040306204473094
thank,29.39955482913109
press,28.079736637731465
power,27.182700170963397
poni,20.29580548355878
resent,18.878724688466924
groom,18.878724688466924
grace,18.02418372268386
waitin,14.699777414565546
grain,14.461997311414336
altar,14.076989293396414
grate,12.016122481789239
foundat,12.016122481789239
aris,10.281849990051164
stripe,10.281849990051164
crippl,10.281849990051164
oppress,10.14790274177939
loyalti,10.14790274177939
themselv,10.14790274177939
infin,10.14790274177939
surrend,8.104738183168067
solid,8.104738183168067
destruct,6.0080612408946195
desper,6.0080612408946195
tattoo,6.0080612408946195
idl,6.0080612408946195
ghetto,6.0080612408946195
amus,6.0080612408946195
despair,6.0080612408946195
crimin,6.0080612408946195
decay,6.0080612408946195
afford,6.0080612408946195
worker,6.0080612408946195
mock,6.0080612408946195
smooth,6.0080612408946195
voodoo,6.0080612408946195
mercuri,6.0080612408946195
sacrific,6.0080612408946195
vaniti,6.0080612408946195
womb,6.0080612408946195
captur,6.0080612408946195
low-down,6.0080612408946195
accid,6.0080612408946195
lyin,6.0080612408946195
haze,6.0080612408946195
