WORD,VALUE,
trouble,93.53447015837162
beginning,75.1681895101494
shot,64.70423910364141
power,26.131743584324063
rock,23.011503788162365
pony,20.469430411024973
grace,20.469430411024973
groom,19.025364542105905
bend,18.571532684363717
altar,16.241667141713
grain,14.57872347010038
foundation,14.57872347010038
risin,12.622817669964864
loyalty,10.234715205512487
infinity,10.234715205512487
fools,8.188622025775429
destruction,6.064960009674772
loved,6.064960009674772
ghetto,6.064960009674772
wink,6.064960009674772
confession,6.064960009674772
despair,6.064960009674772
criminal,6.064960009674772
decay,6.064960009674772
worker,6.064960009674772
pace,6.064960009674772
voodoo,6.064960009674772
mercury,6.064960009674772
vanity,6.064960009674772
womb,6.064960009674772
accident,6.064960009674772
