WORD,VALUE,
trouble,93.54810957518475
beginning,75.17583442038999
shot,64.71242355390083
power,26.135841754927768
rock,23.014903723940208
pony,20.471802831414887
grace,20.471802831414887
groom,19.027368008232003
bend,18.574194711613934
grain,14.580318308260907
foundation,14.580318308260907
altar,14.219696023506518
risin,12.624702114985691
stripe,12.131475183808313
loyalty,10.235901415707444
infinity,10.235901415707444
destruction,6.065737591904156
loved,6.065737591904156
ghetto,6.065737591904156
wink,6.065737591904156
confession,6.065737591904156
despair,6.065737591904156
criminal,6.065737591904156
decay,6.065737591904156
worker,6.065737591904156
pace,6.065737591904156
voodoo,6.065737591904156
mercury,6.065737591904156
vanity,6.065737591904156
womb,6.065737591904156
accident,6.065737591904156
