WORD,VALUE,
rock,19.093162665617115
might,17.201450470130737
nothin,12.686603144870796
unto,10.274859059805175
true,6.091276729358199
