WORD,VALUE,
rock,19.027368008232003
risin,19.027368008232003
son,6.065737591904156
