WORD,VALUE,
ya,18.878724688466924
rock,18.878724688466924
might,16.92086168716026
nothin,12.484963679703082
ooh,10.281849990051164
unto,10.14790274177939
money,6.0080612408946195
true,6.0080612408946195
