WORD,VALUE,
wake,79.2876382394178
serv,73.20808955999057
thank,43.898083377006984
press,30.824577179415527
given,30.456383646791004
rose,29.265388918004653
unto,20.54971811961035
crippl,12.182553458716399
aris,10.444014796317502
wink,6.091276729358199
confus,6.091276729358199
amus,6.091276729358199
afford,6.091276729358199
