WORD,VALUE,
serve,70.77672284979431
wake,57.78324899277072
save,44.600609633817555
thank,43.74095492478272
press,30.707704247122336
resent,19.027368008232003
dare,12.624702114985691
cripple,12.131475183808313
arise,10.394234397242752
climb,8.189768562268629
confuse,6.065737591904156
amuse,6.065737591904156
mislead,6.065737591904156
afford,6.065737591904156
capture,6.065737591904156
lyin,6.065737591904156
