WORD,VALUE,
stop,83.17255314268208
serve,71.11866272964433
wake,62.072127527826304
thank,43.9234856078079
press,30.843472174255744
resent,19.103799154537647
dare,12.696612920749489
cripple,12.19081196463609
arise,10.452064397889913
intend,8.233517757799156
climb,8.233517757799156
confuse,6.095405982318045
amuse,6.095405982318045
mislead,6.095405982318045
afford,6.095405982318045
capture,6.095405982318045
