WORD,VALUE,
tiny,28.521234280072942
ev'ry,18.089395837574152
simple,18.089395837574152
brief,5.467925268631404
forbidden,4.208194144829103
ashamed,4.208194144829103
safe,4.208194144829103
vacant,4.208194144829103
