WORD,VALUE,
simpl,17.635889571125976
quick,7.880753385765457
tini,7.192444945475289
close,7.192444945475289
brief,5.2870886868222
fifth,4.0836921433446305
natur,4.0836921433446305
vacant,4.0836921433446305
ev'ri,4.0836921433446305
