WORD,VALUE,
tiny,28.53561258011608
ev'ry,18.100240506410987
simple,18.100240506410987
quick,9.560512606764945
brief,5.472256507922991
forbidden,4.211173943168052
ashamed,4.211173943168052
safe,4.211173943168052
vacant,4.211173943168052
