WORD,VALUE,
henri,80.29280862083382
stop,61.2933931191532
appl,49.512029232524256
hello,49.512029232524256
idiot,39.4818827888219
behold,32.15094458625887
tini,28.476721748665256
tangl,24.847928400847767
poni,21.24710845544748
shelter,20.994852867111028
storm,20.371509308468674
thinkin,19.052348615162835
coffe,18.05582485476001
simpl,18.05582485476001
jim,17.68567896919403
odd,17.682327489040865
ev'ri,17.676622066873072
fun,14.938958997131534
hangin,14.938958997131534
richard,14.741699033424986
hook,12.596911720266615
playin,12.235214260743168
bucket,11.511812016660443
desk,10.716981528752957
trout,10.716981528752957
juic,10.716981528752957
widow,10.716981528752957
arriv,8.39794114684441
cane,8.15248868259688
papa,8.15248868259688
clay,8.15248868259688
wonderin,7.370849516712493
upstair,7.370849516712493
marketplac,7.370849516712493
champion,7.370849516712493
partner,7.370849516712493
lion,7.370849516712493
oper,7.370849516712493
loot,7.370849516712493
neighbor,6.790503102822891
match,6.790503102822891
rope,5.4545194058177255
basement,5.4545194058177255
beer,5.4545194058177255
agre,5.4545194058177255
jewel,5.4545194058177255
risk,5.4545194058177255
drinkin,5.4545194058177255
beach,5.4545194058177255
choos,5.4545194058177255
lace,5.4545194058177255
brief,5.4545194058177255
kin,5.4545194058177255
goddess,5.4545194058177255
hearin,4.198970573422205
dealer,4.198970573422205
forbidden,4.198970573422205
desper,4.198970573422205
messeng,4.198970573422205
courag,4.198970573422205
grin,4.198970573422205
chicken,4.198970573422205
asham,4.198970573422205
valentin,4.198970573422205
regist,4.198970573422205
graviti,4.198970573422205
separ,4.198970573422205
affair,4.198970573422205
actor,4.198970573422205
safe,4.198970573422205
vacant,4.198970573422205
crowin,4.198970573422205
voodoo,4.198970573422205
mercuri,4.198970573422205
neon,4.198970573422205
twin,4.198970573422205
illus,4.198970573422205
temper,4.198970573422205
duti,4.198970573422205
tranc,4.198970573422205
swept,4.198970573422205
fruit,4.198970573422205
