WORD,VALUE,
henry,80.44553969490417
stop,61.46165641557776
apple,49.5951540267462
hello,49.5951540267462
behold,32.20886298048025
tiny,28.521234280072942
pony,21.281538426854944
shelter,21.040970724145513
storm,20.424273771130068
thinkin,19.1042540892309
coffee,18.089395837574152
simple,18.089395837574152
jim,17.730078849041853
ev'ry,17.724345249534352
odds,17.711716180448214
fun,14.978317596979245
hangin,14.978317596979245
hook,14.770228736239007
richard,14.770228736239007
finally,13.616182514086713
playin,12.266208277777313
bucket,11.535300439474351
twist,10.935850537262809
desk,10.73628766016008
trout,10.73628766016008
widow,10.73628766016008
arrive,8.416388289658206
rage,8.416388289658206
cane,8.17425912822413
papa,8.17425912822413
clay,8.17425912822413
grind,7.3851143681195035
wonderin,7.3851143681195035
upstairs,7.3851143681195035
marketplace,7.3851143681195035
champion,7.3851143681195035
partner,7.3851143681195035
lion,7.3851143681195035
operator,7.3851143681195035
sacrifice,7.3851143681195035
loot,7.3851143681195035
grief,6.8080912570433565
neighbor,6.8080912570433565
match,6.8080912570433565
rope,5.467925268631404
basement,5.467925268631404
beer,5.467925268631404
agree,5.467925268631404
jewel,5.467925268631404
risk,5.467925268631404
drinkin,5.467925268631404
beach,5.467925268631404
lace,5.467925268631404
brief,5.467925268631404
kin,5.467925268631404
goddess,5.467925268631404
til,4.208194144829103
hearin,4.208194144829103
dealer,4.208194144829103
forbidden,4.208194144829103
messenger,4.208194144829103
grin,4.208194144829103
chicken,4.208194144829103
ashamed,4.208194144829103
valentine,4.208194144829103
mysteriously,4.208194144829103
register,4.208194144829103
gravity,4.208194144829103
din,4.208194144829103
affair,4.208194144829103
actor,4.208194144829103
safe,4.208194144829103
vacant,4.208194144829103
crowin,4.208194144829103
voodoo,4.208194144829103
mercury,4.208194144829103
hunt,4.208194144829103
neon,4.208194144829103
twin,4.208194144829103
illusion,4.208194144829103
temper,4.208194144829103
duty,4.208194144829103
trance,4.208194144829103
fruit,4.208194144829103
