WORD,VALUE,
henry,80.55913296112509
stop,62.850205834758654
apple,49.65697382925204
hello,49.65697382925204
going,32.577624088447706
behold,32.251938308229626
tiny,28.554337197412544
tangled,24.916753674643648
pony,21.307143554291947
shelter,21.075273987548215
storm,20.463526275547157
coffee,18.114363827789113
simple,18.114363827789113
jim,17.76310783800045
ev'ry,17.759848859000147
odds,17.733572412933924
fun,15.00759769098655
hook,14.791447831502673
richard,14.791447831502673
finally,13.642350850364771
twist,10.955795358082383
desk,10.75064610274321
trout,10.75064610274321
widow,10.75064610274321
arrive,8.430109595019283
rage,8.430109595019283
cane,8.190455054092407
papa,8.190455054092407
clay,8.190455054092407
grind,7.395723915751336
upstairs,7.395723915751336
marketplace,7.395723915751336
champion,7.395723915751336
partner,7.395723915751336
lion,7.395723915751336
operator,7.395723915751336
sacrifice,7.395723915751336
kin,7.395723915751336
loot,7.395723915751336
grief,6.8211754251823855
neighbor,6.8211754251823855
match,6.8211754251823855
tears,6.8211754251823855
rope,5.477897679041192
basement,5.477897679041192
beer,5.477897679041192
agree,5.477897679041192
jewel,5.477897679041192
risk,5.477897679041192
pace,5.477897679041192
beach,5.477897679041192
lace,5.477897679041192
brief,5.477897679041192
goddess,5.477897679041192
til,4.215054797509642
hearin,4.215054797509642
dealer,4.215054797509642
forbidden,4.215054797509642
messenger,4.215054797509642
grin,4.215054797509642
chicken,4.215054797509642
ashamed,4.215054797509642
mysteriously,4.215054797509642
register,4.215054797509642
gravity,4.215054797509642
din,4.215054797509642
drill,4.215054797509642
affair,4.215054797509642
actor,4.215054797509642
safe,4.215054797509642
vacant,4.215054797509642
voodoo,4.215054797509642
mercury,4.215054797509642
staying,4.215054797509642
neon,4.215054797509642
twin,4.215054797509642
illusion,4.215054797509642
temper,4.215054797509642
duty,4.215054797509642
trance,4.215054797509642
fruit,4.215054797509642
