WORD,VALUE,
henri,78.38251062614253
may,55.44435797861839
mrs.,55.43135479296727
jim,20.418460716723146
big,14.384889890950578
richard,14.384889890950578
heavi,14.384889890950578
bay,13.402160637311137
dear,10.5741773736444
diamond,10.530090595630888
lost,7.192444945475289
ol,7.192444945475289
frisco,7.192444945475289
california,7.192444945475289
presid,4.0836921433446305
crazi,4.0836921433446305
true,4.0836921433446305
