WORD,VALUE,
henry,80.44553969490417
may,42.57028127885488
jim,17.730078849041853
richard,14.770228736239007
bay,13.832001222089291
diamond,10.93626549873902
big,8.416388289658206
papa,8.17425912822413
president,4.208194144829103
valentine,4.208194144829103
trance,4.208194144829103
