WORD,VALUE,
henri,80.29280862083382
may,56.66298539284423
jim,17.68567896919403
big,14.741699033424986
richard,14.741699033424986
heavi,14.741699033424986
bay,13.800148216461814
dear,10.909038811635451
diamond,10.906130470298203
lost,7.370849516712493
ol,7.370849516712493
presid,4.198970573422205
crazi,4.198970573422205
true,4.198970573422205
