WORD,VALUE,
offer,9.526174307581417
arriv,8.39794114684441
behold,8.39794114684441
bend,7.370849516712493
gettin,7.370849516712493
empti,7.370849516712493
kinda,7.370849516712493
agre,5.4545194058177255
choos,5.4545194058177255
forbidden,4.198970573422205
divid,4.198970573422205
dine,4.198970573422205
blink,4.198970573422205
