WORD,VALUE,
stop,62.7790319349523
going,32.5483375704916
offer,9.560512606764945
arrive,8.422347886336103
bend,8.422347886336103
grind,7.389722523844765
rolling,7.389722523844765
bite,5.472256507922991
agree,5.472256507922991
climb,5.472256507922991
cause,5.472256507922991
hearin,4.211173943168052
divide,4.211173943168052
hound,4.211173943168052
empty,4.211173943168052
drinking,4.211173943168052
staying,4.211173943168052
