WORD,VALUE,
stop,61.46165641557776
thinkin,19.1042540892309
hangin,14.978317596979245
playin,12.266208277777313
offer,9.55212704461545
arrive,8.416388289658206
bend,8.416388289658206
grind,7.3851143681195035
wonderin,7.3851143681195035
empty,7.3851143681195035
bite,5.467925268631404
agree,5.467925268631404
drinkin,5.467925268631404
climb,5.467925268631404
hearin,4.208194144829103
divide,4.208194144829103
pump,4.208194144829103
hound,4.208194144829103
crowin,4.208194144829103
