WORD,VALUE,
offer,9.20228672183205
arriv,8.167384286689261
behold,8.167384286689261
bend,7.192444945475289
gettin,7.192444945475289
empti,7.192444945475289
choos,7.192444945475289
kinda,7.192444945475289
agre,5.2870886868222
forbidden,4.0836921433446305
divid,4.0836921433446305
dine,4.0836921433446305
blink,4.0836921433446305
