WORD,VALUE,
fine,71.3244232999031
bound,22.955670356243225
egyptian,22.955670356243225
faithful,22.955670356243225
