WORD,VALUE,
sad-eyed,240.62871831293222
leopard-skin,112.01218253016592
pill-box,78.90803653387401
jingle-jangle,78.90803653387401
frozen,29.907084925501913
bored,29.907084925501913
faithful,29.907084925501913
