WORD,VALUE,
fine,71.24718829438598
bound,22.929930698798
egyptian,22.929930698798
faithful,22.929930698798
