WORD,VALUE,
neath,73.73063096028503
astray,29.907084925501913
