WORD,VALUE,
maggie,219.623780055865
eden,100.18396545439381
mobile,96.8711618605169
tombstone,87.5869911063468
prophet,56.28877571959633
sunglass,45.859861397596
abe,43.93981446874086
juggler,35.62359414719299
lagoon,35.62359414719299
sorrow,33.394655151464605
gambler,22.929930698798
lad,22.929930698798
sparkle,22.929930698798
