WORD,VALUE,
tambourine,154.58467024370046
desolation,147.46126192057005
neath,29.907084925501913
