WORD,VALUE,
maggie,219.623780055865
row,132.56510960792912
eden,100.18396545439381
mobile,98.44675734923854
abe,43.93981446874086
