WORD,VALUE,
wan,84.08309862082571
pledge,61.46205998890097
ache,48.49151066433816
saw,45.859861397596
weep,35.62359414719299
peek,22.929930698798
tremble,22.929930698798
