WORD,VALUE,
way,329.10965614636956
heart,266.12880432260755
day,230.37118231834978
town,220.162245762825
road,195.23943566928304
light,175.37295195425904
roll,159.57200456721824
blood,157.7623403385609
john,145.2162193179585
roman,128.58140753308504
man,121.97030173165531
side,121.97030173165531
king,119.58535633329481
hand,105.78647976570772
eye,100.06024934442739
men,92.14847292733991
soul,78.88117016928045
home,78.88117016928045
lord,78.88117016928045
love,75.9125674735194
ship,75.9125674735194
bed,75.9125674735194
death,73.7037669412222
mind,73.7037669412222
hour,62.42638691276638
boss,62.42638691276638
gold,59.792678166647406
sky,59.792678166647406
sun,57.870571758415466
world,57.870571758415466
arm,57.870571758415466
floor,57.870571758415466
husband,57.870571758415466
morn,46.074236463669955
wound,46.074236463669955
father,46.074236463669955
mother,46.074236463669955
wall,46.074236463669955
dark,46.074236463669955
kiss,46.074236463669955
water,46.074236463669955
knee,46.074236463669955
wife,46.074236463669955
ear,46.074236463669955
breath,43.84323798856476
weep,43.84323798856476
someth,43.84323798856476
someon,43.84323798856476
wind,43.84323798856476
boy,43.84323798856476
mountain,29.896339083323703
forest,29.896339083323703
tomorrow,29.896339083323703
women,29.896339083323703
rag,29.896339083323703
black,29.896339083323703
brain,29.896339083323703
go,29.896339083323703
drink,29.896339083323703
cheek,29.896339083323703
bread,29.896339083323703
blade,29.896339083323703
woman,29.896339083323703
chain,29.896339083323703
leg,29.896339083323703
bone,29.896339083323703
limb,29.896339083323703
beggar,29.896339083323703
street,29.896339083323703
seat,29.896339083323703
sail,29.896339083323703
mouth,29.896339083323703
money,29.896339083323703
dress,29.896339083323703
queen,29.896339083323703
spirit,29.896339083323703
feet,29.896339083323703
split,29.896339083323703
hatch,29.896339083323703
wire,29.896339083323703
