WORD,VALUE,
scarlet,166.53564519395394
watchman,52.87877343604816
starlight,26.43938671802408
