WORD,VALUE,
scarlet,166.4758783493922
watchman,52.858853742399745
starlight,26.429426871199873
