WORD,VALUE,
john,145.2162193179585
roman,128.58140753308504
roll,128.21279141306377
king,119.58535633329481
lord,46.074236463669955
go,29.896339083323703
sail,29.896339083323703
boss,29.896339083323703
