WORD,VALUE,
john,160.62181722339156
roll,143.6166298799847
roman,142.27524441031903
king,133.27843916545217
lord,51.2092681999084
sail,33.31960979136304
boss,33.31960979136304
