WORD,VALUE,
john,160.81525307111912
roll,143.81005183320445
roman,142.4471871655291
king,133.45037596587318
lord,51.27374549253112
sail,33.362593991468295
boss,33.362593991468295
