WORD,VALUE,
saw,110.98391889959478
weep,40.87356662612355
pierce,26.429426871199873
