WORD,VALUE,
work,358.1556627856238
go,211.9429309606715
come,195.23943566928304
burn,195.23943566928304
move,187.27916073829914
got,161.87337817163206
shine,161.87337817163206
see,138.22270939100986
dream,124.85277382553276
put,117.53889390762565
went,111.9745691506288
tell,111.9745691506288
lay,108.4686171857309
saw,105.78647976570772
know,103.58360381901184
lost,100.06024934442739
get,95.40376974716621
pay,95.40376974716621
play,95.40376974716621
hold,95.40376974716621
heard,78.88117016928045
fight,78.88117016928045
sink,78.88117016928045
left,75.9125674735194
sleep,75.9125674735194
die,73.7037669412222
stand,62.42638691276638
look,62.42638691276638
kiss,62.42638691276638
wait,62.42638691276638
gone,62.42638691276638
ai,59.792678166647406
drag,46.074236463669955
strip,46.074236463669955
fell,46.074236463669955
torn,46.074236463669955
live,46.074236463669955
made,46.074236463669955
born,46.074236463669955
wish,46.074236463669955
lower,46.074236463669955
said,46.074236463669955
cross,43.84323798856476
gon,43.84323798856476
love,43.84323798856476
broke,43.84323798856476
rode,43.84323798856476
blaze,29.896339083323703
buy,29.896339083323703
ring,29.896339083323703
seen,29.896339083323703
hurt,29.896339083323703
cri,29.896339083323703
leav,29.896339083323703
tie,29.896339083323703
give,29.896339083323703
doe,29.896339083323703
shot,29.896339083323703
sail,29.896339083323703
sway,29.896339083323703
touch,29.896339083323703
descend,29.896339083323703
rose,29.896339083323703
took,29.896339083323703
feed,29.896339083323703
pour,29.896339083323703
ran,29.896339083323703
given,29.896339083323703
