WORD,VALUE,
saw,111.02376346263596
weep,40.88850769029594
pierce,26.43938671802408
