WORD,VALUE,
frankie,78.66375140656751
lee,68.14193075844138
juda,64.3248689561749
priest,30.105273353999817
whose,22.474156900398178
tom,18.061817477855882
landlord,18.061817477855882
sir,11.237078450199089
jury,11.237078450199089
