WORD,VALUE,
franki,78.3762414806475
juda,68.14887133779463
lee,67.87905859797627
tom,17.990230827073695
alright,11.189547903476186
