WORD,VALUE,
frankie,78.60716606184452
lee,68.09019375402183
judas,64.27775247221331
whose,22.45544699872085
tom,18.047728096636504
