WORD,VALUE,
frankie,78.66375140656751
lee,68.14193075844138
juda,64.3248689561749
whose,22.474156900398178
tom,18.061817477855882
