WORD,VALUE,
sad-eyed,45.44718080676384
lost,14.273380960302797
complete,12.490176582416451
unkind,10.7050357202271
mighty,8.863952524299336
gold,7.136690480151398
blowed,4.541583549940745
cute,3.568345240075699
phony,3.568345240075699
prime,3.568345240075699
awful,3.568345240075699
moral,3.568345240075699
useless,3.568345240075699
