WORD,VALUE,
complete,12.516996947670123
alone,12.516996947670123
unkind,10.73510821401624
mighty,8.896103844115462
Blue,6.4075322706987645
cute,3.57836940467208
Outside,3.57836940467208
phony,3.57836940467208
prime,3.57836940467208
awful,3.57836940467208
moral,3.57836940467208
useless,3.57836940467208
