WORD,VALUE,
maggi,40.783916521766905
queen,31.42872937345846
lee,31.361410019931036
juda,28.805268859248084
father,28.2367702507968
eden,25.49278606856126
johnni,22.20265034667456
memphi,21.94246900463822
franki,18.266049738286142
man,15.809778414232099
tom,15.71436468672923
daddi,13.509701277251008
mister,11.685476648038652
jone,11.685476648038652
day,10.18452564559309
bill,9.426333978302898
sweet,9.133024869143071
avenu,6.41885959219322
sooner,6.41885959219322
captain,5.627821458919003
summer,5.627821458919003
blue,5.627821458919003
bell,4.5665124345715356
eskimo,4.5665124345715356
night,3.5856382748337188
