WORD,VALUE,
dug,12.83771918438644
comin,9.94648979355268
ach,9.94648979355268
warn,9.94648979355268
forgot,9.133024869143071
hand,8.919424808421214
spi,8.919424808421214
refus,7.1712765496674375
peek,6.41885959219322
mention,6.41885959219322
lean,5.627821458919003
point,5.627821458919003
fear,5.627821458919003
disguis,4.5665124345715356
discov,4.5665124345715356
kneel,3.5856382748337188
invit,3.5856382748337188
flip,3.5856382748337188
employ,3.5856382748337188
argu,3.5856382748337188
recit,3.5856382748337188
scorn,3.5856382748337188
aim,3.5856382748337188
wind,3.5856382748337188
skip,3.5856382748337188
sparkl,3.5856382748337188
mix,3.5856382748337188
bar,3.5856382748337188
mutter,3.5856382748337188
