WORD,VALUE,
sang,47.621937212415865
doe,32.27552780496411
stayed,19.855787203793177
travel,16.197184839173772
spied,15.786474285468952
happening,15.786474285468952
carried,15.786474285468952
steal,13.483836215433275
dug,12.815064541397529
hand,12.516996947670123
comin,9.927893601896589
warn,9.410948205475627
forgot,9.11206629116215
Throw,9.11206629116215
pass,8.098592419586886
fear,7.15673880934416
stare,7.15673880934416
hears,6.4075322706987645
Went,6.4075322706987645
'Cause,5.6141317510997215
staying,5.6141317510997215
blowed,4.556033145581075
sends,4.556033145581075
bothered,3.57836940467208
part,3.57836940467208
decided,3.57836940467208
leap,3.57836940467208
argue,3.57836940467208
aching,3.57836940467208
scorn,3.57836940467208
bowed,3.57836940467208
Standing,3.57836940467208
flowed,3.57836940467208
Looks,3.57836940467208
Wants,3.57836940467208
barred,3.57836940467208
Puts,3.57836940467208
