WORD,VALUE,
Next,63.97446037243908
dandy,55.81282847987329
rolling,23.99405089888213
baby,20.875486869346602
closer,17.599216879244484
blue-eyed,16.06197800657033
gay,12.065781121394933
finest,9.692583893396538
longer,9.692583893396538
bended,8.368909999671512
tender,8.368909999671512
fat,8.030989003285166
Many,8.030989003285166
foggy,4.846291946698269
pleasant,4.846291946698269
high-heeled,4.846291946698269
bold,4.846291946698269
leavin,4.846291946698269
