WORD,VALUE,
uh-huh,214.29634718809834
dandi,55.8077432061793
roll,23.990620595089645
babi,20.87264556892261
closer,17.596717776821187
blue-ey,16.05952660046349
gay,12.064460025708605
finest,9.691310494026663
longer,9.691310494026663
bend,8.367931101985878
tender,8.367931101985878
fat,8.029763300231744
foggi,4.845655247013331
pleasant,4.845655247013331
high-heel,4.845655247013331
bold,4.845655247013331
civil,4.845655247013331
leavin,4.845655247013331
