WORD,VALUE,
uh-huh,218.44391497730714
dandi,56.93419811790718
roll,28.43275946660887
babi,21.50302309797391
closer,18.151308987242366
blue-ey,16.603777943160704
gay,12.357265432505132
finest,9.973776033099227
longer,9.973776033099227
fat,9.973776033099227
bend,8.584950190152284
tender,8.584950190152284
foggi,4.986888016549614
pleasant,4.986888016549614
high-heel,4.986888016549614
bold,4.986888016549614
