WORD,VALUE,
uh-huh,226.85885192870637
dandi,52.35102863865858
cat,41.43437502892839
ten,39.241563310312515
davey,32.46442696455123
rat,26.48373577151615
albert,24.165942050136803
b.,24.165942050136803
closer,19.812513185280473
wed,18.323464947461478
frog,17.16990038030457
linger,16.603777943160704
blue-ey,16.603777943160704
twenti,16.525634758659066
sailor,15.24816198010934
dig,13.513830133227643
finest,13.513830133227643
pat,13.502718977500741
waist,12.357265432505132
gay,12.357265432505132
forsak,11.761028601968928
arthur,11.555248947643502
leather,10.025608764169364
bee,10.025608764169364
flyin,9.973776033099227
led,9.973776033099227
tick,9.973776033099227
ate,8.584950190152284
layin,8.584950190152284
london,8.584950190152284
mistreat,8.301888971580352
snake,8.301888971580352
creep,8.301888971580352
nine,6.604171061760159
foggi,4.986888016549614
cousin,4.986888016549614
wee,4.986888016549614
pleasant,4.986888016549614
bargain,4.986888016549614
delight,4.986888016549614
scarc,4.986888016549614
lad,4.986888016549614
high-heel,4.986888016549614
daylight,4.986888016549614
engag,4.986888016549614
bump,4.986888016549614
forty-four,4.986888016549614
buddi,4.986888016549614
niec,4.986888016549614
shop,4.986888016549614
napkin,4.986888016549614
woe,4.986888016549614
jacki,4.986888016549614
confin,4.986888016549614
cannonbal,4.986888016549614
hush,4.986888016549614
