WORD,VALUE,
burn,39.60124116451279
Miss,36.1973433641848
cat,35.19843375848897
Davey,31.730570101071976
Feel,26.314387745791045
Albert,23.648125377138328
B.,23.648125377138328
Black,19.76929724033926
wedding,19.385167786793076
sailor,14.716654214926475
walk,13.0363631615398
momma,12.065781121394933
waist,12.065781121394933
Judge,12.065781121394933
Arthur,11.208904858718888
leather,9.689556846652263
bee,9.689556846652263
Mouse,8.368909999671512
layin,8.368909999671512
London,8.368909999671512
blind,8.368909999671512
flyin,8.030989003285166
snake,8.030989003285166
downtown,6.398423042686894
cousin,4.846291946698269
wee,4.846291946698269
saddle,4.846291946698269
daylight,4.846291946698269
drive,4.846291946698269
bump,4.846291946698269
niece,4.846291946698269
napkin,4.846291946698269
park,4.846291946698269
woe,4.846291946698269
Jackie,4.846291946698269
cannonball,4.846291946698269
ease,4.846291946698269
