WORD,VALUE,
cat,41.43437502892839
miss,37.07179629751539
davey,32.46442696455123
rat,26.48373577151615
albert,24.165942050136803
b.,24.165942050136803
wed,21.50302309797391
frog,17.16990038030457
pat,16.525634758659066
sailor,15.24816198010934
waist,12.357265432505132
arthur,11.555248947643502
leather,10.025608764169364
bee,10.025608764169364
flyin,9.973776033099227
blind,9.973776033099227
tick,8.584950190152284
layin,8.584950190152284
london,8.584950190152284
snake,8.301888971580352
cousin,4.986888016549614
wee,4.986888016549614
lad,4.986888016549614
bid,4.986888016549614
daylight,4.986888016549614
bump,4.986888016549614
buddi,4.986888016549614
niec,4.986888016549614
napkin,4.986888016549614
woe,4.986888016549614
jacki,4.986888016549614
cannonbal,4.986888016549614
eas,4.986888016549614
