WORD,VALUE,
Miss,36.1973433641848
Davey,35.581096416022575
Albert,23.648125377138328
B.,23.648125377138328
Feel,22.815436013034535
Black,19.76929724033926
Judge,12.065781121394933
Arthur,11.208904858718888
Mouse,8.368909999671512
London,8.368909999671512
Took,6.398423042686894
Jackie,4.846291946698269
