WORD,VALUE,
davey,31.979934978073693
miss,25.326900428124148
albert,23.824100111103498
judge,12.16481741216363
arthur,11.326490696899867
mouse,8.44230014270805
london,8.44230014270805
jackie,4.894035942002647
