WORD,VALUE,
linger,16.603777943160704
forsak,11.761028601968928
led,9.973776033099227
creep,9.973776033099227
ate,8.584950190152284
mistreat,8.301888971580352
dig,6.604171061760159
finish,4.986888016549614
engag,4.986888016549614
confin,4.986888016549614
