WORD,VALUE,
step,31.98556329183834
linger,16.245857387467968
mistreat,9.788071884005294
layin,8.44230014270805
charm,6.4682648855634906
woke,4.894035942002647
reel,4.894035942002647
engage,4.894035942002647
bloom,4.894035942002647
confine,4.894035942002647
