WORD,VALUE,
dandy,50.54495253957189
broken,31.72920162410777
clean-cut,24.81575146948552
Sorry,7.3592220209107
evil,6.776170050977968
foggy,4.191452964732504
