WORD,VALUE,
broken,84.91925423953055
dandy,50.48802855942378
clean-cut,24.78569878673988
lean,4.184432822617542
frail,4.184432822617542
foggy,4.184432822617542
impossible,4.184432822617542
