WORD,VALUE,
broken,84.77341248837297
dandy,50.42237626852484
clean-cut,24.751038910857538
lean,4.176337873892298
frail,4.176337873892298
foggy,4.176337873892298
impossible,4.176337873892298
