WORD,VALUE,
bully,57.99688643854758
Ten,50.54495253957189
dandy,50.54495253957189
shore,49.65367415705854
Broken,46.831019610979745
Ring,43.126633276231736
disease,42.438082822394634
broken,40.740085408085484
neighborhood,39.43326630901129
wanted,38.64127335957336
remember,37.947143644597226
moon,32.64472276116136
cat,31.323386171532114
clean-cut,24.81575146948552
killer,24.81575146948552
Maybe,24.523750643872823
trust,22.985333824337893
Satan,21.402488291678146
nature,18.02845997604433
nightingale,17.6583703319028
Bird,17.6583703319028
shootin,17.6583703319028
anybody,16.414548391837045
idea,15.034719963005758
handle,14.7184440418214
union,14.7184440418214
Late,14.14589907818508
creation,14.14589907818508
dump,14.14589907818508
sundown,14.14589907818508
greed,14.14589907818508
neither,12.574358894197509
sweetheart,12.574358894197509
Something,12.20995587863093
tune,12.20995587863093
seeing,11.492666912168946
honor,11.492666912168946
dressed,10.88157425372045
wolf,10.701244145839073
driftin,10.701244145839073
Sure,9.599236909616643
Two,9.505025812581277
asleep,9.505025812581277
Yesterday,8.382905929465007
satisfied,8.134747909174346
Whatever,8.134747909174346
survive,7.3592220209107
drank,7.3592220209107
bull,7.3592220209107
Listen,7.3592220209107
Bridge,7.3592220209107
snake,7.3592220209107
cent,7.3592220209107
Far,6.776170050977968
fail,5.443594075550412
band,5.443594075550412
breakin,5.443594075550412
indeed,5.443594075550412
Sorry,5.443594075550412
bleed,5.443594075550412
foggy,4.191452964732504
danced,4.191452964732504
hearing,4.191452964732504
test,4.191452964732504
pressed,4.191452964732504
spoken,4.191452964732504
showing,4.191452964732504
health,4.191452964732504
pool,4.191452964732504
glove,4.191452964732504
asking,4.191452964732504
mount,4.191452964732504
Turn,4.191452964732504
barrel,4.191452964732504
finish,4.191452964732504
idol,4.191452964732504
thumpin,4.191452964732504
hurricane,4.191452964732504
rush,4.191452964732504
twilight,4.191452964732504
reflection,4.191452964732504
cotton,4.191452964732504
outskirt,4.191452964732504
notice,4.191452964732504
condemned,4.191452964732504
London,4.191452964732504
guy,4.191452964732504
thirty,4.191452964732504
