WORD,VALUE,
broken,82.59603350196326
bulli,58.05129345739389
driftin,54.3184103425752
trust,50.81287743390966
neighborhood,50.592893735275915
shore,49.709656653886455
dandi,46.07432296119598
diseas,42.482238628664334
moon,32.70266930261819
cat,30.560849210515812
polit,28.754109038341714
ten,27.189391461746197
clean-cut,24.841062284191516
killer,24.841062284191516
satan,21.427246628520958
nightingal,17.677215323466495
shootin,17.677215323466495
anybodi,17.66832252496438
idea,15.057820866259028
union,14.736736555521917
creation,14.161511158177635
dump,14.161511158177635
greed,14.161511158177635
neither,13.794608138360404
natur,13.574888527346031
handl,12.592098930034851
sweetheart,12.592098930034851
tune,12.229823870313057
honor,11.50772651429832
sundown,11.50772651429832
yesterday,9.521660892692255
asleep,9.521660892692255
drank,7.3683682777609585
wolf,7.3683682777609585
bull,7.3683682777609585
snake,7.3683682777609585
backward,7.3683682777609585
thirti,7.3683682777609585
cent,7.3683682777609585
band,5.45218785453749
breakin,5.45218785453749
inde,5.45218785453749
dig,4.197366310011617
spill,4.197366310011617
foggi,4.197366310011617
nine,4.197366310011617
test,4.197366310011617
spoken,4.197366310011617
health,4.197366310011617
pool,4.197366310011617
glove,4.197366310011617
mount,4.197366310011617
barrel,4.197366310011617
thumpin,4.197366310011617
thiev,4.197366310011617
hurrican,4.197366310011617
rush,4.197366310011617
cotton,4.197366310011617
outskirt,4.197366310011617
london,4.197366310011617
imposs,4.197366310011617
guy,4.197366310011617
bake,4.197366310011617
