WORD,VALUE,
broken,84.91925423953055
bully,57.932284944855915
trust,50.678703162801796
neighborhood,50.48802855942378
shore,49.587206020880885
dandy,45.97066763463563
disease,42.385654970446915
moon,32.57594155466873
cat,30.46445297970614
ten,27.086110990001327
clean-cut,24.78569878673988
killer,24.78569878673988
satan,21.373092980361104
nature,18.00290342149907
nightingale,17.635995162700716
anybody,16.378895781633442
idea,15.007296765974505
union,14.696726244047913
creation,14.127362665754779
dump,14.127362665754779
greed,14.127362665754779
neither,13.749945857127027
smoke,13.52557427635329
handle,12.553298467852628
sweetheart,12.553298467852628
tune,12.18637143837146
honor,11.474787871167244
sundown,11.474787871167244
yesterday,9.485280129093583
asleep,9.485280129093583
wolf,8.368865645235084
bull,7.348363122023956
drifting,7.348363122023956
snake,7.348363122023956
thirty,7.348363122023956
cent,7.348363122023956
band,5.433392548092268
indeed,5.433392548092268
bleed,5.433392548092268
frail,4.184432822617542
foggy,4.184432822617542
nine,4.184432822617542
test,4.184432822617542
health,4.184432822617542
pool,4.184432822617542
glove,4.184432822617542
mount,4.184432822617542
barrel,4.184432822617542
idol,4.184432822617542
thump,4.184432822617542
hurricane,4.184432822617542
rush,4.184432822617542
reflection,4.184432822617542
cotton,4.184432822617542
outskirt,4.184432822617542
condemn,4.184432822617542
london,4.184432822617542
impossible,4.184432822617542
guy,4.184432822617542
