WORD,VALUE,
bulli,58.07394827115391
neighborhood,50.61285624885544
shore,49.73296840441421
broken,43.18537886219249
diseas,42.500625254379436
tonight,40.87269951545419
driftin,39.487432833310656
moon,32.72680317457829
trust,32.132473860673
cat,30.579203559676145
killer,24.851601747139313
mayb,24.476196464147854
natur,21.43755635369459
satan,21.43755635369459
nightingal,17.685062486233804
shootin,17.685062486233804
anybodi,16.457095913738865
tune,15.69139987048376
idea,15.06744137811015
fli,14.942621217355155
union,14.744353980515054
late,14.168012170854698
creation,14.168012170854698
forgiv,14.168012170854698
dump,14.168012170854698
greed,14.168012170854698
sweetheart,12.59948661725382
honor,11.513997789201209
sure,11.513997789201209
beat,9.619785571011555
yesterday,9.528589104362881
smoke,9.528589104362881
wolf,7.372176990257527
bull,7.372176990257527
snake,7.372176990257527
cent,7.372176990257527
block,6.792139650711489
band,5.45576682925989
someplac,5.45576682925989
health,4.199828872417941
pool,4.199828872417941
glove,4.199828872417941
barrel,4.199828872417941
idol,4.199828872417941
thumpin,4.199828872417941
thiev,4.199828872417941
hurrican,4.199828872417941
twilight,4.199828872417941
reflect,4.199828872417941
cotton,4.199828872417941
outskirt,4.199828872417941
london,4.199828872417941
guy,4.199828872417941
