WORD,VALUE,
neighborhood,50.48802855942378
shore,49.587206020880885
disease,42.385654970446915
moon,32.57594155466873
cat,30.46445297970614
killer,24.78569878673988
satan,21.373092980361104
nature,18.00290342149907
anybody,16.378895781633442
idea,15.007296765974505
union,14.696726244047913
creation,14.127362665754779
dump,14.127362665754779
greed,14.127362665754779
tune,13.749945857127027
sweetheart,12.553298467852628
honor,11.474787871167244
dance,10.858647184889577
'til,9.582015240043539
yesterday,9.485280129093583
wolf,8.368865645235084
bull,7.348363122023956
snake,7.348363122023956
cent,7.348363122023956
block,6.762787138176645
drink,5.433392548092268
band,5.433392548092268
health,4.184432822617542
pool,4.184432822617542
glove,4.184432822617542
barrel,4.184432822617542
idol,4.184432822617542
beat,4.184432822617542
stick,4.184432822617542
walk,4.184432822617542
hurricane,4.184432822617542
reflection,4.184432822617542
cotton,4.184432822617542
outskirt,4.184432822617542
london,4.184432822617542
guy,4.184432822617542
