WORD,VALUE,
bully,57.99688643854758
shore,49.65367415705854
tonight,46.18174698399902
Broken,43.126633276231736
disease,42.438082822394634
neighborhood,39.43326630901129
moon,32.64472276116136
cat,31.323386171532114
killer,24.81575146948552
Maybe,24.41991175726186
Satan,21.402488291678146
nature,18.02845997604433
nightingale,17.6583703319028
Bird,17.6583703319028
shootin,17.6583703319028
anybody,16.414548391837045
tune,15.661693085766057
idea,15.034719963005758
fly,14.906885171864072
union,14.7184440418214
Late,14.14589907818508
creation,14.14589907818508
dump,14.14589907818508
greed,14.14589907818508
sweetheart,12.574358894197509
Something,12.20995587863093
honor,11.492666912168946
Sure,11.492666912168946
dance,10.88157425372045
beat,10.701244145839073
wolf,10.701244145839073
Yesterday,8.382905929465007
bull,7.3592220209107
Bridge,7.3592220209107
snake,7.3592220209107
cent,7.3592220209107
block,6.776170050977968
band,5.443594075550412
someplace,5.443594075550412
health,4.191452964732504
pool,4.191452964732504
glove,4.191452964732504
hanging,4.191452964732504
barrel,4.191452964732504
idol,4.191452964732504
thumpin,4.191452964732504
hurricane,4.191452964732504
reflection,4.191452964732504
cotton,4.191452964732504
outskirt,4.191452964732504
London,4.191452964732504
guy,4.191452964732504
