WORD,VALUE,
satan,21.339193131472552
bridge,7.335840685439198
london,4.176337873892298
