WORD,VALUE,
Broken,43.126633276231736
Maybe,24.41991175726186
Satan,21.402488291678146
Late,14.14589907818508
Sure,11.492666912168946
Bridge,7.3592220209107
London,4.191452964732504
