WORD,VALUE,
broken,43.168108648793456
mayb,24.459647740626114
satan,21.427246628520958
late,14.161511158177635
sure,11.50772651429832
bridg,7.3683682777609585
london,4.197366310011617
