WORD,VALUE,
ring,27.58921627672081
trust,20.986831550058085
handl,12.592098930034851
drank,7.3683682777609585
join,5.45218785453749
drum,5.45218785453749
breakin,5.45218785453749
rule,5.45218785453749
spill,4.197366310011617
spoken,4.197366310011617
mount,4.197366310011617
