WORD,VALUE,
henri,426.1329486137566
lord,356.9198730994192
joey,328.45582666263414
well,327.9361131646402
alberta,262.73634060343244
may,219.62374378044493
jack,209.01563868265237
heart,183.53339277388187
father,155.4161907930369
heaven,150.98615574187673
goin,150.12177259589495
devil,121.34893372528617
honey,115.34925094172151
mayb,102.03319799018443
knock,95.42581443633554
jim,95.42581443633554
might,85.24102759995709
time,76.84010425381524
ya,75.49307787093836
big,75.49307787093836
king,67.78136747227292
appl,62.28923712638896
never,62.28923712638896
senor,59.32249555441834
street,49.15321270321129
lookin,49.15321270321129
tomorrow,49.15321270321129
gon,46.52136508088273
stripe,46.52136508088273
love,46.52136508088273
jesus,36.119821087451236
ooh,36.119821087451236
made,36.119821087451236
ol,36.119821087451236
armageddon,23.260682540441366
bell,23.260682540441366
everyth,23.260682540441366
queen,23.260682540441366
road,23.260682540441366
peter,23.260682540441366
brooklyn,23.260682540441366
littl,23.260682540441366
starin,23.260682540441366
louisiana,23.260682540441366
san,23.260682540441366
meet,23.260682540441366
miss,23.260682540441366
neath,23.260682540441366
born,23.260682540441366
three,23.260682540441366
said,23.260682540441366
go,23.260682540441366
true,23.260682540441366
minnesota,23.260682540441366
