WORD,VALUE,
franki,78.3762414806475
lee,67.87905859797627
juda,64.08547123837343
priest,29.963845036622416
tom,17.990230827073695
landlord,17.990230827073695
juri,11.189547903476186
