WORD,VALUE,
Frankie,78.33159887548906
Lee,67.83824233404731
Judas,64.04829938858892
spied,26.942203860621127
Whose,22.364336223289577
carried,20.48995851225009
Tom,17.979115657555347
landlord,17.979115657555347
jury,11.182168111644788
underneath,11.182168111644788
Alright,11.182168111644788
