WORD,VALUE,
frankie,78.60716606184452
lee,68.09019375402183
judas,64.27775247221331
priest,30.07743632132934
tom,18.047728096636504
landlord,18.047728096636504
jury,11.227723499360424
