WORD,VALUE,
frankie,78.60716606184452
lee,68.09019375402183
judas,64.27775247221331
priest,30.07743632132934
whose,22.45544699872085
tom,18.047728096636504
landlord,18.047728096636504
sir,11.227723499360424
jury,11.227723499360424
