WORD,VALUE,
franki,78.40645897090413
lee,67.90668624681332
juda,64.11063198961637
priest,31.628664500627035
tom,17.99775446368149
landlord,17.99775446368149
juri,11.194543170577136
