WORD,VALUE,
franki,78.40645897090413
juda,68.17409356095031
lee,67.90668624681332
tom,17.99775446368149
alright,11.194543170577136
