WORD,VALUE,
frankie,78.51756454059081
lee,68.00827012483853
judas,64.20314485173024
whose,22.42582108054974
tom,18.025418187165627
