WORD,VALUE,
Frankie,78.33159887548906
Judas,68.11160852446761
Lee,67.83824233404731
Tom,17.979115657555347
Alright,11.182168111644788
