WORD,VALUE,
spied,26.942203860621127
carried,20.48995851225009
