WORD,VALUE,
mighty,76.8641774904146
fine,38.4320887452073
