WORD,VALUE,
low,227.86222504715184
new,215.9443695079761
true,214.15733193682584
best,177.63825200189433
high,167.58929370887978
littl,159.4045819295805
lay,137.46438686237406
big,104.86259870286742
free,104.86259870286742
sweet,101.60706352690066
long,99.14736949339144
poor,86.76348790634135
tire,83.79464685443989
black,68.73219343118703
dark,68.73219343118703
fair,66.09824632892762
bright,64.17590156455522
tight,50.80353176345033
old,48.57229493220469
bad,33.04912316446381
outsid,33.04912316446381
tall,33.04912316446381
aw,33.04912316446381
