WORD,VALUE,
day,470.8217870572758
father,434.7659543399427
love,429.0615099427725
night,377.6084391681009
alberta,361.2620159323682
morn,287.83575843629495
weekend,287.83575843629495
locust,282.884413186481
door,264.8908622444609
man,242.66834233842218
time,216.34889604638553
hair,206.56999719292244
heaven,191.95435212656034
sky,173.83815809595026
heart,167.9004698569483
boy,155.7554386334544
mama,141.4422065932405
tonight,141.4422065932405
dog,137.71333146194831
mind,134.83061794433087
sun,134.83061794433087
knock,134.83061794433087
stay,132.44543112223045
blue,114.83604854746054
friend,112.9562048037915
girl,105.04930868634784
reason,105.04930868634784
town,99.33407334167282
minstrel,99.33407334167282
hmm,86.91907904797513
degre,86.91907904797513
soul,86.91907904797513
way,86.91907904797513
sign,86.91907904797513
window,86.91907904797513
pie,83.95023492847415
singin,83.95023492847415
rain,83.95023492847415
bed,83.95023492847415
honey,68.85666573097416
tree,68.85666573097416
cloud,68.85666573097416
brass,68.85666573097416
road,68.85666573097416
street,68.85666573097416
ride,68.85666573097416
tomorrow,68.85666573097416
chair,68.85666573097416
gold,66.22271556111522
apron,66.22271556111522
lay,66.22271556111522
hand,64.3003677291433
comin,64.3003677291433
bride,64.3003677291433
caus,50.89688522139079
beauti,50.89688522139079
maid,50.89688522139079
bell,50.89688522139079
toe,50.89688522139079
truck,50.89688522139079
sugar,50.89688522139079
mountain,50.89688522139079
ear,50.89688522139079
one,50.89688522139079
pigeon,50.89688522139079
woman,50.89688522139079
dude,50.89688522139079
hill,48.665645322545636
dream,48.665645322545636
stream,48.665645322545636
darlin,48.665645322545636
maiden,33.11135778055761
appl,33.11135778055761
littl,33.11135778055761
dark,33.11135778055761
trill,33.11135778055761
crash,33.11135778055761
water,33.11135778055761
queen,33.11135778055761
train,33.11135778055761
unknown,33.11135778055761
stand,33.11135778055761
home,33.11135778055761
stranger,33.11135778055761
rest,33.11135778055761
build,33.11135778055761
cat,33.11135778055761
porch,33.11135778055761
three,33.11135778055761
horn,33.11135778055761
music,33.11135778055761
ticket,33.11135778055761
minnesota,33.11135778055761
