WORD,VALUE,
alberta,361.2620159323682
father,196.23249148911157
heaven,173.83815809595026
knock,134.83061794433087
day,112.9562048037915
tomorrow,68.85666573097416
love,48.665645322545636
bell,33.11135778055761
littl,33.11135778055761
three,33.11135778055761
minnesota,33.11135778055761
