WORD,VALUE,
alberta,287.6651712788425
heaven,136.4914267624865
peggy,121.98734074980965
quinn,119.43617554941834
brighton,26.288692819848972
