WORD,VALUE,
see,405.38609289518837
let,381.1782089231337
sang,287.3378600343479
throw,269.0289367958114
stay,221.09264091281904
hang,209.72519740573483
give,195.89018729639784
tell,177.63825200189433
hold,141.19325892606676
knock,134.58167641235616
think,128.35180312911044
treat,123.00990932497025
went,123.00990932497025
done,114.61822892493197
pass,112.73838824886246
wait,104.86259870286742
want,101.60706352690066
hear,101.60706352690066
spend,86.76348790634135
need,68.73219343118703
took,68.73219343118703
seen,68.73219343118703
shine,68.73219343118703
gone,68.73219343118703
doe,68.73219343118703
keep,66.09824632892762
love,66.09824632892762
caus,50.80353176345033
leav,50.80353176345033
fall,50.80353176345033
miss,50.80353176345033
stand,50.80353176345033
ran,50.80353176345033
live,50.80353176345033
heard,50.80353176345033
play,50.80353176345033
stole,48.57229493220469
known,33.04912316446381
toil,33.04912316446381
wish,33.04912316446381
pick,33.04912316446381
look,33.04912316446381
pack,33.04912316446381
build,33.04912316446381
flow,33.04912316446381
gather,33.04912316446381
sing,33.04912316446381
dress,33.04912316446381
hurt,33.04912316446381
wan,33.04912316446381
seem,33.04912316446381
ask,33.04912316446381
sit,33.04912316446381
watch,33.04912316446381
