WORD,VALUE,
lee,206.4468184167936
one,196.79259899380054
juda,196.79259899380054
along,184.39947306636967
hand,169.6492504654424
begin,113.09950031029494
priest,113.09950031029494
see,110.63968383982179
man,110.63968383982179
way,96.34060018381253
carry,96.34060018381253
road,96.34060018381253
poor,96.34060018381253
house,96.34060018381253
spy,93.37163669494714
must,76.39385876577117
mouth,76.39385876577117
please,76.39385876577117
dream,73.75978922654787
love,73.75978922654787
hear,73.75978922654787
cry,73.75978922654787
tom,56.54975015514747
tell,56.54975015514747
voice,56.54975015514747
true,56.54975015514747
little,56.54975015514747
try,56.54975015514747
tonight,56.54975015514747
everything,56.54975015514747
soon,56.54975015514747
home,56.54975015514747
leave,56.54975015514747
never,56.54975015514747
stand,56.54975015514747
eternity,56.54975015514747
speak,54.318390886937934
together,54.318390886937934
dear,54.318390886937934
might,54.318390886937934
place,54.318390886937934
boy,54.318390886937934
baby,54.318390886937934
bring,54.318390886937934
breath,54.318390886937934
thief,36.87989461327393
woman,36.87989461327393
around,36.87989461327393
chain,36.87989461327393
wish,36.87989461327393
sir,36.87989461327393
sorry,36.87989461327393
soul,36.87989461327393
give,36.87989461327393
live,36.87989461327393
lord,36.87989461327393
everybody,36.87989461327393
drifter,36.87989461327393
away,36.87989461327393
bad,36.87989461327393
shut,36.87989461327393
big,36.87989461327393
without,36.87989461327393
upon,36.87989461327393
hold,36.87989461327393
arise,36.87989461327393
always,36.87989461327393
fall,36.87989461327393
foolish,36.87989461327393
sit,36.87989461327393
cold,36.87989461327393
paradise,36.87989461327393
stranger,36.87989461327393
burst,36.87989461327393
neighbor,36.87989461327393
moral,36.87989461327393
