WORD,VALUE,
lee,205.6291136963375
one,196.0492234540747
juda,196.0492234540747
along,183.65610907594362
hand,168.98021854307152
priest,112.65347902871436
man,110.19366544556615
way,95.96891385761208
road,95.96891385761208
poor,95.96891385761208
spi,92.99995325607163
love,92.99995325607163
began,90.79079481799504
see,90.79079481799504
alon,90.79079481799504
us,89.01057738202843
must,76.0965102822758
mouth,76.0965102822758
cri,76.0965102822758
breath,73.46244363037744
dream,73.46244363037744
kind,71.5399793163661
ani,56.32673951435718
mani,56.32673951435718
tom,56.32673951435718
pain,56.32673951435718
soul,56.32673951435718
true,56.32673951435718
littl,56.32673951435718
tonight,56.32673951435718
everyth,56.32673951435718
soon,56.32673951435718
home,56.32673951435718
never,56.32673951435718
known,56.32673951435718
veri,54.09538313347258
dear,54.09538313347258
might,54.09538313347258
place,54.09538313347258
boy,54.09538313347258
hear,54.09538313347258
bring,54.09538313347258
thief,36.73122181518872
went,36.73122181518872
outsid,36.73122181518872
around,36.73122181518872
chain,36.73122181518872
took,36.73122181518872
meant,36.73122181518872
wish,36.73122181518872
sir,36.73122181518872
give,36.73122181518872
live,36.73122181518872
lord,36.73122181518872
drifter,36.73122181518872
away,36.73122181518872
shut,36.73122181518872
big,36.73122181518872
without,36.73122181518872
upon,36.73122181518872
doe,36.73122181518872
fall,36.73122181518872
stand,36.73122181518872
foolish,36.73122181518872
sat,36.73122181518872
cold,36.73122181518872
stare,36.73122181518872
leav,36.73122181518872
stranger,36.73122181518872
burst,36.73122181518872
ran,36.73122181518872
made,36.73122181518872
neighbor,36.73122181518872
moral,36.73122181518872
