WORD,VALUE,
lee,205.454221624524
one,195.89022899638502
juda,195.89022899638502
along,183.49711714466102
hand,168.83712485751454
priest,112.55808323834302
man,110.09827028679662
way,95.88941694456814
road,95.88941694456814
poor,95.88941694456814
spi,92.92045697462946
love,92.92045697462946
began,90.71129916815462
see,90.71129916815462
alon,90.71129916815462
us,88.93108236378981
must,76.032912878161
mouth,76.032912878161
cri,76.032912878161
breath,73.39884685786441
dream,73.39884685786441
kind,71.47638317545484
ani,56.27904161917151
mani,56.27904161917151
tom,56.27904161917151
pain,56.27904161917151
soul,56.27904161917151
true,56.27904161917151
littl,56.27904161917151
tonight,56.27904161917151
everyth,56.27904161917151
soon,56.27904161917151
home,56.27904161917151
never,56.27904161917151
known,56.27904161917151
veri,54.047685869888696
dear,54.047685869888696
might,54.047685869888696
place,54.047685869888696
boy,54.047685869888696
hear,54.047685869888696
bring,54.047685869888696
thief,36.69942342893221
went,36.69942342893221
outsid,36.69942342893221
around,36.69942342893221
chain,36.69942342893221
took,36.69942342893221
meant,36.69942342893221
wish,36.69942342893221
sir,36.69942342893221
give,36.69942342893221
live,36.69942342893221
lord,36.69942342893221
drifter,36.69942342893221
away,36.69942342893221
shut,36.69942342893221
big,36.69942342893221
without,36.69942342893221
upon,36.69942342893221
doe,36.69942342893221
fall,36.69942342893221
stand,36.69942342893221
foolish,36.69942342893221
sat,36.69942342893221
cold,36.69942342893221
stare,36.69942342893221
leav,36.69942342893221
stranger,36.69942342893221
burst,36.69942342893221
ran,36.69942342893221
made,36.69942342893221
neighbor,36.69942342893221
moral,36.69942342893221
