WORD,VALUE,
frankie,195.26931039435829
cove,86.00387802454087
whose,57.88052855011503
