WORD,VALUE,
frankie,195.21245179081555
cove,85.97545338234119
whose,57.86157844349512
