WORD,VALUE,
frankie,195.21245179081555
whose,57.86157844349512
