WORD,VALUE,
lee,205.454221624524
juda,195.89022899638502
priest,112.55808323834302
tom,56.27904161917151
pain,56.27904161917151
dear,54.047685869888696
lord,36.69942342893221
