WORD,VALUE,
frankie,195.26931039435829
whose,57.88052855011503
