WORD,VALUE,
spi,92.92045697462946
began,90.71129916815462
see,90.71129916815462
cri,76.032912878161
known,56.27904161917151
hear,54.047685869888696
bring,54.047685869888696
dream,54.047685869888696
went,36.69942342893221
took,36.69942342893221
meant,36.69942342893221
wish,36.69942342893221
give,36.69942342893221
live,36.69942342893221
shut,36.69942342893221
doe,36.69942342893221
fall,36.69942342893221
sat,36.69942342893221
stare,36.69942342893221
ran,36.69942342893221
made,36.69942342893221
