WORD,VALUE,
darf,23.098284193953276
müsse,10.905603672296586
kannst,5.557917830848946
mag,3.8738308951391467
dürften,3.311608714181406
müssen,2.573835801041568
möchten,2.4483242617339176
dürfte,1.8714930015374813
könnten,1.2274323190821779
gekonnt,0.25221010092823515
musst,0.25221010092823515
dürfen,0.1945093851422648
solle,0.17303694702573513
dürfe,0.11820681041392356
könne,0.11121552412026525
konnte,0.09584155990052823
mögen,5.91604280002038e-06
