WORD,VALUE,
unkind,24.662100896027496
mighty,22.329814093739035
fair,13.091605196007741
awful,7.443271364579677
