WORD,VALUE,
unkind,24.40799944900671
mighti,22.078599380101718
fair,12.927015453633008
aw,7.359533126700574
