WORD,VALUE,
unkind,24.618934265976474
mighty,22.287133065767698
awful,7.4290443552559
