WORD,VALUE,
knock,103.30076546788939
weekend,81.48197972758143
father,76.84624810205551
unkind,24.618934265976474
mighty,23.25995166658548
coin,22.287133065767698
distance,17.599357359632688
brass,14.8580887105118
melody,13.063636779439866
pleasure,10.20612313504306
swamp,7.4290443552559
awhile,7.4290443552559
coming,7.4290443552559
boyfriend,7.4290443552559
awful,7.4290443552559
