WORD,VALUE,
weekend,81.40734755155388
father,76.73972808644297
coin,22.259960237021684
distance,17.57686842848993
brass,14.839973491347791
melody,13.045831745900365
pleasure,10.192691813482307
crash,7.419986745673896
swamp,7.419986745673896
boyfriend,7.419986745673896
