WORD,VALUE,
Father,125.34740406118443
weekend,81.59919501672944
Heaven,35.26936416380458
Hmm,22.55774755979988
coin,22.329814093739035
singin,19.71631373911917
ridin,17.63468208190229
distance,17.63468208190229
Gypsy,17.63468208190229
Lay,17.393082600197996
brass,14.886542729159354
Stay,14.886542729159354
stay,14.886542729159354
melody,13.091605196007741
pleasure,10.227220847988882
Rain,7.443271364579677
boyfriend,7.443271364579677
