WORD,VALUE,
weekend,81.17468605334967
father,76.40774572746932
stay,24.503780054242256
hmm,22.4263038584034
coin,22.175263658445008
singin,19.58663781904588
distanc,17.506773943152197
lay,17.28828119534545
ridin,15.855851069368525
brass,14.783509105630005
melodi,12.990339353801582
pleasur,10.15082952100347
crash,7.391754552815002
boyfriend,7.391754552815002
