WORD,VALUE,
father,54.011119247980936
heaven,34.85355970779254
