WORD,VALUE,
Father,54.48466985654164
Heaven,35.26936416380458
Time,15.981991426795418
Stay,14.886542729159354
