WORD,VALUE,
knock,103.18208598644983
coming,7.419986745673896
