WORD,VALUE,
sang,80.90908198001229
knockin,48.66912595466118
throw,45.88408233652963
