WORD,VALUE,
sang,81.17468605334967
knockin,48.83470889347444
throw,46.11958879605628
