WORD,VALUE,
sang,81.59919501672944
knockin,49.09936407759059
throw,29.069563834514916
knock,27.853791907729878
Throw,24.662100896027496
spend,19.71631373911917
pass,19.71631373911917
staying,13.091605196007741
toil,7.443271364579677
Pack,7.443271364579677
