WORD,VALUE,
drunken,133.18858271289895
mighty,79.59881383186502
forty-one,54.79418845623718
pale,33.564610753078604
fine,33.564610753078604
