WORD,VALUE,
old,523.9378944686385
littl,395.96561583277025
high,315.3434715625811
true,261.9689472343193
new,243.79564172877733
low,240.4122092258024
wrong,195.13070742200904
big,178.44913485288401
best,161.78277162968348
sweet,157.67173578129055
bright,138.14116767108055
long,138.14116767108055
poor,128.5089226964618
free,128.5089226964618
dark,128.5089226964618
lay,124.78029097358784
last,101.64058545383539
right,99.99683528385829
love,92.09411178072037
whole,87.63211879986653
black,78.83586789064528
cold,78.83586789064528
tire,75.86726717956255
sad,73.65846863194362
white,73.65846863194362
blue,71.87861108643469
grand,62.39014548679392
ol,62.39014548679392
tight,62.39014548679392
fair,59.756438725353235
hard,59.756438725353235
bad,46.047055890360184
hot,43.816059399933266
open,43.816059399933266
slow,43.816059399933266
sentiment,29.878219362676617
pale,29.878219362676617
outsid,29.878219362676617
full,29.878219362676617
chilli,29.878219362676617
tall,29.878219362676617
mad,29.878219362676617
faithless,29.878219362676617
rag,29.878219362676617
better,29.878219362676617
aw,29.878219362676617
less,29.878219362676617
