WORD,VALUE,
sadie,100.40537401475231
corazon,89.98486120694866
toil,29.994953735649553
