WORD,VALUE,
flora,177.87647933878293
sadie,100.40537401475231
corazon,92.44432752944368
