WORD,VALUE,
pave,61.745482244926585
saw,33.564610753078604
roar,23.04325770749337
ache,23.04325770749337
pierce,23.04325770749337
betray,23.04325770749337
