WORD,VALUE,
new,353.8575994151663
true,280.0736560718251
littl,264.18991989587215
low,211.87336353093724
poor,184.88860321480922
free,184.88860321480922
hard,180.45694275173753
bad,169.06055880688422
big,137.4531539050729
black,137.4531539050729
last,125.70832065973076
best,121.68093113406215
stuck,121.68093113406215
lay,117.95253313838876
leopard-skin,105.93668176546862
sweet,102.43096551244963
high,97.54642356948837
right,94.02354051866173
mani,90.22847137586876
readi,90.22847137586876
tire,86.97341026792137
old,86.97341026792137
next,84.51419030243147
long,84.51419030243147
great,74.56846081184572
full,74.56846081184572
white,69.39152900754527
sad,69.39152900754527
bright,69.39152900754527
alon,69.39152900754527
whole,67.61190518923698
complet,58.97626656919438
dark,58.97626656919438
sick,56.34279353495432
fair,56.34279353495432
second,56.34279353495432
outsid,43.48670513396068
wrong,43.48670513396068
phantom,43.48670513396068
better,43.48670513396068
insan,43.48670513396068
tight,43.48670513396068
cold,43.48670513396068
deep,41.25594237073439
hot,41.25594237073439
mine,41.25594237073439
frozen,28.17139676747716
handsom,28.17139676747716
blind,28.17139676747716
soul,28.17139676747716
gray,28.17139676747716
wick,28.17139676747716
precious,28.17139676747716
real,28.17139676747716
tall,28.17139676747716
silver,28.17139676747716
wise,28.17139676747716
solid,28.17139676747716
loud,28.17139676747716
foolish,28.17139676747716
clear,28.17139676747716
prime,28.17139676747716
dead,28.17139676747716
aw,28.17139676747716
quiet,28.17139676747716
moral,28.17139676747716
useless,28.17139676747716
