WORD,VALUE,
new,354.4141573984099
true,280.49110171013126
littl,264.58417367886176
low,212.19803399058463
poor,185.16689772121586
free,185.16689772121586
hard,180.73522950075176
bad,169.31566145797424
big,137.66187284552976
black,137.66187284552976
last,125.91700857061794
best,121.86645821920243
stuck,121.86645821920243
lay,118.13805246613664
leopard-skin,106.09901699529232
sweet,102.59329298488092
high,97.70873552713482
right,94.18583696152331
mani,90.36761475037588
readi,90.36761475037588
tire,87.11254588503606
old,87.11254588503606
next,84.65331816215374
long,84.65331816215374
great,74.68441233103624
full,74.68441233103624
white,69.50746501195094
sad,69.50746501195094
bright,69.50746501195094
alon,69.50746501195094
whole,67.72783343625022
complet,59.06902623306832
dark,59.06902623306832
sick,56.43554544143582
fair,56.43554544143582
second,56.43554544143582
outsid,43.55627294251803
wrong,43.55627294251803
phantom,43.55627294251803
better,43.55627294251803
insan,43.55627294251803
tight,43.55627294251803
cold,43.55627294251803
deep,41.32550242189931
hot,41.32550242189931
mine,41.32550242189931
frozen,28.21777272071791
handsom,28.21777272071791
blind,28.21777272071791
soul,28.21777272071791
gray,28.21777272071791
wick,28.21777272071791
precious,28.21777272071791
real,28.21777272071791
tall,28.21777272071791
silver,28.21777272071791
wise,28.21777272071791
solid,28.21777272071791
loud,28.21777272071791
foolish,28.21777272071791
clear,28.21777272071791
prime,28.21777272071791
dead,28.21777272071791
aw,28.21777272071791
quiet,28.21777272071791
moral,28.21777272071791
useless,28.21777272071791
