WORD,VALUE,
god-fearing,30.281672981465533
low-down,30.281672981465533
