WORD,VALUE,
senor,233.26128691704287
others,90.8450189443966
bos,30.281672981465533
