WORD,VALUE,
senor,239.53369539663785
neath,30.281672981465533
