WORD,VALUE,
saw,175.92359822894215
waylay,30.281672981465533
