WORD,VALUE,
shine,257.05561809862957
saw,151.6344610030587
curse,44.81707853007398
betray,36.281866755583614
amuse,23.36869255442087
