WORD,VALUE,
long,531.6032054454233
last,252.63331056460115
dead,204.01705678039005
old,199.44233752808236
wrong,187.92325610219666
scarlet,187.92325610219666
narrow,168.05786292595545
hard,167.5645751460474
bright,164.1793310498806
mani,155.77658783093585
high,145.72881198010666
new,141.3115224980216
black,139.7291235904574
right,126.04339719446658
dark,123.70400641877902
true,107.70686264951786
best,107.70686264951786
sad,101.51908484710614
whole,99.31636469166497
blue,99.31636469166497
readi,91.74575785925036
bad,91.74575785925036
sweet,88.49061683067875
deep,88.49061683067875
hot,88.49061683067875
wide,75.8328528945597
cold,75.8328528945597
littl,75.8328528945597
golden,75.8328528945597
low,72.86440599005333
better,59.98776425124071
great,59.98776425124071
blind,59.98776425124071
clear,59.98776425124071
mine,57.35421129637642
cheer,44.24530841533937
mad,44.24530841533937
poor,44.24530841533937
tough,44.24530841533937
tight,44.24530841533937
thick,44.24530841533937
late,44.24530841533937
short,42.01446573148886
free,28.67710564818821
broad,28.67710564818821
quick,28.67710564818821
extra,28.67710564818821
wretch,28.67710564818821
wild,28.67710564818821
straight,28.67710564818821
least,28.67710564818821
barren,28.67710564818821
skill,28.67710564818821
full,28.67710564818821
wet,28.67710564818821
indian,28.67710564818821
warm,28.67710564818821
big,28.67710564818821
cheap,28.67710564818821
scatter,28.67710564818821
pale,28.67710564818821
dull,28.67710564818821
earth,28.67710564818821
dearer,28.67710564818821
