WORD,VALUE,
dum,150.80010994091626
kings,124.52814813737507
workingman,57.76623750353693
others,55.84425711846798
bos,44.55434295475559
overdrive,28.883118751768464
