WORD,VALUE,
scarlet,127.00474272547929
po,85.63344230061409
heaven,41.91923508215386
