WORD,VALUE,
dum,162.4638209541125
kings,124.52814813737507
