WORD,VALUE,
merry,18.675615833659993
mystic,11.073353371196308
honest,10.03612643399662
sorry,10.00669563598399
fourth,8.738874007784203
loyal,7.634268653169116
newborn,7.115996982259126
Old,5.702499560770791
cheerful,4.369437003892101
meek,4.369437003892101
motherless,4.369437003892101
