WORD,VALUE,
special,11.374705562783696
mystic,11.051630391715547
fourth,8.718067392488747
cherry,8.718067392488747
honest,8.530862563674916
loyal,7.618205509604872
newborn,7.096106731148972
cheerful,4.359033696244373
meek,4.359033696244373
joyful,4.359033696244373
motherless,4.359033696244373
