WORD,VALUE,
christmas,109.47086961196464
santa,88.73558926109466
beyond,47.776217053715044
levee,47.4454336695537
horizon,40.577716455833
dixie,36.72968092946429
merry,36.445106467522535
everywhere,32.580837017817686
adore,29.73577469776692
yearn,26.294626080457306
walking,26.294626080457306
claus,25.57335678633174
happiness,22.144009265419584
beard,21.879935520549665
born,19.56082335818225
stuff,16.290418508908843
cap,15.26654260057509
coulee,14.613370772549672
special,14.386828748853096
christ,14.22952370327825
mystic,11.072004632709792
tennessee,11.072004632709792
dam,11.072004632709792
tumble,11.072004632709792
urge,11.072004632709792
better,10.034539917771676
says,10.034539917771676
cherry,10.034539917771676
vine,8.737582073230945
kansas,8.737582073230945
shepherd,8.737582073230945
sam,8.737582073230945
fourth,8.737582073230945
choir,8.737582073230945
honest,8.553966574224596
loyal,7.633271300287545
shuffle,7.633271300287545
present,7.633271300287545
washington,7.633271300287545
southern,7.633271300287545
mississippi,7.633271300287545
state,7.633271300287545
silently,7.633271300287545
hog,7.114761851639125
eve,7.114761851639125
newborn,7.114761851639125
moore,7.114761851639125
island,5.701559011822473
stray,5.701559011822473
bowl,5.701559011822473
pile,5.701559011822473
cadillac,5.701559011822473
brag,5.701559011822473
vanish,4.368791036615472
cheerful,4.368791036615472
holiday,4.368791036615472
melt,4.368791036615472
meek,4.368791036615472
lawyer,4.368791036615472
goodness,4.368791036615472
romeo,4.368791036615472
joyful,4.368791036615472
crave,4.368791036615472
nancy,4.368791036615472
policeman,4.368791036615472
plea,4.368791036615472
nod,4.368791036615472
mill,4.368791036615472
harmony,4.368791036615472
blessing,4.368791036615472
blossom,4.368791036615472
enter,4.368791036615472
cash,4.368791036615472
landscape,4.368791036615472
motherless,4.368791036615472
sidewalk,4.368791036615472
tease,4.368791036615472
1,4.368791036615472
gutter,4.368791036615472
