WORD,VALUE,
christma,109.24464019573435
santa,88.57363515180602
beyond,47.65823834188483
leve,47.352863071914676
horizon,40.503046993156836
dixi,36.650747156703154
merri,36.37145864578795
everywher,32.498660575913185
ador,29.669456108942086
claus,29.239004767759276
yearn,26.234615083600616
beard,21.83680401771423
stuff,16.249330287956592
cap,15.230740330649393
coule,14.582854453650532
christ,12.879665330999934
special,11.424023349421429
burnin,11.047795905778797
tennesse,11.047795905778797
dam,11.047795905778797
foolin,11.047795905778797
urg,11.047795905778797
cherri,10.006066880755725
vine,8.714394987241546
island,8.714394987241546
kansa,8.714394987241546
shepherd,8.714394987241546
sam,8.714394987241546
fourth,8.714394987241546
choir,8.714394987241546
tumbl,8.714394987241546
honest,8.526515178150243
loyal,7.615370165324697
present,7.615370165324697
washington,7.615370165324697
dancin,7.615370165324697
southern,7.615370165324697
pile,7.615370165324697
mississippi,7.615370165324697
mystic,7.092596406591321
hog,7.092596406591321
eve,7.092596406591321
newborn,7.092596406591321
state,7.092596406591321
moor,7.092596406591321
stray,5.684679517801223
bear,5.684679517801223
cadillac,5.684679517801223
brag,5.684679517801223
ringin,5.684679517801223
spread,4.357197493620773
paintin,4.357197493620773
holiday,4.357197493620773
meek,4.357197493620773
lawyer,4.357197493620773
romeo,4.357197493620773
heav,4.357197493620773
nanci,4.357197493620773
plea,4.357197493620773
nod,4.357197493620773
shuffl,4.357197493620773
mill,4.357197493620773
blossom,4.357197493620773
enter,4.357197493620773
cash,4.357197493620773
landscap,4.357197493620773
motherless,4.357197493620773
sidewalk,4.357197493620773
1,4.357197493620773
continu,4.357197493620773
unload,4.357197493620773
gutter,4.357197493620773
