WORD,VALUE,
christma,109.24464019573435
santa,88.57363515180602
leve,47.352863071914676
horizon,40.503046993156836
shake,37.26231976079612
dixi,36.650747156703154
claus,29.239004767759276
yearn,29.165708907301063
happi,22.095591811557593
beard,21.83680401771423
stuff,16.249330287956592
cap,15.230740330649393
coule,14.582854453650532
christ,12.879665330999934
someday,12.879665330999934
grand,11.914559585471208
born,11.914559585471208
turn,11.424023349421429
burnin,11.047795905778797
tennesse,11.047795905778797
dam,11.047795905778797
foolin,11.047795905778797
urg,11.047795905778797
better,10.006066880755725
cherri,10.006066880755725
rise,9.97213399491971
plenti,9.97213399491971
island,8.714394987241546
kansa,8.714394987241546
sam,8.714394987241546
choir,8.714394987241546
high,8.526515178150243
deal,8.526515178150243
washington,7.615370165324697
dancin,7.615370165324697
mississippi,7.615370165324697
hog,7.092596406591321
moor,7.092596406591321
vine,5.684679517801223
shepherd,5.684679517801223
fallin,5.684679517801223
cadillac,5.684679517801223
ringin,5.684679517801223
paintin,4.357197493620773
holiday,4.357197493620773
lawyer,4.357197493620773
romeo,4.357197493620773
nanci,4.357197493620773
bear,4.357197493620773
southern,4.357197493620773
pile,4.357197493620773
mill,4.357197493620773
harmoni,4.357197493620773
bless,4.357197493620773
blossom,4.357197493620773
cash,4.357197493620773
landscap,4.357197493620773
sidewalk,4.357197493620773
gutter,4.357197493620773
