WORD,VALUE,
Christmas,109.48347325181476
Santa,88.74461167895667
levee,47.45059084576134
horizon,40.58187627915907
Dixie,36.73407853052878
yearning,29.230141793282268
Claus,25.57611106723803
shake,25.57611106723803
beard,21.88233841585101
stuff,16.292707796343674
happiness,15.268537306338231
Train,15.268537306338231
Coulee,14.615070896641134
turn,14.389061232354672
Heart,14.389034895095582
Christ,14.231993964518251
Shake,13.108311011676307
Someday,12.925388037460689
Grand,11.94569758358696
Born,11.94569758358696
rise,11.404999121541582
Tennessee,11.073353371196308
Glory,11.073353371196308
Winter,11.073353371196308
foolin,11.073353371196308
urge,11.073353371196308
Better,10.03612643399662
Thunder,10.03612643399662
cherry,10.03612643399662
suit,10.00669563598399
Kansas,8.738874007784203
Sam,8.738874007784203
choir,8.738874007784203
High,8.555496286516288
deal,8.555496286516288
Washington,7.634268653169116
dancin,7.634268653169116
Mississippi,7.634268653169116
hog,7.115996982259126
Moore,7.115996982259126
cap,5.702499560770791
walking,5.702499560770791
bowl,5.702499560770791
shepherd,5.702499560770791
fallin,5.702499560770791
Cadillac,5.702499560770791
ringin,5.702499560770791
burnin,4.369437003892101
watch,4.369437003892101
paintin,4.369437003892101
holiday,4.369437003892101
lawyer,4.369437003892101
Pray,4.369437003892101
Romeo,4.369437003892101
Dam,4.369437003892101
Peace,4.369437003892101
Lane,4.369437003892101
Jump,4.369437003892101
Water,4.369437003892101
Nancy,4.369437003892101
bear,4.369437003892101
Southern,4.369437003892101
Eve,4.369437003892101
policeman,4.369437003892101
pile,4.369437003892101
mill,4.369437003892101
harmony,4.369437003892101
blessing,4.369437003892101
blossom,4.369437003892101
cash,4.369437003892101
landscape,4.369437003892101
sidewalk,4.369437003892101
gutter,4.369437003892101
thanks,4.369437003892101
state,4.369437003892101
