WORD,VALUE,
rain,36.38312418428775
adore,29.679960425095757
yearn,29.175376162487716
walking,22.854616528814617
born,19.520934436445806
tumble,11.051630391715547
says,10.01057634696995
split,5.687352781391848
part,5.687352781391848
vanish,4.359033696244373
study,4.359033696244373
melt,4.359033696244373
behold,4.359033696244373
crave,4.359033696244373
enter,4.359033696244373
living,4.359033696244373
tease,4.359033696244373
