WORD,VALUE,
dandy,40.45528679592342
ready,31.826044099494926
broken,28.555081174766332
clean-cut,19.50186626142929
pure,18.974847198009048
glad,17.6620807822984
grateful,5.942187860082109
evil,4.479601671358546
solid,3.6851303683949754
east,3.6851303683949754
foggy,2.9710939300410546
angry,2.9710939300410546
fiery,2.9710939300410546
impossible,2.9710939300410546
