WORD,VALUE,
broken,34.40147625703818
satan,22.444295359907215
maybe,19.861242503309274
never,12.536600145083044
late,10.87877695681124
rock,10.87877695681124
sure,8.369694480558582
jesus,8.15492379185607
made,8.116376386692696
bridge,5.4566086239917855
unto,5.4566086239917855
ooh,4.479601671358546
west,4.479601671358546
'd,3.6851303683949754
wherever,2.9710939300410546
london,2.9710939300410546
