WORD,VALUE,
maybe,15.815202949708619
broken,13.160055698659535
god,10.621912293181769
lord,6.3749681691588815
rock,3.2320095497771764
west,0.8446429095224177
tomorrow,0.673428385848295
everything,0.5738341235067161
london,0.42232145476120886
far,0.42232145476120886
st.,0.28691706175335807
