WORD,VALUE,
thank,37.42360822955873
wanted,32.739651743950716
ring,27.08383062169166
knows,25.97252697471351
trust,24.57373519735009
remember,20.55558681321773
saved,16.232752773385393
rose,16.232752773385393
handle,13.708993848301493
given,12.536600145083044
seeing,10.913217247983571
drown,10.87877695681124
supposed,10.600149714181875
sees,9.775643740161241
broken,8.959203342717093
crippled,8.116376386692696
dare,6.6204141677697566
arise,5.942187860082109
survive,5.4566086239917855
drank,5.4566086239917855
intend,5.4566086239917855
wander,5.4566086239917855
fail,3.6851303683949754
deserve,3.6851303683949754
bought,3.6851303683949754
passing,3.6851303683949754
drum,3.6851303683949754
breakin,3.6851303683949754
stumble,3.6851303683949754
keeping,3.6851303683949754
denied,3.6851303683949754
bleed,3.6851303683949754
danced,2.9710939300410546
following,2.9710939300410546
hearing,2.9710939300410546
pressed,2.9710939300410546
spoken,2.9710939300410546
showing,2.9710939300410546
mount,2.9710939300410546
haunted,2.9710939300410546
join,2.9710939300410546
leads,2.9710939300410546
