WORD,VALUE,
weary,44.47324831744314
countless,22.23662415872157
sly,22.23662415872157
