WORD,VALUE,
weary,44.43578312257753
countless,22.217891561288766
sly,22.217891561288766
