WORD,VALUE,
a-gonna,398.3226009054206
a-changin,77.10986088198288
