WORD,VALUE,
plow,97.85997758515879
chime,85.09363627368442
disgrace,69.11058374130626
freight,66.65367468386629
farewell,59.681231434299846
lonesome,54.508921446099265
hang,42.51622333427442
heed,34.55529187065313
rambling,34.55529187065313
hater,34.55529187065313
sorrow,32.32684001547677
coyote,22.217891561288766
shatter,22.217891561288766
doorway,22.217891561288766
gambler,22.217891561288766
cavalry,22.217891561288766
