WORD,VALUE,
corrina,138.09891116100147
evers,29.18786619316016
