WORD,VALUE,
gaze,85.09363627368442
saw,81.59023092871537
wan,44.43578312257753
crow,34.55529187065313
jerk,22.217891561288766
