WORD,VALUE,
devil,153.86406477524818
de,31.868995851480257
daddy,20.427590301335556
sleet,20.427590301335556
corazon,20.427590301335556
