WORD,VALUE,
wan,873.694751990709
saw,773.3694433677113
fell,522.0452048476146
pity,58.00011429901831
baptize,20.564010897307853
waylay,20.564010897307853
