WORD,VALUE,
readi,62.62333940129742
slow,24.651815864707707
glad,24.407437374585236
unto,16.07642369549179
grate,9.262775531793984
cool,6.084408652208685
solid,6.084408652208685
east,6.084408652208685
angri,4.631387765896992
unknown,4.631387765896992
content,4.631387765896992
innoc,4.631387765896992
