WORD,VALUE,
readi,64.13414216633308
slow,24.54146593966785
glad,24.30342729786029
unto,16.024889575207876
grate,9.229319120297676
cool,6.059991095106174
solid,6.059991095106174
east,6.059991095106174
angri,4.614659560148838
unknown,4.614659560148838
content,4.614659560148838
innoc,4.614659560148838
