WORD,VALUE,
ready,62.93733839061994
glad,24.544007959889313
grateful,9.30669263320666
solid,6.116466479084314
secret,4.65334631660333
angry,4.65334631660333
smooth,4.65334631660333
innocent,4.65334631660333
