WORD,VALUE,
ready,62.44281657737976
glad,24.3289350441026
grateful,9.23752486179368
solid,6.065979556425362
secret,4.61876243089684
angry,4.61876243089684
smooth,4.61876243089684
innocent,4.61876243089684
