WORD,VALUE,
ready,62.99945424026239
slow,24.825397945818334
glad,24.57102829294955
unto,16.15743679863352
Dead,11.673999937994921
grateful,9.315379858777558
cool,6.122808591113175
solid,6.122808591113175
east,6.122808591113175
True,6.122808591113175
angry,4.657689929388779
innocent,4.657689929388779
