WORD,VALUE,
wan,107.56782854405532
troubl,87.05629456527467
stop,77.61980914053683
wake,70.26684266142952
readi,64.13414216633308
may,63.62868999454509
serv,58.266286548053216
shot,50.76125516163721
shine,46.260420893708584
unto,42.71982761582838
lord,42.30505793930816
save,37.96558591715869
begin,34.390969137047335
given,25.138192548557036
jesus,24.037334362811812
devil,23.073297800744186
power,22.74712266959054
press,21.764073641318667
thank,21.401988209110648
lamb,19.56492168070772
poni,19.00164161242675
waitin,16.024889575207876
resent,15.25915418743213
groom,15.25915418743213
grace,13.843978680446515
ago,12.119982190212347
grain,11.584483083809216
crippl,11.584483083809216
heal,10.638840524588742
altar,10.638840524588742
grate,9.229319120297676
aris,9.229319120297676
betray,9.229319120297676
stripe,9.229319120297676
foundat,9.229319120297676
dare,9.137525777008968
loyalti,8.012444787603938
themselv,8.012444787603938
infin,8.012444787603938
master,7.5857574946731585
intend,6.059991095106174
bought,6.059991095106174
deceiv,6.059991095106174
solid,6.059991095106174
destruct,4.614659560148838
judgment,4.614659560148838
tattoo,4.614659560148838
amus,4.614659560148838
danger,4.614659560148838
despair,4.614659560148838
decay,4.614659560148838
angri,4.614659560148838
afford,4.614659560148838
mock,4.614659560148838
smooth,4.614659560148838
mortal,4.614659560148838
mercuri,4.614659560148838
lion,4.614659560148838
sacrific,4.614659560148838
content,4.614659560148838
vaniti,4.614659560148838
captur,4.614659560148838
accid,4.614659560148838
haze,4.614659560148838
