WORD,VALUE,
wan,107.93989757963305
troubl,87.36010127482035
stop,77.91686833488527
wake,70.48336749999842
may,63.92493385512888
readi,62.62333940129742
serv,58.46203467175562
shot,50.94526542486692
shine,46.47208188939448
unto,42.85001241957761
lord,42.50633057756082
save,36.50645191325211
begin,34.55379501852822
given,25.223183080337265
jesus,24.114635543237686
devil,23.156938829484965
press,21.840025318705088
thank,21.496959431441788
power,21.307760520291286
lamb,19.62549465538543
poni,19.05452523575011
waitin,16.07642369549179
resent,15.302998956361686
groom,15.302998956361686
grace,13.894163297690977
ago,12.16881730441737
grain,11.619288998344974
crippl,11.619288998344974
altar,10.679986287439405
grate,9.262775531793984
aris,9.262775531793984
betray,9.262775531793984
stripe,9.262775531793984
foundat,9.262775531793984
heal,9.177322036820184
dare,9.177322036820184
loyalti,8.038211847745895
themselv,8.038211847745895
infin,8.038211847745895
master,7.617864403130024
intend,6.084408652208685
bought,6.084408652208685
solid,6.084408652208685
destruct,4.631387765896992
judgment,4.631387765896992
tattoo,4.631387765896992
amus,4.631387765896992
danger,4.631387765896992
despair,4.631387765896992
decay,4.631387765896992
angri,4.631387765896992
afford,4.631387765896992
mock,4.631387765896992
smooth,4.631387765896992
mortal,4.631387765896992
mercuri,4.631387765896992
lion,4.631387765896992
sacrific,4.631387765896992
content,4.631387765896992
vaniti,4.631387765896992
captur,4.631387765896992
accid,4.631387765896992
