WORD,VALUE,
shot,62.034047015601274
beginning,61.21293183246489
trouble,50.57815787636268
stop,49.862402623925604
Lord,47.77936764931296
Trouble,42.43209741116542
Baby,26.609735327130004
Jesus,24.236155197950282
power,21.447155887830174
dead,20.034066365844417
lamb,19.720712146606246
pony,19.137644951558215
'cause,16.15743679863352
grace,16.15743679863352
waitin,16.15743679863352
bend,15.38587611369041
Rock,15.371914284090712
Might,13.781362460662946
altar,12.678400255231281
Nothin,12.678400255231281
grain,11.673999937994921
foundation,11.673999937994921
West,10.744688389835684
faith,9.239917526550089
risin,9.239917526550089
Unto,8.07871839931676
Fools,8.07871839931676
calling,8.07871839931676
infinity,8.07871839931676
set,6.122808591113175
Made,6.122808591113175
destruction,4.657689929388779
judgment,4.657689929388779
confession,4.657689929388779
despair,4.657689929388779
Master,4.657689929388779
decay,4.657689929388779
loyalty,4.657689929388779
lion,4.657689929388779
vanity,4.657689929388779
accident,4.657689929388779
True,4.657689929388779
