WORD,VALUE,
troubl,87.36010127482035
shot,61.746287929272455
begin,60.949368296961495
stop,50.12933936642461
lord,42.50633057756082
jesus,24.114635543237686
devil,23.156938829484965
power,21.307760520291286
dead,19.916759936464572
lamb,19.62549465538543
poni,19.05452523575011
rock,18.253225956626054
grace,16.07642369549179
waitin,16.07642369549179
bend,15.294871847802344
might,12.325907932353854
west,12.325907932353854
grain,11.619288998344974
stripe,11.619288998344974
foundat,11.619288998344974
faith,10.748479715720894
altar,10.679986287439405
unto,8.038211847745895
loyalti,8.038211847745895
infin,8.038211847745895
master,7.617864403130024
set,6.084408652208685
made,6.084408652208685
destruct,4.631387765896992
judgment,4.631387765896992
confess,4.631387765896992
despair,4.631387765896992
decay,4.631387765896992
mercuri,4.631387765896992
lion,4.631387765896992
vaniti,4.631387765896992
accid,4.631387765896992
true,4.631387765896992
