WORD,VALUE,
troubl,87.05629456527467
shot,61.56321950219988
begin,60.78167857259763
stop,49.981076853887785
lord,42.30505793930816
jesus,24.037334362811812
devil,23.073297800744186
power,22.74712266959054
dead,19.842157762117594
lamb,19.56492168070772
poni,19.00164161242675
rock,18.179973285318525
grace,16.024889575207876
waitin,16.024889575207876
bend,15.236997879203528
might,12.270732969833926
west,12.270732969833926
grain,11.584483083809216
stripe,11.584483083809216
foundat,11.584483083809216
faith,10.700994104555324
ya,10.638840524588742
altar,10.638840524588742
unto,8.012444787603938
loyalti,8.012444787603938
infin,8.012444787603938
master,7.5857574946731585
set,6.059991095106174
made,6.059991095106174
destruct,4.614659560148838
judgment,4.614659560148838
confess,4.614659560148838
despair,4.614659560148838
decay,4.614659560148838
mercuri,4.614659560148838
lion,4.614659560148838
vaniti,4.614659560148838
accid,4.614659560148838
true,4.614659560148838
haze,4.614659560148838
