WORD,VALUE,
Lord,47.77936764931296
Baby,26.609735327130004
Jesus,24.236155197950282
Rock,15.371914284090712
Nothin,15.371914284090712
Might,13.781362460662946
Unto,8.07871839931676
West,7.668362117447222
Made,6.122808591113175
True,4.657689929388779
