WORD,VALUE,
lord,47.24762177484028
babi,26.37134023845742
jesus,24.037334362811812
devil,23.073297800744186
ya,15.25915418743213
rock,15.25915418743213
nothin,15.25915418743213
might,13.635940341881883
unto,8.012444787603938
ooh,7.5857574946731585
west,7.5857574946731585
made,6.059991095106174
true,4.614659560148838
