WORD,VALUE,
lord,47.725673597491124
jesus,24.21608901896782
west,19.704989580409233
risin,15.360535330679156
