WORD,VALUE,
lord,47.29830557771925
jesus,24.056294815586273
west,19.579779262734174
risin,15.269908898710584
