WORD,VALUE,
lord,47.45429242525073
babi,26.464020121591993
jesus,24.114635543237686
devil,23.156938829484965
rock,15.302998956361686
nothin,15.302998956361686
might,13.692464807441254
unto,8.038211847745895
west,7.617864403130024
made,6.084408652208685
true,4.631387765896992
