WORD,VALUE,
wan,106.33905368574001
wake,76.29577093716065
serv,60.608218103337734
shine,46.260420893708584
thank,34.753449251427654
stop,32.41750840644696
given,25.138192548557036
press,24.037334362811812
rose,23.168966167618432
crippl,11.584483083809216
heal,10.638840524588742
aris,9.229319120297676
betray,9.229319120297676
dare,9.137525777008968
intend,8.012444787603938
bought,6.059991095106174
deceiv,6.059991095106174
wink,4.614659560148838
confus,4.614659560148838
amus,4.614659560148838
afford,4.614659560148838
