WORD,VALUE,
wan,106.70343336996342
wake,76.51499478180844
serv,60.80531573007959
shine,46.47208188939448
thank,34.857866995034925
stop,32.56630508825858
given,25.223183080337265
press,24.114635543237686
rose,23.238577996689948
crippl,11.619288998344974
aris,9.262775531793984
betray,9.262775531793984
heal,9.177322036820184
dare,9.177322036820184
intend,8.038211847745895
bought,6.084408652208685
wink,4.631387765896992
confus,4.631387765896992
amus,4.631387765896992
afford,4.631387765896992
