WORD,VALUE,
younger,21.984205714304824
older,18.311577107284915
blue-ey,14.687148325841818
fast,7.676556213116665
north,5.742389876786197
drunk,5.742389876786197
deepest,4.396829629213087
countless,4.396829629213087
bare,4.396829629213087
western,4.396829629213087
spanish,4.396829629213087
weird,4.396829629213087
silent,4.396829629213087
