WORD,VALUE,
younger,22.123239199078373
older,18.430286114149393
blue-ey,14.78553285479722
fast,7.734291786253918
north,5.796887589333476
drunk,5.796887589333476
deepest,4.434240724441265
countless,4.434240724441265
bare,4.434240724441265
western,4.434240724441265
spanish,4.434240724441265
weird,4.434240724441265
silent,4.434240724441265
