WORD,VALUE,
younger,22.091469274934532
older,18.40315995529736
blue-eyed,14.763050461236997
fast,7.721096923277322
drunk,5.78442915925572
deepest,4.425689626756482
bare,4.425689626756482
Spanish,4.425689626756482
weird,4.425689626756482
silent,4.425689626756482
restless,4.425689626756482
