WORD,VALUE,
babe,54.86157758666031
ocean,23.106950428746842
york,18.835677164951015
oxford,18.835677164951015
disgrace,18.364547955264914
freedom,17.654080567362293
gal,16.448922228653778
chime,16.448922228653778
gaze,16.448922228653778
flash,15.90300062541908
blue-eyed,14.731049089983687
farewell,14.731049089983687
william,14.731049089983687
seven,14.400632718350302
week,11.165366546074168
scream,10.14441082937734
twice,10.14441082937734
pawn,10.14441082937734
accept,8.827040283681146
chase,8.659933782916086
darling,8.659933782916086
roar,7.702316809582282
poet,7.702316809582282
court,7.702316809582282
afternoon,7.702316809582282
level,7.702316809582282
middle,7.200316359175151
rat,7.200316359175151
toll,7.200316359175151
leaving,5.766700818203038
exist,5.766700818203038
duck,5.766700818203038
bullet,5.766700818203038
trace,4.413520141840573
define,4.413520141840573
ladder,4.413520141840573
a-goin,4.413520141840573
youth,4.413520141840573
countless,4.413520141840573
bare,4.413520141840573
sleeve,4.413520141840573
a-cryin,4.413520141840573
dakota,4.413520141840573
nighttime,4.413520141840573
anytime,4.413520141840573
stove,4.413520141840573
western,4.413520141840573
spanish,4.413520141840573
liberty,4.413520141840573
borderline,4.413520141840573
weird,4.413520141840573
tennis,4.413520141840573
club,4.413520141840573
immediately,4.413520141840573
travelin,4.413520141840573
memorize,4.413520141840573
politics,4.413520141840573
equality,4.413520141840573
confusion,4.413520141840573
noble,4.413520141840573
silent,4.413520141840573
restless,4.413520141840573
rattle,4.413520141840573
o'clock,4.413520141840573
cadillac,4.413520141840573
