WORD,VALUE,
babe,55.144512920905214
toll,33.62578775045026
blowin,27.554789421280272
ocean,23.202875358761755
younger,22.123239199078373
met,21.86555363422608
gaze,18.910881512365233
york,18.910881512365233
oxford,18.910881512365233
disgrac,18.430286114149393
older,18.430286114149393
freedom,17.73696289776506
gal,16.5223383705268
chime,16.5223383705268
flash,15.984094750280647
blue-ey,14.78553285479722
farewel,14.78553285479722
seven,14.479938637670669
children,13.167697606090988
william,12.110524437220924
week,11.208595916816751
twice,10.19531818310847
pawn,10.19531818310847
pound,10.189836588587244
critic,10.189836588587244
accept,8.86848144888253
chase,8.709052931106015
darl,8.709052931106015
scream,8.709052931106015
roar,7.734291786253918
listenin,7.734291786253918
poet,7.734291786253918
court,7.734291786253918
afternoon,7.734291786253918
callin,7.734291786253918
level,7.734291786253918
middl,7.2399693188353345
rat,7.2399693188353345
exist,7.2399693188353345
forsak,5.796887589333476
wishin,5.796887589333476
crow,5.796887589333476
duck,5.796887589333476
equal,5.796887589333476
trace,4.434240724441265
defin,4.434240724441265
ladder,4.434240724441265
a-goin,4.434240724441265
deepest,4.434240724441265
countless,4.434240724441265
sleev,4.434240724441265
a-cryin,4.434240724441265
louder,4.434240724441265
dakota,4.434240724441265
nighttim,4.434240724441265
anytim,4.434240724441265
stove,4.434240724441265
western,4.434240724441265
spanish,4.434240724441265
gamblin,4.434240724441265
liberti,4.434240724441265
borderlin,4.434240724441265
weird,4.434240724441265
tenni,4.434240724441265
club,4.434240724441265
immedi,4.434240724441265
travelin,4.434240724441265
memor,4.434240724441265
nobl,4.434240724441265
rattl,4.434240724441265
dreamt,4.434240724441265
o'clock,4.434240724441265
cadillac,4.434240724441265
