WORD,VALUE,
babe,32.31163395909089
blowin,27.554789421280272
ocean,23.202875358761755
use,22.417191833633503
gal,22.123239199078373
york,18.910881512365233
oxford,18.910881512365233
disgrac,18.430286114149393
freedom,17.73696289776506
farewel,14.78553285479722
toll,13.302722173323797
children,13.167697606090988
new,13.027048660271358
though,12.110524437220924
william,12.110524437220924
week,11.208595916816751
pawn,10.19531818310847
south,8.86848144888253
darl,8.709052931106015
walkin,8.709052931106015
listenin,7.734291786253918
poet,7.734291786253918
crow,7.734291786253918
afternoon,7.734291786253918
callin,7.734291786253918
level,7.734291786253918
middl,7.2399693188353345
rat,7.2399693188353345
number,5.796887589333476
question,5.796887589333476
ladder,4.434240724441265
roar,4.434240724441265
a-goin,4.434240724441265
youth,4.434240724441265
sleev,4.434240724441265
a-cryin,4.434240724441265
dakota,4.434240724441265
stove,4.434240724441265
gamblin,4.434240724441265
liberti,4.434240724441265
fair,4.434240724441265
borderlin,4.434240724441265
pretti,4.434240724441265
tenni,4.434240724441265
court,4.434240724441265
club,4.434240724441265
travelin,4.434240724441265
second,4.434240724441265
polit,4.434240724441265
equal,4.434240724441265
confus,4.434240724441265
shift,4.434240724441265
kinda,4.434240724441265
cadillac,4.434240724441265
