WORD,VALUE,
babe,31.963425891528907
blowin,27.34417160664034
ocean,23.029668639350003
use,22.261071731540852
gal,21.984205714304824
york,18.77508588818166
oxford,18.77508588818166
disgrac,18.311577107284915
freedom,17.58731851685235
farewel,14.687148325841818
toll,13.190488887639264
children,13.027766806948193
new,12.900966617857696
though,12.015377768855494
william,12.015377768855494
week,11.130535865770426
pawn,10.103409375333012
south,8.793659258426175
darl,8.620381983920531
walkin,8.620381983920531
poet,7.676556213116665
crow,7.676556213116665
afternoon,7.676556213116665
callin,7.676556213116665
level,7.676556213116665
middl,7.168384988968951
rat,7.168384988968951
number,5.742389876786197
question,5.742389876786197
ladder,4.396829629213087
roar,4.396829629213087
a-goin,4.396829629213087
youth,4.396829629213087
sleev,4.396829629213087
a-cryin,4.396829629213087
dakota,4.396829629213087
stove,4.396829629213087
sailin,4.396829629213087
gamblin,4.396829629213087
liberti,4.396829629213087
fair,4.396829629213087
borderlin,4.396829629213087
pretti,4.396829629213087
tenni,4.396829629213087
court,4.396829629213087
club,4.396829629213087
travelin,4.396829629213087
second,4.396829629213087
polit,4.396829629213087
equal,4.396829629213087
confus,4.396829629213087
shift,4.396829629213087
kinda,4.396829629213087
cadillac,4.396829629213087
