WORD,VALUE,
york,18.77508588818166
new,12.900966617857696
though,12.015377768855494
william,12.015377768855494
south,7.676556213116665
dakota,4.396829629213087
black,4.396829629213087
pretti,4.396829629213087
thought,4.396829629213087
cadillac,4.396829629213087
