WORD,VALUE,
York,18.87984802112023
William,14.763050461236997
New,12.998224467722878
Though,12.088778476559547
South,7.721096923277322
Dakota,4.425689626756482
Black,4.425689626756482
Pretty,4.425689626756482
Thought,4.425689626756482
Cadillac,4.425689626756482
