WORD,VALUE,
met,21.6369518878978
lookin,20.206818750666024
gaze,18.77508588818166
chime,16.389780606933193
flash,15.35311242623333
chase,12.015377768855494
pound,10.103409375333012
blame,10.103409375333012
accept,8.793659258426175
forsak,5.742389876786197
exist,5.742389876786197
land,5.742389876786197
block,4.396829629213087
defin,4.396829629213087
clean,4.396829629213087
memor,4.396829629213087
rattl,4.396829629213087
dreamt,4.396829629213087
