WORD,VALUE,
flash,25.763984315974664
gaze,16.448922228653778
chase,12.057828877948598
blame,10.14441082937734
accept,8.827040283681146
leaving,5.766700818203038
exist,5.766700818203038
swim,5.766700818203038
block,4.413520141840573
define,4.413520141840573
clean,4.413520141840573
memorize,4.413520141840573
