WORD,VALUE,
met,21.86555363422608
lookin,20.39063636621694
gaze,18.910881512365233
chime,16.5223383705268
flash,15.468583572507836
chase,12.110524437220924
pound,10.19531818310847
blame,10.19531818310847
accept,8.86848144888253
forsak,5.796887589333476
exist,5.796887589333476
land,5.796887589333476
block,4.434240724441265
defin,4.434240724441265
clean,4.434240724441265
memor,4.434240724441265
rattl,4.434240724441265
dreamt,4.434240724441265
