WORD,VALUE,
flash,25.808008148299315
gaze,16.48554424380208
chase,12.084115113181301
blame,10.16980349372262
accept,8.84771184351234
leaving,5.7817577026327225
exist,5.7817577026327225
swim,5.7817577026327225
block,4.42385592175617
define,4.42385592175617
clean,4.42385592175617
memorize,4.42385592175617
