WORD,VALUE,
unkind,24.591451251605967
mighty,22.259960237021684
awful,7.419986745673896
