WORD,VALUE,
unkind,24.505782679410274
mighti,22.175263658445008
fair,12.990339353801582
aw,7.391754552815002
