WORD,VALUE,
unkind,24.580160679772963
mighty,22.248797325369782
awful,7.416265775123263
