WORD,VALUE,
weekend,81.37668616588113
father,76.69597006110303
knock,57.340425900454534
knockin,44.97769682866183
unkind,24.580160679772963
mighty,23.215883404829643
singin,22.248797325369782
coin,22.248797325369782
hmm,19.64833804153548
distance,17.567629832203888
ridin,15.915862624982301
brass,14.832531550246525
melody,13.038517464980192
pleasure,10.1871741877469
swamp,7.416265775123263
awhile,7.416265775123263
boyfriend,7.416265775123263
awful,7.416265775123263
