WORD,VALUE,
knock,103.18208598644983
weekend,81.40734755155388
father,76.73972808644297
unkind,24.591451251605967
mighty,23.22871531148522
coin,22.259960237021684
hmm,19.65770429800262
distance,17.57686842848993
brass,14.839973491347791
melody,13.045831745900365
pleasure,10.192691813482307
swamp,7.419986745673896
awhile,7.419986745673896
coming,7.419986745673896
boyfriend,7.419986745673896
awful,7.419986745673896
