WORD,VALUE,
sang,81.17468605334967
weekend,81.17468605334967
father,76.40774572746932
knock,57.14518045542637
throw,46.11958879605628
knockin,44.8526077168068
unkind,24.505782679410274
mighti,23.1313606269076
singin,22.175263658445008
coin,22.175263658445008
hmm,19.58663781904588
distanc,17.506773943152197
ridin,15.855851069368525
brass,14.783509105630005
pleasur,10.15082952100347
swamp,7.391754552815002
awhil,7.391754552815002
boyfriend,7.391754552815002
aw,7.391754552815002
