WORD,VALUE,
weekend,81.48197972758143
father,76.84624810205551
coin,22.287133065767698
distance,17.599357359632688
brass,14.8580887105118
melody,13.063636779439866
pleasure,10.20612313504306
crash,7.4290443552559
swamp,7.4290443552559
boyfriend,7.4290443552559
