WORD,VALUE,
weekend,81.37668616588113
father,76.69597006110303
coin,22.248797325369782
distance,17.567629832203888
brass,14.832531550246525
melody,13.038517464980192
pleasure,10.1871741877469
crash,7.416265775123263
swamp,7.416265775123263
boyfriend,7.416265775123263
