WORD,VALUE,
father,54.19337237588155
heaven,35.013547886304394
