WORD,VALUE,
knock,103.30076546788939
coming,7.4290443552559
