WORD,VALUE,
knock,57.340425900454534
knockin,44.97769682866183
singin,22.248797325369782
ridin,15.915862624982301
