WORD,VALUE,
a-gonna,313.54312720820565
jingle-jangle,76.33032639323577
a-changin,76.33032639323577
bored,28.87607778216975
frozen,28.87607778216975
faithful,28.87607778216975
