WORD,VALUE,
black,188.60842956361748
white,133.24976779381817
better,124.1607831636869
old,120.43228855927127
mani,108.10654021529749
whole,99.71599219309049
free,92.08833624590177
bad,92.08833624590177
readi,92.08833624590177
older,92.08833624590177
younger,92.08833624590177
hard,88.8331785292121
next,86.37386195497996
high,84.37145978527501
last,82.6740660201472
great,76.11833210208285
true,76.11833210208285
dark,76.11833210208285
poor,76.11833210208285
full,76.11833210208285
insan,76.11833210208285
long,70.94120708029789
wrong,60.216144279635635
wide,60.216144279635635
real,60.216144279635635
complet,60.216144279635635
deep,57.58257463665331
sick,57.58257463665331
precious,44.41658926460605
rag,44.41658926460605
cold,44.41658926460605
dead,44.41658926460605
late,44.41658926460605
wild,44.41658926460605
phantom,44.41658926460605
wise,44.41658926460605
hot,42.185729892637504
constant,28.791287318326656
wet,28.791287318326656
broad,28.791287318326656
outsid,28.791287318326656
spanish,28.791287318326656
blind,28.791287318326656
clear,28.791287318326656
best,28.791287318326656
frozen,28.791287318326656
round,28.791287318326656
worth,28.791287318326656
silent,28.791287318326656
straight,28.791287318326656
