WORD,VALUE,
neath,86.62823334650925
astray,28.87607778216975
evers,28.87607778216975
