WORD,VALUE,
sad-eyed,53.39932025572295
complete,11.439581281491098
nervous,4.545057267566525
phony,4.545057267566525
prime,4.545057267566525
useless,4.545057267566525
