WORD,VALUE,
sad-ey,53.170733472209946
alon,15.0019841763796
complet,11.380359660589233
roll,11.380359660589233
second,5.916977187828965
nervous,4.516629312593957
silver,4.516629312593957
phoni,4.516629312593957
prime,4.516629312593957
useless,4.516629312593957
