WORD,VALUE,
stone,65.91810364069292
sad-eyed,53.39932025572295
inside,47.741905312224986
row,37.837663261906634
jane,30.153205260492214
eden,30.14060414788795
gate,29.80900050664811
memphis,26.49587776624232
jones,22.534477796076352
factory,22.534477796076352
tombstone,22.534477796076352
mister,16.914872410677123
hat,16.672490581476445
alley,15.126870241319686
hopin,15.076602630246107
lowland,15.076602630246107
hole,13.635171802699576
brand,13.40087814357403
sailor,12.392241934245991
blanket,12.392241934245991
captain,12.041367988679568
among,12.041367988679568
kitchen,12.041367988679568
food,12.041367988679568
railroad,11.439581281491098
dyin,11.439581281491098
complete,11.439581281491098
drum,10.503581661115373
ticket,9.09011453513305
expect,8.972065871283428
except,8.972065871283428
picture,8.972065871283428
sigh,7.905192740153723
phantom,7.905192740153723
claw,7.905192740153723
discover,7.905192740153723
realize,7.452250126662028
guard,7.452250126662028
refuse,5.958436264809453
card,5.958436264809453
bluff,5.958436264809453
stare,5.958436264809453
ache,5.958436264809453
clown,5.958436264809453
click,4.545057267566525
cape,4.545057267566525
invite,4.545057267566525
hobo,4.545057267566525
flip,4.545057267566525
employ,4.545057267566525
bay,4.545057267566525
cigarette,4.545057267566525
penny,4.545057267566525
nervous,4.545057267566525
shovel,4.545057267566525
curfew,4.545057267566525
princess,4.545057267566525
scorn,4.545057267566525
bless,4.545057267566525
thrill,4.545057267566525
dancing,4.545057267566525
balance,4.545057267566525
prime,4.545057267566525
silhouette,4.545057267566525
frame,4.545057267566525
range,4.545057267566525
artist,4.545057267566525
hero,4.545057267566525
useless,4.545057267566525
station,4.545057267566525
failure,4.545057267566525
