WORD,VALUE,
stone,50.62296027092138
blue,34.584795142337185
jane,30.153205260492214
eden,30.14060414788795
gate,29.80900050664811
memphis,26.49587776624232
jones,22.534477796076352
factory,22.534477796076352
tombstone,22.534477796076352
hat,17.87530879442836
mister,16.914872410677123
alley,15.126870241319686
lowland,15.076602630246107
hole,13.635171802699576
brand,13.40087814357403
sailor,12.392241934245991
blanket,12.392241934245991
captain,12.041367988679568
kitchen,12.041367988679568
food,12.041367988679568
railroad,11.439581281491098
unknown,11.439581281491098
drum,10.503581661115373
ticket,9.09011453513305
picture,8.972065871283428
card,5.958436264809453
guard,5.958436264809453
clown,5.958436264809453
sooner,5.958436264809453
heel,4.545057267566525
yonder,4.545057267566525
cape,4.545057267566525
hobo,4.545057267566525
bay,4.545057267566525
cigarette,4.545057267566525
penny,4.545057267566525
curfew,4.545057267566525
claw,4.545057267566525
princess,4.545057267566525
scorn,4.545057267566525
drag,4.545057267566525
dancing,4.545057267566525
frame,4.545057267566525
range,4.545057267566525
artist,4.545057267566525
hero,4.545057267566525
station,4.545057267566525
failure,4.545057267566525
