WORD,VALUE,
stone,50.26522541106164
eden,30.00439836216285
jane,30.0039683527592
gate,29.591039710694492
memphi,26.362037691473947
mr.,24.639978382672417
jone,22.429065676280544
factori,22.429065676280544
tombston,22.429065676280544
brand,19.20972142210031
hat,17.750931563486898
insid,17.750931563486898
mister,16.814191712794774
alley,15.007224432291677
hopin,15.0019841763796
lowland,15.0019841763796
drum,15.0019841763796
hole,13.549887937781872
kitchen,13.304928867605136
sailor,12.319989191336209
blanket,12.319989191336209
captain,11.947784423667404
food,11.947784423667404
railroad,11.380359660589233
dyin,11.380359660589233
sweet,10.423029218111129
ticket,9.033258625187914
pictur,8.904544550287099
unknown,7.397759927673623
card,5.916977187828965
guard,5.916977187828965
clown,5.916977187828965
sooner,5.916977187828965
ruin,4.516629312593957
organ,4.516629312593957
cape,4.516629312593957
hobo,4.516629312593957
sigh,4.516629312593957
bay,4.516629312593957
cigarett,4.516629312593957
penni,4.516629312593957
pound,4.516629312593957
shovel,4.516629312593957
curfew,4.516629312593957
claw,4.516629312593957
princess,4.516629312593957
drag,4.516629312593957
frame,4.516629312593957
rang,4.516629312593957
artist,4.516629312593957
proud,4.516629312593957
better,4.516629312593957
hero,4.516629312593957
station,4.516629312593957
failur,4.516629312593957
