WORD,VALUE,
queen,37.81048607029822
man,33.95532942339499
jane,30.12891713168674
eden,30.118437998681426
memphis,26.47409515863779
jones,22.517322689271715
mister,19.295996265736747
highway,15.06445856584337
blue,7.443378666664226
sooner,5.951686784410603
