WORD,VALUE,
queen,37.49653298546212
jane,30.098205361122297
eden,30.090408766375777
memphi,26.446551724829195
man,22.672894458759867
jone,22.49563013047778
mister,19.27478950543987
daddi,15.778081012764734
highway,15.049102680561148
sweet,11.886306742274304
blue,9.069157783503947
sooner,7.889040506382367
hang,5.943153371137152
better,4.534578891751973
