WORD,VALUE,
queen,37.837663261906634
man,33.980001093802464
jane,30.153205260492214
eden,30.14060414788795
memphis,26.49587776624232
jones,22.534477796076352
mister,19.312767830939386
highway,15.076602630246107
sooner,5.958436264809453
