WORD,VALUE,
ache,9.080859533533253
discover,7.898059718152876
hand,7.443378666664226
realize,7.443378666664226
bust,5.951686784410603
refuse,5.951686784410603
decide,5.951686784410603
stare,5.951686784410603
click,4.540429766766627
invite,4.540429766766627
flip,4.540429766766627
employ,4.540429766766627
aim,4.540429766766627
bless,4.540429766766627
puts,4.540429766766627
