WORD,VALUE,
ache,9.079153591303346
discover,7.896744880278169
hand,7.441743486838873
realize,7.441743486838873
bust,5.950442708940447
refuse,5.950442708940447
decide,5.950442708940447
stare,5.950442708940447
click,4.539576795651673
invite,4.539576795651673
flip,4.539576795651673
employ,4.539576795651673
aim,4.539576795651673
bless,4.539576795651673
puts,4.539576795651673
