WORD,VALUE,
hopin,15.076602630246107
dyin,11.439581281491098
hand,10.467683401709705
expect,8.972065871283428
discover,7.905192740153723
realize,7.452250126662028
point,7.452250126662028
bust,5.958436264809453
refuse,5.958436264809453
stare,5.958436264809453
ache,5.958436264809453
click,4.545057267566525
invite,4.545057267566525
flip,4.545057267566525
employ,4.545057267566525
aim,4.545057267566525
bless,4.545057267566525
