WORD,VALUE,
old,484.5794093901248
littl,381.9850008329989
new,375.1997826299915
true,319.85247720981033
wrong,226.7963295043157
low,221.96331574756434
poor,211.311305080705
black,211.311305080705
bad,195.83582725093842
hard,191.26132727658634
last,181.77367674923354
free,180.3713687886994
high,154.40881696860762
big,149.48338494934742
bright,142.1416956034147
right,135.01941600621126
best,118.66948796909941
stuck,118.66948796909941
sweet,114.94122933075742
lay,114.94122933075742
mani,103.30168641579264
dark,103.30168641579264
cold,103.30168641579264
leopard-skin,103.30168641579264
long,97.11434716929217
blue,94.9118462918066
readi,87.96992384147956
full,87.96992384147956
tire,84.71500209086356
sad,82.25592148270506
next,82.25592148270506
great,72.68636109274328
complet,72.68636109274328
second,69.71813346619255
white,67.50970800310563
alon,67.50970800310563
whole,65.73022354212873
outsid,57.47061466537871
tight,57.47061466537871
sick,54.83728098847004
fair,54.83728098847004
clear,42.35750104543178
late,42.35750104543178
ol,42.35750104543178
blind,42.35750104543178
phantom,42.35750104543178
silver,42.35750104543178
better,42.35750104543178
insan,42.35750104543178
deep,40.126877639536886
hot,40.126877639536886
mine,40.126877639536886
slow,40.126877639536886
cute,27.41864049423502
frozen,27.41864049423502
handsom,27.41864049423502
pale,27.41864049423502
soul,27.41864049423502
gray,27.41864049423502
wick,27.41864049423502
precious,27.41864049423502
real,27.41864049423502
chilli,27.41864049423502
tall,27.41864049423502
wise,27.41864049423502
solid,27.41864049423502
loud,27.41864049423502
foolish,27.41864049423502
prime,27.41864049423502
dead,27.41864049423502
rag,27.41864049423502
aw,27.41864049423502
quiet,27.41864049423502
moral,27.41864049423502
less,27.41864049423502
useless,27.41864049423502
