WORD,VALUE,
old,485.61101702982677
littl,382.7909516073977
new,376.0379070137249
true,320.5294737821879
wrong,227.27989477366137
low,222.44686802867585
poor,211.76263179954535
hard,191.68040245668723
last,182.192712964632
bad,180.75821840652912
black,180.75821840652912
free,180.75821840652912
high,154.76338907122954
big,149.80575746616648
bright,142.46404214376545
right,135.34172358185958
best,118.92738338490781
stuck,118.92738338490781
sweet,115.1991117583317
lay,115.1991117583317
mani,103.52734328109574
cold,103.52734328109574
leopard-skin,103.52734328109574
long,97.33997805812697
blue,95.13746419240726
readi,88.16334215627732
full,88.16334215627732
tire,84.90840741742718
sad,82.44931382103454
next,82.44931382103454
great,72.84754085703574
complet,72.84754085703574
dark,72.84754085703574
second,69.87930024225085
white,67.67086179092979
alon,67.67086179092979
whole,65.89136434171874
outsid,57.59955587916585
tight,57.59955587916585
sick,54.966209214023024
fair,54.966209214023024
clear,42.45420370871359
ol,42.45420370871359
blind,42.45420370871359
phantom,42.45420370871359
silver,42.45420370871359
better,42.45420370871359
insan,42.45420370871359
deep,40.22356731458455
hot,40.22356731458455
mine,40.22356731458455
slow,40.22356731458455
cute,27.483104607011512
frozen,27.483104607011512
handsom,27.483104607011512
pale,27.483104607011512
soul,27.483104607011512
gray,27.483104607011512
wick,27.483104607011512
precious,27.483104607011512
real,27.483104607011512
chilli,27.483104607011512
tall,27.483104607011512
wise,27.483104607011512
solid,27.483104607011512
loud,27.483104607011512
foolish,27.483104607011512
prime,27.483104607011512
dead,27.483104607011512
rag,27.483104607011512
aw,27.483104607011512
quiet,27.483104607011512
moral,27.483104607011512
less,27.483104607011512
useless,27.483104607011512
