WORD,VALUE,
sadie,91.80404768960497
neath,67.80602831231748
toil,27.53717336224579
bos,27.53717336224579
astray,27.53717336224579
