WORD,VALUE,
tambourine,142.73440738672895
desolation,135.61205662463496
sadie,91.80404768960497
neath,27.53717336224579
