WORD,VALUE,
fine,46.49174299871668
egyptian,23.24587149935834
faithful,23.24587149935834
