WORD,VALUE,
sad-eyed,242.8643255546441
leopard-skin,113.0554638226936
pill-box,79.65322851308858
jingle-jangle,79.65322851308858
frozen,30.20514293474684
bored,30.20514293474684
faithful,30.20514293474684
