WORD,VALUE,
new,164.47339986090427
hard,158.77404472683133
bad,129.39078398027146
stuck,129.39078398027146
leopard-skin,112.68277084679815
last,102.41211695145176
black,96.0107966923185
great,79.38702236341567
readi,79.38702236341567
free,79.38702236341567
littl,79.38702236341567
alon,74.20957601345724
complet,62.831064355884536
full,62.831064355884536
sick,60.19733404881548
mani,46.37773915577105
phantom,46.37773915577105
true,46.37773915577105
better,46.37773915577105
best,46.37773915577105
insan,46.37773915577105
old,44.14671911971577
mine,44.14671911971577
second,44.14671911971577
frozen,30.09866702440774
blind,30.09866702440774
wrong,30.09866702440774
precious,30.09866702440774
real,30.09866702440774
poor,30.09866702440774
silver,30.09866702440774
wise,30.09866702440774
clear,30.09866702440774
prime,30.09866702440774
dead,30.09866702440774
dark,30.09866702440774
useless,30.09866702440774
