WORD,VALUE,
tambourine,156.0750228980615
desolation,148.95152066272655
