WORD,VALUE,
pledge,62.25219672094258
ache,49.123582085886014
saw,46.49174299871668
weep,36.097600258247084
peek,23.24587149935834
tremble,23.24587149935834
