NGRAM,VALUE,
franki lee,8.776543962239836
along cove,5.409762046503632
piti immigr,4.776433032444733
piti poor,4.454504937557371
poor immigr,4.454504937557371
togeth hand,4.021545530281265
walk hand,4.021545530281265
juda priest,3.9893381646544714
dear landlord,3.8936028987926834
tom pain,3.8936028987926834
cove spi,3.8695424368362143
along spi,3.2845799361150583
cove hand,3.021545530281265
priest lee,2.7320389130862797
priest franki,2.606508031002421
juda etern,2.5908787031680287
road franki,1.8408787031680283
hand along,1.5161591477109486
