NGRAM,VALUE,
frankie lee,8.619672380607549
along cove,5.09619108908208
pity immigrant,4.719388820942083
walk hand,4.54946381949977
pity poor,4.39746072605472
poor immigrant,4.39746072605472
judas priest,4.2468259075684
together hand,3.9645013187786136
baby tonight,3.850819740165695
dear landlord,3.850819740165695
dear please,3.850819740165695
landlord please,3.850819740165695
tom paine,3.850819740165695
cove spy,3.812498225333564
along spy,3.0755326311673574
cove hand,2.9645013187786136
judas eternity,2.54809554454104
priest lee,1.892243706103934
priest frankie,1.79809554454104
road frankie,1.79809554454104
hand along,1.3593736690001728
