NGRAM,VALUE,
franki lee,8.808085161343257
along cove,5.426966336923679
piti immigr,4.787902559391431
piti poor,4.465974464504069
poor immigr,4.465974464504069
togeth hand,4.0330150572279635
walk hand,4.0330150572279635
juda priest,4.003675073337845
dear landlord,3.9022050440027067
tom pain,3.9022050440027067
cove spi,3.881011963782913
'm sorri,3.424132603541238
along spi,3.296049463061757
cove hand,3.0330150572279635
priest lee,2.7435084400329783
priest franki,2.617977557949119
juda etern,2.599480848378052
road franki,1.849480848378052
hand along,1.5247612929209722
