NGRAM,VALUE,
piti poor immigr,46.583901877123786
walk togeth hand,46.512214245134736
cove togeth hand,42.512214245134736
cove walk hand,42.512214245134736
along cove spi,39.56435186846992
priest franki lee,33.3541877763548
