WORD,VALUE,
fine,46.44350990237988
egyptian,23.22175495118994
faithful,23.22175495118994
