WORD,VALUE,
sad-eyed,242.83089958515026
leopard-skin,113.0398650670012
pill-box,79.64208667361423
jingle-jangle,79.64208667361423
frozen,30.200686469599546
bored,30.200686469599546
faithful,30.200686469599546
