WORD,VALUE,
maggie,222.1056051123664
eden,101.49691080792358
mobile,98.18375550440138
tombstone,88.60881562677521
prophet,57.01824842316486
abe,44.52328711870209
lagoon,36.06141845319223
gambler,23.22175495118994
sparkle,23.22175495118994
