WORD,VALUE,
maggie,222.3107005138317
eden,101.60541432627458
mobile,98.29223109154333
tombstone,88.69325845937593
prophet,57.0785328107836
abe,44.571506249434364
lagoon,36.097600258247084
gambler,23.24587149935834
sparkle,23.24587149935834
