WORD,VALUE,
maggie,222.1056051123664
row,134.1705826331414
eden,101.49691080792358
mobile,99.7595268479457
abe,44.52328711870209
