WORD,VALUE,
queen,196.16348045160402
jane,162.64341273873433
man,155.30094023639873
eden,145.90924877745144
honey,145.90924877745144
mobil,145.90924877745144
row,141.98026388705372
mister,112.51358839490304
jone,112.51358839490304
sweet,92.61047055501368
mari,92.61047055501368
arab,79.26617919833602
highway,79.26617919833602
hopin,79.26617919833602
arabian,72.30886691311714
abe,62.734390834212604
louis,62.734390834212604
captain,60.10066557910249
howard,46.30523527750684
sooner,46.30523527750684
hang,44.074220293410505
guard,30.050332789551245
tonight,30.050332789551245
casanova,30.050332789551245
madonna,30.050332789551245
sam,30.050332789551245
watch,30.050332789551245
napoleon,30.050332789551245
nation,30.050332789551245
mona,30.050332789551245
street,30.050332789551245
better,30.050332789551245
