WORD,VALUE,
queen,196.45351112053768
jane,162.8851041208526
man,155.5426215145991
eden,146.12677051616197
honey,146.12677051616197
mobil,146.12677051616197
row,142.19778057380535
mister,112.68277084679815
jone,112.68277084679815
sweet,92.7554783115421
mari,92.7554783115421
arab,79.38702236341567
highway,79.38702236341567
hopin,79.38702236341567
arabian,72.42969492231995
abe,62.831064355884536
louis,62.831064355884536
captain,60.19733404881548
howard,46.37773915577105
sooner,46.37773915577105
hang,44.14671911971577
guard,30.09866702440774
tonight,30.09866702440774
casanova,30.09866702440774
madonna,30.09866702440774
sam,30.09866702440774
watch,30.09866702440774
napoleon,30.09866702440774
nation,30.09866702440774
mona,30.09866702440774
street,30.09866702440774
better,30.09866702440774
