WORD,VALUE,
tambourine,156.05273967018348
desolation,148.9292387880608
