WORD,VALUE,
maggie,222.3107005138317
row,134.30325856207892
eden,101.60541432627458
mobile,99.86801640069216
abe,44.571506249434364
