WORD,VALUE,
wan,85.10474728643149
pledge,62.19188440211478
ache,49.07533502394469
saw,46.44350990237988
weep,36.06141845319223
peek,23.22175495118994
tremble,23.22175495118994
