WORD,VALUE,
weary,68.21452227672663
wretched,21.919281617948727
treacherous,21.919281617948727
barren,21.919281617948727
