WORD,VALUE,
weary,68.16260657104561
wretched,21.90198103580887
treacherous,21.90198103580887
barren,21.90198103580887
