WORD,VALUE,
dum,150.75435623958032
bos,76.3271290109551
workingman,57.74959787501167
others,55.82761866263352
overdrive,28.874798937505837
