WORD,VALUE,
po,177.73667924414525
levee,159.39520458873235
scarlet,139.40848118258424
happiness,72.14749385183583
moonlight,68.21452227672663
fore,51.985431129330074
frontline,46.46949372752808
watchman,43.83856323589745
starlight,34.10726113836331
doom,21.919281617948727
tomb,21.919281617948727
