WORD,VALUE,
po,177.58968711263296
levee,159.26548512083698
scarlet,139.30463581196076
happiness,72.08697671249995
moonlight,68.16260657104561
fore,51.94220061287259
frontline,46.43487860398691
watchman,43.80396207161774
starlight,34.08130328552281
doom,21.90198103580887
tomb,21.90198103580887
