WORD,VALUE,
dee,188.5596375957444
beyond,168.69413581145872
john,156.3069031563198
heart,130.6615112281695
roman,124.1282555759992
roll,123.20395985760302
king,115.13262520366825
lord,92.06394084830677
someday,92.06394084830677
sugar,76.09800279953421
dum,76.09800279953421
might,73.12954037959292
heaven,57.56631260183413
winter,57.56631260183413
east,44.40439215215011
water,44.40439215215011
mississippi,44.40439215215011
meet,44.40439215215011
mari,42.17353395286468
tomorrow,28.783156300917064
honey,28.783156300917064
tennesse,28.783156300917064
west,28.783156300917064
everyth,28.783156300917064
sail,28.783156300917064
mister,28.783156300917064
thunder,28.783156300917064
boss,28.783156300917064
