WORD,VALUE,
scarlet,126.90955462555641
po,85.5642539313161
heaven,41.884647877135585
