WORD,VALUE,
saw,130.29216229922815
wan,68.16260657104561
tumble,51.94220061287259
weep,46.43487860398691
lag,41.884647877135585
crave,21.90198103580887
pierce,21.90198103580887
