WORD,VALUE,
saw,152.2927839800848
makin,42.31099136776485
