WORD,VALUE,
saw,130.3873643584124
tumble,51.985431129330074
weep,46.46949372752808
lag,41.91923508215386
crave,21.919281617948727
pierce,21.919281617948727
