WORD,VALUE,
sad-ey,36.13548379144582
insan,16.300581243550635
younger,11.653067348969529
alon,9.494493316657852
older,9.318857713406477
funni,8.33243868592738
alright,6.683349899749088
complet,4.934932198369853
frozen,4.659428856703238
weird,4.659428856703238
nake,3.5558220516550034
spanish,2.97142664311514
north,2.97142664311514
fast,2.97142664311514
cute,2.4674660991849264
deepest,2.4674660991849264
countless,2.4674660991849264
western,2.4674660991849264
wateri,2.4674660991849264
prime,2.4674660991849264
lynch,2.4674660991849264
torn,2.4674660991849264
aw,2.4674660991849264
moral,2.4674660991849264
useless,2.4674660991849264
