WORD,VALUE,
insane,16.314019903347486
younger,11.662520679592502
alone,9.501443990382135
older,9.326828371754246
funny,8.343563907465658
alright,6.692992449012173
precious,4.939937512167223
complete,4.939937512167223
frozen,4.663414185877123
weird,4.663414185877123
naked,3.560364677800659
Spanish,2.9749492846373102
fast,2.9749492846373102
cute,2.4699687560836114
deepest,2.4699687560836114
watery,2.4699687560836114
prime,2.4699687560836114
lynch,2.4699687560836114
torn,2.4699687560836114
awful,2.4699687560836114
moral,2.4699687560836114
useless,2.4699687560836114
