WORD,VALUE,
maggie,30.38739275137072
queen,25.14301828402524
highway,17.162481823242036
memphis,16.418735441995665
lee,14.33818457640251
new,14.195351264462406
eden,13.900223529616001
frankie,11.793756005050204
york,11.643435288137121
oxford,11.591340526925979
war,9.26681568641067
mister,7.798386426531751
jones,7.798386426531751
orleans,7.353389642204284
whose,7.026529650465836
captain,6.989938874426084
world,6.989938874426084
day,6.464813739765089
pa,5.363758751331041
william,5.363758751331041
sooner,2.948439001262551
dakota,2.4511298807347615
united,2.4511298807347615
night,2.4511298807347615
