WORD,VALUE,
maggi,30.982769754974253
highway,25.546884611324696
queen,24.38208791719459
eden,20.12997842082857
man,17.205081570049376
memphi,16.735314467975105
lee,14.69515008526466
new,13.341310110411719
franki,12.153326948439712
york,11.910508061151889
mister,8.015952946581852
jone,8.015952946581852
orlean,7.544900318508367
war,7.129337863238131
day,6.670655055205859
sweet,6.076663474219856
daddi,6.076663474219856
william,5.5174883792797775
sooner,4.735025783662037
world,4.735025783662037
captain,3.642131565993383
blue,3.642131565993383
right,3.038331737109928
better,3.038331737109928
dakota,2.5149667728361225
state,2.5149667728361225
whether,2.5149667728361225
night,2.5149667728361225
thought,2.5149667728361225
cadillac,2.5149667728361225
