WORD,VALUE,
ask,44.66169255240028
die,23.905856828430807
doe,21.35296938249812
lookin,17.289781292585282
asked,14.384697824626642
chime,14.062225368841624
gazed,12.03959161771517
allow,12.03959161771517
criticize,12.03959161771517
plow,11.722286848829548
spied,11.662520679592502
happening,11.662520679592502
carried,11.662520679592502
Keep,10.323043539453053
dying,10.08330170206119
hand,9.501443990382135
Feeling,9.501443990382135
fear,9.501443990382135
flashing,9.326828371754246
send,8.964640305303142
happen,8.924847853911933
started,8.607897318361632
kept,7.862574460604211
guide,7.0753748684864775
comin,7.0753748684864775
staying,7.0753748684864775
sends,7.031112684420812
bid,7.031112684420812
Saying,6.525505714540516
satisfied,5.9498985692746205
steal,5.9498985692746205
Throw,5.9498985692746205
taken,5.409107910054649
protect,5.409107910054649
stare,4.939937512167223
neath,4.794899274875547
asks,4.663414185877123
prayed,4.663414185877123
wandering,4.663414185877123
busted,4.663414185877123
Watch,4.663414185877123
lit,4.663414185877123
remains,4.663414185877123
landed,4.663414185877123
jumped,4.171781953732829
heed,4.171781953732829
blame,4.171781953732829
sings,3.560364677800659
act,3.560364677800659
wasted,2.9749492846373102
spin,2.9749492846373102
Leaving,2.9749492846373102
wore,2.9749492846373102
traveled,2.9749492846373102
hid,2.9749492846373102
warn,2.9749492846373102
understood,2.9749492846373102
sound,2.9749492846373102
handed,2.4699687560836114
leaned,2.4699687560836114
block,2.4699687560836114
define,2.4699687560836114
fix,2.4699687560836114
dove,2.4699687560836114
ordered,2.4699687560836114
decided,2.4699687560836114
leap,2.4699687560836114
packed,2.4699687560836114
echo,2.4699687560836114
argue,2.4699687560836114
treated,2.4699687560836114
scorn,2.4699687560836114
bowed,2.4699687560836114
yell,2.4699687560836114
baffled,2.4699687560836114
refuse,2.4699687560836114
fallen,2.4699687560836114
milk,2.4699687560836114
decide,2.4699687560836114
barred,2.4699687560836114
dreamt,2.4699687560836114
charged,2.4699687560836114
