WORD,VALUE,
dandy,177.60416997779453
fine,66.97464820897763
weary,43.012214192780526
pale,31.259454386945578
