WORD,VALUE,
broken,576.266915129858
tender,41.72322029707349
