WORD,VALUE,
wiggle,732.6367181863411
woogie,379.22015345571157
davey,144.75791520662708
mousey,103.52141513681045
teardrop,56.965864385798845
toil,28.482932192899423
