WORD,VALUE,
albert,76.4191034326597
frankie,70.22681627124197
ring,70.22681627124197
diamond,64.51832128917079
hat,62.518908773891155
maggie,45.64279418133754
