WORD,VALUE,
albert,76.58829911402827
frankie,70.37190856296264
ring,70.37190856296264
diamond,64.6633277711036
hat,62.66387235093002
maggie,45.73950807418668
