WORD,VALUE,
linger,100.46197231346645
weep,82.60093530245685
saw,79.09811209512091
gamble,43.012214192780526
saddle,21.506107096390263
rumble,21.506107096390263
