WORD,VALUE,
weary,34.17869671939063
barren,23.452727145501168
