WORD,VALUE,
old,185.47765400286926
last,147.0391122879942
new,130.571339531574
wrong,130.0611035856791
high,120.51752052951356
black,100.18738523847695
hard,96.68201073187362
right,88.27595272374833
readi,85.30055174507812
dead,85.30055174507812
mani,85.30055174507812
best,85.30055174507812
sweet,82.0458323835464
long,79.58695416447215
whole,77.58499034992512
blue,77.58499034992512
true,70.46191807725614
bad,70.46191807725614
low,67.49389283978967
sad,65.285669765787
better,55.69110073080585
dark,55.69110073080585
littl,55.69110073080585
hot,53.05796944298144
mine,53.05796944298144
wide,41.0229161917732
blind,41.0229161917732
cold,41.0229161917732
tough,41.0229161917732
tight,41.0229161917732
thick,41.0229161917732
deep,38.79249517496256
free,26.52898472149072
great,26.52898472149072
quick,26.52898472149072
cheer,26.52898472149072
extra,26.52898472149072
wild,26.52898472149072
least,26.52898472149072
barren,26.52898472149072
skill,26.52898472149072
full,26.52898472149072
indian,26.52898472149072
golden,26.52898472149072
warm,26.52898472149072
earth,26.52898472149072
