WORD,VALUE,
weary,34.20991209998197
barren,23.473541192600656
