WORD,VALUE,
po,190.76635382118053
levee,170.8934835969532
happiness,77.51199074984689
moonlight,72.81588383875295
frontline,49.537409762001964
doom,23.452727145501168
