WORD,VALUE,
po,190.9432220110051
levee,171.04956049990986
happiness,77.58481146440563
moonlight,72.87833736016718
frontline,49.57904923631671
doom,23.473541192600656
