WORD,VALUE,
dum,159.2492098726152
workingman,60.83893138633478
overdrive,30.41946569316739
