WORD,VALUE,
dee,197.74881392037278
beyond,177.88202645591292
heart,137.55279654870284
someday,96.65843717632283
sugar,79.92671912811485
dum,79.92671912811485
might,76.95807303957727
winter,60.62906526238309
lord,46.70154848185999
mississippi,46.70154848185999
meet,46.70154848185999
heaven,44.47050661397823
tennesse,30.314532631191543
east,30.314532631191543
west,30.314532631191543
water,30.314532631191543
everyth,30.314532631191543
thunder,30.314532631191543
