WORD,VALUE,
well,905.9458535232317
dee,175.03242220681233
beyond,155.16998069985024
gon,140.9238361545123
heart,120.51752052951356
someday,85.30055174507812
sugar,70.46191807725614
dum,70.46191807725614
might,67.49389283978967
winter,53.05796944298144
lord,41.0229161917732
got,41.0229161917732
mississippi,41.0229161917732
meet,41.0229161917732
heaven,38.79249517496256
ai,38.79249517496256
tennesse,26.52898472149072
east,26.52898472149072
west,26.52898472149072
water,26.52898472149072
everyth,26.52898472149072
thunder,26.52898472149072
