WORD,VALUE,
wan,72.81588383875295
lag,44.985101157889744
saw,34.17869671939063
crave,23.452727145501168
