WORD,VALUE,
lag,45.026717871972934
saw,34.20991209998197
crave,23.473541192600656
