WORD,VALUE,
dandi,61.026674181557
broken,40.36395899814205
closer,22.012248709844567
foggi,5.503062177461142
stormi,5.503062177461142
less,5.503062177461142
