WORD,VALUE,
broken,101.84281410086487
dandy,60.87351453794112
dry,9.26259520881935
lean,5.483663965919734
frail,5.483663965919734
foggy,5.483663965919734
