WORD,VALUE,
dandy,60.91644050628449
broken,36.70450290028149
closer,21.956400381195067
foggy,5.489100095298767
stormy,5.489100095298767
le,5.489100095298767
