WORD,VALUE,
dandi,60.46443921493516
broken,41.55782614825249
closer,21.72752924261431
foggi,5.431882310653577
stormi,5.431882310653577
less,5.431882310653577
