WORD,VALUE,
broken,101.84281410086487
till,58.39916132460238
dandy,56.257499397191296
disease,44.263048724941015
cat,34.76577796485604
ten,33.00380533491024
seen,21.73099702453064
twenty,18.247927750703866
teardrop,13.38366299274661
dirt,13.18566512707681
dry,12.780765990318178
bull,9.346536944958082
sweep,9.26259520881935
bleed,7.332912155064719
frail,5.483663965919734
foggy,5.483663965919734
nine,5.483663965919734
stormy,5.483663965919734
waist,5.483663965919734
mount,5.483663965919734
park,5.483663965919734
london,5.483663965919734
