WORD,VALUE,
till,63.03009455251894
Ten,60.91644050628449
dandy,60.91644050628449
Broken,56.504519821065706
broken,50.27222451387766
disease,44.29954394944353
Ring,43.49593697795126
cat,34.71407721410179
closer,23.746388852517505
Seen,21.74796848897563
shootin,21.74796848897563
Feel,16.467300285896304
teardrop,13.394866789658618
Two,13.201310438906026
dirt,13.201310438906026
longer,12.794190544688794
twenty,12.794190544688794
dry,12.794190544688794
bull,9.354856908103606
Far,9.273135929423479
bleed,7.340900580056298
ringing,7.340900580056298
heal,5.489100095298767
foggy,5.489100095298767
hearing,5.489100095298767
pressed,5.489100095298767
spoken,5.489100095298767
stormy,5.489100095298767
waist,5.489100095298767
Twenty,5.489100095298767
hoping,5.489100095298767
watching,5.489100095298767
mount,5.489100095298767
snap,5.489100095298767
park,5.489100095298767
London,5.489100095298767
