WORD,VALUE,
Broken,52.10214572969105
disease,44.29954394944353
cat,34.71407721410179
shootin,21.74796848897563
walk,18.26678843445351
teardrop,13.394866789658618
dirt,13.201310438906026
Feel,12.794190544688794
bull,9.354856908103606
waist,5.489100095298767
park,5.489100095298767
London,5.489100095298767
