WORD,VALUE,
broken,52.197568390638914
diseas,44.39326874606688
cat,34.89920450501349
shootin,21.791552599787266
teardrop,13.42363988614563
dirt,13.241498821068632
bull,9.376224497428298
waist,5.503062177461142
london,5.503062177461142
