WORD,VALUE,
disease,44.20628309128399
cat,34.70762712534102
teardrop,13.36623639568035
dirt,13.161333936160885
bull,9.333596190350065
miss,7.320488173223405
stormy,5.475209053769957
waist,5.475209053769957
stick,5.475209053769957
park,5.475209053769957
london,5.475209053769957
