WORD,VALUE,
Broken,52.10214572969105
Everything,17.15747869614041
Feel,12.794190544688794
London,5.489100095298767
