WORD,VALUE,
broken,52.197568390638914
everyth,17.210780228303122
feel,12.8286712840136
london,5.503062177461142
