WORD,VALUE,
broken,51.71088036245004
everyth,16.939161975949077
feel,12.65290515280739
london,5.431882310653577
