WORD,VALUE,
ring,41.75013641296423
rock,10.863764621307155
spoken,5.431882310653577
mount,5.431882310653577
swing,5.431882310653577
dri,5.431882310653577
