WORD,VALUE,
Ring,47.71079100584397
close,16.467300285896304
rock,9.354856908103606
Seen,9.354856908103606
bleed,7.340900580056298
ringing,7.340900580056298
heal,5.489100095298767
rain,5.489100095298767
hearing,5.489100095298767
pressed,5.489100095298767
spoken,5.489100095298767
hoping,5.489100095298767
watching,5.489100095298767
mount,5.489100095298767
