WORD,VALUE,
seen,21.704598742547898
rock,12.759887096327091
sweep,9.246202157286502
bleed,7.320488173223405
reel,5.475209053769957
mount,5.475209053769957
