WORD,VALUE,
slow,39.46152230475788
unkind,13.671141556954135
low,11.019592310464981
mighty,10.754532351527498
next,9.943197709608656
unknown,6.505575184725689
fine,5.779685891931897
ol',4.834102110246018
lost,4.2809633575072485
cool,3.128445549317276
different,3.128445549317276
secret,2.2306045990389842
swift,2.2306045990389842
safe,2.2306045990389842
vacant,2.2306045990389842
smooth,2.2306045990389842
dumb,2.2306045990389842
