WORD,VALUE,
slow,40.13620055625344
unkind,13.684976452050563
next,11.478771284844605
mighti,10.767654977305813
low,10.504075987748099
cool,6.513175580787313
unto,4.842356134016349
close,4.286485587223937
fine,4.179332826432446
fair,3.1346214067426716
differ,3.1346214067426716
paint,2.234048662410739
like,2.234048662410739
vacant,2.234048662410739
dumb,2.234048662410739
unknown,2.234048662410739
