WORD,VALUE,
slow,39.90049925020044
unkind,13.608908985639518
next,11.347001216390765
mighty,10.6955166973401
low,10.376235105739598
cool,6.471392394171856
unto,4.797003227026359
fine,4.130410199067921
fair,3.1006965930178803
different,3.1006965930178803
painted,2.215121662325677
like,2.215121662325677
vacant,2.215121662325677
dumb,2.215121662325677
unknown,2.215121662325677
