WORD,VALUE,
henry,76.36487635130884
jack,29.07328444219442
may,25.0522761683866
heaven,17.265045858695466
jim,16.252125569281546
papa,8.89467238436139
king,6.757876431867295
big,6.554150520808811
rooster,4.505250954578196
frisco,4.316261464673866
honey,2.6700721694570273
president,2.252625477289098
mexico,2.252625477289098
san,2.252625477289098
