WORD,VALUE,
henri,76.0029499069766
may,33.71891251236312
jack,32.332708757947536
father,23.757367726784842
heaven,17.145942348895748
jim,16.166354378973768
babi,13.122937447125025
big,11.239637504121042
heavi,8.572971174447874
time,7.059902590893038
might,5.768930761117099
lost,4.286485587223937
frisco,4.286485587223937
presid,2.234048662410739
mexico,2.234048662410739
san,2.234048662410739
true,2.234048662410739
