WORD,VALUE,
henry,76.0601357078282
jack,28.932059998026958
may,24.9361244926991
heaven,17.164754784775642
jim,16.179905558853307
papa,8.850740719102124
king,6.7109464715964045
big,6.5196483039392
rooster,4.473964314397603
frisco,4.2911886961939105
honey,2.648214977666091
president,2.2369821571988013
mexico,2.2369821571988013
san,2.2369821571988013
