WORD,VALUE,
henry,75.93579495622998
jack,28.87444951827904
may,21.81627108030817
heaven,17.123853430028994
jim,16.150441317532405
papa,8.832819819361767
big,6.505575184725689
rooster,4.4612091980779685
frisco,4.2809633575072485
honey,2.6393076418733057
president,2.2306045990389842
mexico,2.2306045990389842
san,2.2306045990389842
