WORD,VALUE,
henry,75.63368120211572
may,37.15356411074545
jack,32.157717638595045
father,23.63558788731301
heaven,17.024521975494714
jim,16.078858819297523
baby,13.016874353434517
big,11.174998130975188
time,10.6955166973401
heavy,8.512260987747357
king,6.645364986977032
might,5.708580040487383
lost,4.256130493873679
rolling,4.256130493873679
frisco,4.256130493873679
president,2.215121662325677
mexico,2.215121662325677
san,2.215121662325677
true,2.215121662325677
