WORD,VALUE,
serve,61.025765748411864
stop,53.69253194006198
wan,36.8923731900207
wake,36.67405809831787
please,30.714033493175577
shine,27.091936407057016
knockin,23.735220166308686
knock,16.316386928285965
goin,13.94929630698082
playin,10.754532351527498
remain,9.668204220492036
lovin,8.832819819361767
hangin,7.4652987299580245
felt,7.287170679060129
ridin,6.6918137971169545
offer,6.6918137971169545
singin,6.6918137971169545
cause,4.4612091980779685
betray,4.4612091980779685
bend,4.4612091980779685
pack,4.2809633575072485
empty,4.2809633575072485
drinkin,4.2809633575072485
explode,3.6435853395300644
livin,3.6435853395300644
count,3.128445549317276
arrive,2.6393076418733057
cook,2.6393076418733057
takin,2.2306045990389842
prayin,2.2306045990389842
confuse,2.2306045990389842
amuse,2.2306045990389842
pump,2.2306045990389842
afford,2.2306045990389842
hound,2.2306045990389842
flyin,2.2306045990389842
agree,2.2306045990389842
bein,2.2306045990389842
