WORD,VALUE,
gon,66.59744649727799
wake,54.94230709892655
serve,54.85306130145545
crying,42.61148948425888
wan,39.386586809166594
sang,36.516261788070466
shine,26.90000815670429
please,25.306783240773914
stop,21.86373605814585
remain,12.826488165450193
gave,12.402786372071521
blowing,11.4101909882272
passes,11.174998130975188
knock,8.860486649302707
unto,8.789287101887666
treat,7.4065839002320155
felt,6.706367178167261
tearing,6.471392394171856
behold,6.471392394171856
man,6.413244082725097
pull,5.235383390733908
working,4.430243324651354
delivered,4.430243324651354
stripped,4.256130493873679
betrayed,4.256130493873679
offered,4.256130493873679
seemed,4.256130493873679
emptied,4.256130493873679
choose,4.256130493873679
telling,4.256130493873679
ends,4.256130493873679
cause,4.256130493873679
swear,3.609703373437627
save,3.609703373437627
lifted,2.617691695366954
changing,2.617691695366954
drift,2.617691695366954
climb,2.617691695366954
travel,2.617691695366954
singing,2.617691695366954
part,2.215121662325677
arrived,2.215121662325677
missed,2.215121662325677
praise,2.215121662325677
afford,2.215121662325677
hounded,2.215121662325677
suffered,2.215121662325677
pushed,2.215121662325677
drew,2.215121662325677
smiled,2.215121662325677
covered,2.215121662325677
blown,2.215121662325677
deceived,2.215121662325677
suffer,2.215121662325677
promised,2.215121662325677
escaped,2.215121662325677
shared,2.215121662325677
