WORD,VALUE,
serv,64.91134546593332
wake,55.41785914590032
wan,39.008910609979736
sang,36.3278399072628
stop,26.342626355857483
pleas,22.929620987692207
shine,21.948978227528315
blow,14.264813631324039
gave,12.260249398003811
unto,8.733273070806518
remain,8.231045752116064
felt,6.627232969043723
offer,6.585656588964371
behold,6.427415440338571
man,6.361401406802123
betray,4.390437725976248
climb,4.390437725976248
toil,4.22419061728826
bend,4.22419061728826
cook,4.22419061728826
empti,4.22419061728826
choos,4.22419061728826
explod,3.5662034078310096
smell,3.065062349500953
'd,3.065062349500953
arriv,2.589923173939713
pack,2.589923173939713
sew,2.589923173939713
part,2.195218862988124
mirror,2.195218862988124
wink,2.195218862988124
confus,2.195218862988124
amus,2.195218862988124
afford,2.195218862988124
gambl,2.195218862988124
dine,2.195218862988124
drew,2.195218862988124
blown,2.195218862988124
imagin,2.195218862988124
agre,2.195218862988124
bloom,2.195218862988124
