WORD,VALUE,
ready,24.090820790265813
slow,24.01005478208956
glad,15.426041955465294
young,9.810473490328096
next,9.057174033142292
fine,7.4967131606987945
little,7.267864549943159
true,6.5410780949488405
big,5.338147131505119
best,5.338147131505119
grateful,4.555906987766729
higher,4.555906987766729
low,3.6237129753213733
cool,3.1774201354608067
different,3.1774201354608067
right,3.030255074024719
unto,2.6435231315326746
worth,2.6435231315326746
swift,1.9015660905725207
wicked,1.9015660905725207
precious,1.9015660905725207
false,1.5999302288688249
blind,1.5346014962044823
free,1.497310619977867
sweet,1.4694388902537963
poor,1.4535729099886319
alive,1.4510208672607332
lonesome,1.4510208672607332
easy,1.0951826092169048
terrible,0.7999651144344124
painted,0.7999651144344124
ol',0.7999651144344124
lucky,0.7999651144344124
like,0.7999651144344124
tall,0.7999651144344124
vacant,0.7999651144344124
small,0.7999651144344124
dumb,0.7999651144344124
unknown,0.7999651144344124
foreign,0.7999651144344124
rough,0.7999651144344124
tired,0.7673007481022411
fair,0.7340426601638663
outside,0.7267864549943159
