WORD,VALUE,
gon,53.198623557091494
serve,50.774056333270764
wake,50.56902627061581
crying,37.63837759777151
wan,33.81364386450254
sang,33.69883318923866
shine,23.254647170687385
stop,22.577868667404587
please,21.013715063193768
thank,17.44999842840636
believe,15.171433519133288
rose,11.633332285604244
remain,11.288934333702294
given,11.288934333702294
gave,10.31327761553355
passes,10.159821488361775
blowing,9.824761023092703
known,9.555752653445243
unto,7.954335654896093
delivered,7.954335654896093
knock,7.6833832087984835
saved,7.542886177915375
treat,6.295654990845411
tearing,5.816666142802122
lifted,5.816666142802122
crippled,5.816666142802122
behold,5.816666142802122
man,5.644467166851147
felt,5.547562135394068
fly,5.156638807766775
found,5.049402086462598
pull,4.41873034147336
stepped,4.094400842270029
dare,4.094400842270029
working,3.8416916043992417
pick,3.792858379783322
intend,3.781629438125782
stripped,3.781629438125782
betrayed,3.781629438125782
offered,3.781629438125782
seemed,3.781629438125782
emptied,3.781629438125782
choose,3.781629438125782
telling,3.781629438125782
ends,3.781629438125782
cause,3.781629438125782
spoke,2.9732755197989156
swear,2.9732755197989156
save,2.9732755197989156
shining,2.5783194038833877
opened,2.5783194038833877
changing,2.20936517073668
bought,2.20936517073668
drift,2.20936517073668
climb,2.20936517073668
travel,2.20936517073668
singing,2.20936517073668
part,1.9208458021996209
arrived,1.9208458021996209
missed,1.9208458021996209
praise,1.9208458021996209
afford,1.9208458021996209
hounded,1.9208458021996209
suffered,1.9208458021996209
pushed,1.9208458021996209
drew,1.9208458021996209
smiled,1.9208458021996209
covered,1.9208458021996209
owe,1.9208458021996209
blown,1.9208458021996209
deceived,1.9208458021996209
suffer,1.9208458021996209
promised,1.9208458021996209
blinded,1.9208458021996209
finding,1.9208458021996209
leads,1.9208458021996209
shared,1.9208458021996209
