WORD,VALUE,
broken,574.4230308031873
a-rollin,77.31242511632887
fiery,29.268885608344544
content,29.268885608344544
