WORD,VALUE,
readi,368.07645645128616
last,306.9027968783606
broken,243.52269739330615
glad,190.74655331253322
dead,166.77936711676412
high,155.83985926333276
whole,141.95139043269506
long,116.87989444749954
pure,114.32908293045624
blind,109.60835982709152
sweet,105.88072010659651
wrong,95.37327665626661
real,95.37327665626661
great,81.17423246443539
true,81.17423246443539
dark,81.17423246443539
littl,67.02338809818096
black,67.02338809818096
mani,67.02338809818096
closer,52.94036005329826
bad,52.94036005329826
wide,52.94036005329826
full,52.94036005329826
worth,52.94036005329826
grate,50.307645294236565
deep,50.307645294236565
free,38.95996481583319
higher,38.95996481583319
solid,38.95996481583319
east,38.95996481583319
better,38.95996481583319
big,38.95996481583319
evil,36.729960327785264
mine,36.729960327785264
sick,36.729960327785264
swift,25.153822647118282
discreet,25.153822647118282
outsid,25.153822647118282
past,25.153822647118282
straight,25.153822647118282
best,25.153822647118282
beauti,25.153822647118282
wise,25.153822647118282
thick,25.153822647118282
content,25.153822647118282
warm,25.153822647118282
import,25.153822647118282
