WORD,VALUE,
teardrop,74.34389666423694
bos,29.268885608344544
outskirt,29.268885608344544
