WORD,VALUE,
bully,201.47425393928225
conceit,157.92370198394474
satan,103.99602888810062
altar,72.58349041852865
groom,69.33068592540042
sorrow,32.43683681429308
multitude,22.291240858243228
