WORD,VALUE,
lord,272.34087001328413
mayb,239.6349053120702
broken,198.72605374304214
trust,158.04234122659923
never,141.76829529597467
satan,141.76829529597467
heart,116.52082209073035
jesus,109.29287097474287
tomorrow,76.96569783949245
everyth,76.96569783949245
late,76.96569783949245
one,76.96569783949245
curtain,76.96569783949245
jordan,73.9971874291882
resent,71.7884791823478
bruce,70.00871193761738
peter,60.89402750602734
ooh,60.89402750602734
made,60.89402750602734
west,60.89402750602734
devil,56.33839692259002
seen,44.92498997997987
golden,29.130205522682587
way,29.130205522682587
street,29.130205522682587
seem,29.130205522682587
master,29.130205522682587
june,29.130205522682587
tree,29.130205522682587
far,29.130205522682587
