WORD,VALUE,
shore,104.27640984260857
satan,103.99602888810062
ring,72.58349041852865
