WORD,VALUE,
lord,238.5348528089839
mayb,209.80617268493484
broken,172.8764090962725
trust,138.15682004237584
never,123.87141640033362
satan,123.87141640033362
heart,100.61529058847313
jesus,95.37327665626661
tomorrow,67.02338809818096
everyth,67.02338809818096
late,67.02338809818096
one,67.02338809818096
curtain,67.02338809818096
jordan,64.05577938947721
resent,61.847972844237276
bruce,60.06910730110734
peter,52.94036005329826
ooh,52.94036005329826
made,52.94036005329826
got,52.94036005329826
west,52.94036005329826
devil,48.386532873061896
seen,38.95996481583319
golden,25.153822647118282
way,25.153822647118282
street,25.153822647118282
seem,25.153822647118282
master,25.153822647118282
june,25.153822647118282
tree,25.153822647118282
far,25.153822647118282
