WORD,VALUE,
shore,104.38592753614193
satan,104.09467656381109
ring,72.64927156538081
