WORD,VALUE,
wan,119.7293722330643
weep,47.213698135907364
howl,44.582481716486456
tremble,22.291240858243228
thump,22.291240858243228
