WORD,VALUE,
god-fearing,30.2203321851827
low-down,30.2203321851827
