WORD,VALUE,
readi,482.9827634662103
true,230.04956515282507
slow,225.3412366343996
glad,208.66071562644166
right,180.5711707850834
dead,179.64260590930425
pure,169.13046187393346
blind,162.86774320963153
long,155.5252613250873
new,132.424534379407
real,112.6706183171998
last,102.39996586527197
big,96.00038028992772
littl,79.37834208823246
bad,79.37834208823246
high,72.42101572970064
mani,62.8241202079089
great,62.8241202079089
closer,62.8241202079089
worth,62.8241202079089
old,60.190390261694475
sweet,60.190390261694475
grate,60.190390261694475
black,46.37253113500299
differ,46.37253113500299
poor,46.37253113500299
better,46.37253113500299
higher,46.37253113500299
solid,46.37253113500299
east,46.37253113500299
hard,44.14151145980234
abl,44.14151145980234
cool,44.14151145980234
mine,44.14151145980234
swift,30.095195130847237
wrong,30.095195130847237
golden,30.095195130847237
full,30.095195130847237
half,30.095195130847237
wise,30.095195130847237
unknown,30.095195130847237
content,30.095195130847237
precious,30.095195130847237
wick,30.095195130847237
low-down,30.095195130847237
earth,30.095195130847237
dark,30.095195130847237
