WORD,VALUE,
senor,190.6526066056331
altar,62.2499564144281
groom,59.28322389486305
despair,23.24497568710036
