WORD,VALUE,
senor,232.80121560847928
others,90.66099655554811
bos,30.2203321851827
