WORD,VALUE,
senor,239.07361181892048
neath,30.2203321851827
