WORD,VALUE,
saw,175.5555718549759
waylay,30.2203321851827
