WORD,VALUE,
wan,578.9094590765155
shine,255.69473255810394
saw,150.89187841220843
curse,44.56971514216476
betray,36.09625628123695
amuse,23.24497568710036
