WORD,VALUE,
shine,256.369896193806
saw,151.26029017845417
curse,44.69243699378125
betray,36.188341636270074
amuse,23.306354199436914
