WORD,VALUE,
broken,74.23265809939338
ugly,45.453910772505196
ready,37.40390611613567
clean-cut,22.726955386252598
pure,19.820629905815814
usual,19.39753546748323
holy,18.531988593062877
glad,17.47747246186087
a-rollin,12.858973413508657
satisfied,9.68160862068148
grateful,7.412795437225151
corrupt,6.606876635271938
scared,6.606876635271938
sacred,5.855584591655849
near,4.740773722829387
solid,4.740773722829387
french,3.7063977186125756
rid,3.7063977186125756
fiery,3.7063977186125756
thirty,3.7063977186125756
content,3.7063977186125756
fond,3.7063977186125756
thirsty,3.7063977186125756
