WORD,VALUE,
trouble,77.83435209086409
bully,53.50247909964517
disease,46.58512547970715
shot,44.698348472535656
neighborhood,42.116632216408135
hell,40.500919092546354
shore,36.14469064983929
car,27.985589373004522
satan,26.084348707439162
rock,21.33272471998037
missouri,19.39753546748323
desert,19.36321724136296
killer,19.36321724136296
beat,19.36321724136296
pearl,16.256479065247984
nature,16.256479065247984
altar,13.213753270543876
grace,13.213753270543876
creation,12.858973413508657
dump,12.858973413508657
martin,12.858973413508657
luther,12.858973413508657
vow,12.101256823854214
step,11.711169183311698
union,11.11919315583773
idea,10.470229436209907
outlaw,10.255266280410257
greed,10.255266280410257
curl,9.68160862068148
honor,8.411361310775693
'til,8.411361310775693
tune,8.148910140056962
sally,7.412795437225151
cross,6.996397343251131
risin,6.996397343251131
ruby,6.606876635271938
pool,6.606876635271938
cent,6.606876635271938
movie,5.855584591655849
debt,4.740773722829387
stead,4.740773722829387
mistake,4.740773722829387
grain,4.740773722829387
temptation,4.740773722829387
oklahoma,4.740773722829387
border,4.740773722829387
foundation,4.740773722829387
destruction,3.7063977186125756
government,3.7063977186125756
alibi,3.7063977186125756
ghetto,3.7063977186125756
trap,3.7063977186125756
idol,3.7063977186125756
confession,3.7063977186125756
reflection,3.7063977186125756
outskirt,3.7063977186125756
crumb,3.7063977186125756
womb,3.7063977186125756
tub,3.7063977186125756
vanity,3.7063977186125756
score,3.7063977186125756
