WORD,VALUE,
troubl,77.95576313034317
bulli,48.858425694410215
shot,46.95492770638137
diseas,46.63266719752523
neighborhood,42.163530760027776
hell,40.57093645873225
broken,39.74250356095387
driftin,36.31321440711782
shore,36.199936278607616
trust,29.495569184571753
car,28.039545108518237
satan,26.11261646845064
rock,22.273075180098054
missouri,19.419378576225835
desert,19.387629502041563
killer,19.387629502041563
natur,19.387629502041563
dead,16.46975616185494
pearl,16.277678999792155
nightingal,16.122785310315713
vow,16.122785310315713
willi,16.122785310315713
shootin,16.122785310315713
never,15.82384992944975
beat,15.3508901340056
altar,13.231740878953614
grace,13.231740878953614
late,12.874391869982393
a-rollin,12.874391869982393
creation,12.874391869982393
forgiv,12.874391869982393
dump,12.874391869982393
martin,12.874391869982393
luther,12.874391869982393
union,11.136537590049027
idea,10.491425825896329
outlaw,10.270041562685558
greed,10.270041562685558
curl,9.693814751020781
tune,9.498248705671639
honor,8.425493418852554
sure,8.425493418852554
salli,7.424358393366018
rubi,6.615870439476807
pool,6.615870439476807
unto,6.615870439476807
cent,6.615870439476807
movi,5.866504373598276
made,5.866504373598276
debt,4.749124352835819
stead,4.749124352835819
someplac,4.749124352835819
grain,4.749124352835819
temptat,4.749124352835819
oklahoma,4.749124352835819
border,4.749124352835819
foundat,4.749124352835819
destruct,3.712179196683009
govern,3.712179196683009
alibi,3.712179196683009
ghetto,3.712179196683009
idol,3.712179196683009
buckl,3.712179196683009
confess,3.712179196683009
jumpin,3.712179196683009
thumpin,3.712179196683009
twilight,3.712179196683009
reflect,3.712179196683009
outskirt,3.712179196683009
crumb,3.712179196683009
womb,3.712179196683009
tub,3.712179196683009
vaniti,3.712179196683009
score,3.712179196683009
