WORD,VALUE,
satan,26.039139259406873
missouri,19.362601738423216
martin,12.834315403420927
luther,12.834315403420927
rock,12.834315403420927
risin,12.834315403420927
sally,7.394306573966535
ruby,6.59249434415649
bridge,6.59249434415649
oklahoma,4.727422719056912
yonder,3.6971532869832675
