WORD,VALUE,
satan,26.084348707439162
missouri,19.39753546748323
martin,12.858973413508657
luther,12.858973413508657
rock,12.858973413508657
risin,12.858973413508657
sally,7.412795437225151
ruby,6.606876635271938
bridge,6.606876635271938
oklahoma,4.740773722829387
yonder,3.7063977186125756
