WORD,VALUE,
trust,57.84656410843784
thank,29.021256376504972
seen,22.71082772470856
press,19.803263795049507
ramble,17.861365702013053
handle,16.092162449345608
resent,12.849049126737775
rule,9.673752125501657
cripple,7.405353613229716
mi,7.405353613229716
remind,6.987717070033419
dare,6.987717070033419
drifting,6.601087931683168
flood,6.601087931683168
notice,6.601087931683168
arise,5.8485574388448
ruin,5.8485574388448
made,5.8485574388448
slave,4.735399690425005
intend,4.735399690425005
mount,3.702676806614858
choke,3.702676806614858
thump,3.702676806614858
using,3.702676806614858
capture,3.702676806614858
bake,3.702676806614858
snap,3.702676806614858
