WORD,VALUE,
trust,57.892049959110125
thank,29.044825862044444
save,28.14887000353604
ramble,23.444700962505646
press,19.820629905815814
driftin,19.39753546748323
handle,16.10415452770754
shootin,16.10415452770754
resent,12.858973413508657
name,11.635189741182923
rule,9.68160862068148
cripple,7.412795437225151
mi,7.412795437225151
remind,6.996397343251131
dare,6.996397343251131
flood,6.606876635271938
arise,5.855584591655849
ruin,5.855584591655849
slave,4.740773722829387
breakin,4.740773722829387
notice,4.740773722829387
mount,3.7063977186125756
jumpin,3.7063977186125756
thumpin,3.7063977186125756
capture,3.7063977186125756
bake,3.7063977186125756
snap,3.7063977186125756
