WORD,VALUE,
dandy,56.01702465121985
blue-eyed,16.160455040506285
gay,12.118834610600306
frail,8.408223245045868
broke,8.408223245045868
bended,8.408223245045868
tender,8.408223245045868
foggy,4.8718649482416065
wee,4.8718649482416065
pleasant,4.8718649482416065
high-heeled,4.8718649482416065
bold,4.8718649482416065
