WORD,VALUE,
dandy,56.19397239569573
blue-eyed,16.245857387467968
gay,12.16481741216363
frail,8.44230014270805
broke,8.44230014270805
bended,8.44230014270805
tender,8.44230014270805
foggy,4.894035942002647
wee,4.894035942002647
pleasant,4.894035942002647
high-heeled,4.894035942002647
bold,4.894035942002647
