WORD,VALUE,
dandy,56.034508070748
blue-eyed,16.16889053366776
gay,12.12337760007868
frail,8.411589831792442
broke,8.411589831792442
bended,8.411589831792442
tender,8.411589831792442
foggy,4.874055132256383
wee,4.874055132256383
pleasant,4.874055132256383
high-heeled,4.874055132256383
bold,4.874055132256383
