WORD,VALUE,
uh-huh,222.55971150223732
dandi,51.23491359465467
ten,37.84650810583521
cat,35.22763421991539
davey,31.72724351369793
rat,25.712125472928577
albert,23.645777687449907
b.,23.645777687449907
closer,19.19247552395314
wed,17.7137671538581
frog,16.735862203971756
linger,16.05952660046349
blue-ey,16.05952660046349
twenti,16.036489999144052
momma,15.863621756848964
sailor,14.714250505136086
dig,13.155578275524952
finest,13.155578275524952
pat,13.034253953433648
waist,12.064460025708605
gay,12.064460025708605
forsak,11.358010028808
arthur,11.207336957664776
led,9.691310494026663
tick,9.691310494026663
leather,9.688036641914596
bee,9.688036641914596
ate,8.367931101985878
layin,8.367931101985878
london,8.367931101985878
flyin,8.029763300231744
mistreat,8.029763300231744
snake,8.029763300231744
nine,6.397491841317713
goodnight,4.845655247013331
foggi,4.845655247013331
cousin,4.845655247013331
wee,4.845655247013331
pleasant,4.845655247013331
bargain,4.845655247013331
delight,4.845655247013331
scarc,4.845655247013331
high-heel,4.845655247013331
daylight,4.845655247013331
engag,4.845655247013331
bump,4.845655247013331
forty-four,4.845655247013331
buddi,4.845655247013331
niec,4.845655247013331
shop,4.845655247013331
napkin,4.845655247013331
woe,4.845655247013331
jacki,4.845655247013331
confin,4.845655247013331
cannonbal,4.845655247013331
hush,4.845655247013331
