WORD,VALUE,
dandy,51.61754678769471
ten,38.323939433173685
cat,35.6262841396572
davey,31.979934978073693
rat,25.97642129713162
albert,23.824100111103498
wedding,21.088560698136337
frog,16.8846002854161
linger,16.245857387467968
blue-eyed,16.245857387467968
twenty,16.20402443336846
momma,15.989967489036847
sailor,14.896985295664168
pat,13.194596394705268
waist,12.16481741216363
gay,12.16481741216363
arthur,11.326490696899867
gamblin,11.326490696899867
leather,9.803594384673296
bee,9.803594384673296
mistreat,9.788071884005294
tick,9.788071884005294
creep,9.788071884005294
frail,8.44230014270805
bended,8.44230014270805
layin,8.44230014270805
london,8.44230014270805
snake,8.122928693733984
nine,6.4682648855634906
goodnight,4.894035942002647
foggy,4.894035942002647
cousin,4.894035942002647
wee,4.894035942002647
pleasant,4.894035942002647
bargain,4.894035942002647
high-heeled,4.894035942002647
daylight,4.894035942002647
woke,4.894035942002647
square,4.894035942002647
engage,4.894035942002647
bold,4.894035942002647
forty-four,4.894035942002647
holding,4.894035942002647
buddy,4.894035942002647
niece,4.894035942002647
napkin,4.894035942002647
park,4.894035942002647
woe,4.894035942002647
jackie,4.894035942002647
confine,4.894035942002647
cannonball,4.894035942002647
hush,4.894035942002647
