WORD,VALUE,
uh-huh,223.4252300345895
dandy,51.459560655339395
ten,38.126705567873515
cat,35.461620930887435
davey,31.8755963515651
rat,25.867265939823383
albert,23.75047179551052
b.,23.75047179551052
wedding,20.999386150574367
frog,16.823179663584884
linger,16.16889053366776
blue-eyed,16.16889053366776
twenty,16.134830695552754
momma,15.93779817578255
sailor,14.821496634456391
pat,13.128359042074408
waist,12.12337760007868
gay,12.12337760007868
arthur,11.27727776883042
leather,9.755859649196275
bee,9.755859649196275
mistreat,9.748110264512766
tick,9.748110264512766
frail,8.411589831792442
broke,8.411589831792442
bended,8.411589831792442
layin,8.411589831792442
london,8.411589831792442
flyin,8.08444526683388
snake,8.08444526683388
nine,6.43903276724031
goodnight,4.874055132256383
foggy,4.874055132256383
cousin,4.874055132256383
wee,4.874055132256383
pleasant,4.874055132256383
bargain,4.874055132256383
high-heeled,4.874055132256383
daylight,4.874055132256383
square,4.874055132256383
engage,4.874055132256383
bold,4.874055132256383
bump,4.874055132256383
forty-four,4.874055132256383
buddy,4.874055132256383
niece,4.874055132256383
napkin,4.874055132256383
woe,4.874055132256383
jackie,4.874055132256383
confine,4.874055132256383
cannonball,4.874055132256383
hush,4.874055132256383
