WORD,VALUE,
burn,39.763254169136246
miss,36.370132800236036
cat,35.461620930887435
davey,31.8755963515651
rat,25.867265939823383
albert,23.75047179551052
b.,23.75047179551052
wedding,20.999386150574367
frog,16.823179663584884
pat,16.134830695552754
momma,15.93779817578255
sailor,14.821496634456391
waist,12.12337760007868
blind,12.12337760007868
arthur,11.27727776883042
gamblin,11.27727776883042
leather,9.755859649196275
bee,9.755859649196275
london,8.411589831792442
snake,8.08444526683388
sigh,8.08444526683388
downtown,6.43903276724031
cousin,4.874055132256383
daylight,4.874055132256383
drive,4.874055132256383
bump,4.874055132256383
buddy,4.874055132256383
niece,4.874055132256383
napkin,4.874055132256383
park,4.874055132256383
woe,4.874055132256383
jackie,4.874055132256383
cannonball,4.874055132256383
ease,4.874055132256383
