WORD,VALUE,
miss,36.19338007712581
cat,35.22763421991539
davey,31.72724351369793
rat,25.712125472928577
albert,23.645777687449907
b.,23.645777687449907
wed,20.87264556892261
frog,16.735862203971756
pat,16.036489999144052
momma,15.863621756848964
sailor,14.714250505136086
waist,12.064460025708605
arthur,11.207336957664776
blind,9.691310494026663
leather,9.688036641914596
bee,9.688036641914596
tick,8.367931101985878
layin,8.367931101985878
london,8.367931101985878
flyin,8.029763300231744
snake,8.029763300231744
goodnight,4.845655247013331
cousin,4.845655247013331
wee,4.845655247013331
bid,4.845655247013331
daylight,4.845655247013331
bump,4.845655247013331
buddi,4.845655247013331
niec,4.845655247013331
napkin,4.845655247013331
woe,4.845655247013331
jacki,4.845655247013331
cannonbal,4.845655247013331
eas,4.845655247013331
