WORD,VALUE,
davey,31.8755963515651
miss,25.23476949537733
albert,23.75047179551052
b.,23.75047179551052
arthur,11.27727776883042
judge,9.748110264512766
mouse,8.411589831792442
london,8.411589831792442
jackie,4.874055132256383
