WORD,VALUE,
miss,36.19338007712581
davey,35.57772213233208
albert,23.645777687449907
b.,23.645777687449907
feel,22.81254701629409
black,19.76601002549613
arthur,11.207336957664776
judg,9.691310494026663
mous,8.367931101985878
london,8.367931101985878
took,6.397491841317713
jacki,4.845655247013331
