WORD,VALUE,
miss,37.07179629751539
davey,36.325245450909335
albert,24.165942050136803
b.,24.165942050136803
feel,23.45326441306935
black,20.496260853187877
arthur,11.555248947643502
judg,9.973776033099227
mous,8.584950190152284
london,8.584950190152284
good,8.301888971580352
took,6.604171061760159
jacki,4.986888016549614
