WORD,VALUE,
davey,31.86415756714476
miss,25.224669735137603
albert,23.742399597836748
b.,23.742399597836748
judge,12.118834610600306
arthur,11.271883619517887
mouse,8.408223245045868
london,8.408223245045868
jackie,4.8718649482416065
