WORD,VALUE,
step,33.03411714039303
linger,16.16889053366776
mistreat,9.748110264512766
layin,8.411589831792442
flyin,8.08444526683388
creep,6.43903276724031
engage,4.874055132256383
pace,4.874055132256383
bloom,4.874055132256383
confine,4.874055132256383
