WORD,VALUE,
step,31.79915086031891
linger,16.160455040506285
mistreat,9.743729896483213
layin,8.408223245045868
charm,6.4358288019425505
woke,4.8718649482416065
reel,4.8718649482416065
engage,4.8718649482416065
bloom,4.8718649482416065
confine,4.8718649482416065
