WORD,VALUE,
mama,19.73059980936103
linger,16.05952660046349
forsak,11.358010028808
led,9.691310494026663
ate,8.367931101985878
gambl,8.029763300231744
mistreat,8.029763300231744
creep,8.029763300231744
dig,6.397491841317713
finish,4.845655247013331
engag,4.845655247013331
confin,4.845655247013331
