WORD,VALUE,
older,16.653157897530537
younger,14.456285236438902
complet,9.637523490959266
weird,8.326578948765269
nake,7.978000099004474
constant,4.818761745479633
countless,4.818761745479633
phoni,4.818761745479633
wateri,4.818761745479633
lynch,4.818761745479633
