WORD,VALUE,
older,16.623550635168492
younger,14.427406738902347
complete,9.618271159268232
weird,8.311775317584246
naked,7.959476532138934
phony,4.809135579634116
watery,4.809135579634116
lynch,4.809135579634116
