WORD,VALUE,
maggi,52.497286142659206
row,35.88780850600372
desol,35.86062418742093
eden,31.83040001882981
farm,29.394375478632586
toll,24.27841140352723
food,21.11099539242519
gaze,20.593260123380364
pawn,20.593260123380364
chime,18.167715569970454
factori,18.167715569970454
kitchen,17.806380760032496
disgrac,16.90005055007181
older,16.90005055007181
freedom,16.26522323585104
jone,16.221432489887853
critic,16.221432489887853
flash,14.91598079269988
chase,14.697187739316293
younger,14.697187739316293
pound,13.211263748529937
bum,12.175241039049894
proud,11.510299331436784
except,9.815605452075879
blanket,9.815605452075879
bid,9.815605452075879
william,9.815605452075879
constant,9.798125159544195
easili,9.798125159544195
direct,9.798125159544195
accept,9.798125159544195
trace,8.450025275035905
possess,8.450025275035905
stab,8.450025275035905
invit,8.450025275035905
coast,8.450025275035905
phantom,8.450025275035905
candl,8.450025275035905
fold,8.450025275035905
weird,8.450025275035905
shift,8.450025275035905
nake,8.13261161792552
complain,8.13261161792552
aim,8.13261161792552
complet,8.13261161792552
shotgun,6.475619666543984
wishin,6.475619666543984
carryin,6.475619666543984
monkey,6.475619666543984
equal,6.475619666543984
hero,6.475619666543984
defin,4.899062579772098
countless,4.899062579772098
crutch,4.899062579772098
secur,4.899062579772098
petti,4.899062579772098
flight,4.899062579772098
sleev,4.899062579772098
a-cryin,4.899062579772098
louder,4.899062579772098
a-bleedin,4.899062579772098
dakota,4.899062579772098
listenin,4.899062579772098
flip,4.899062579772098
sailin,4.899062579772098
flashin,4.899062579772098
hood,4.899062579772098
jealous,4.899062579772098
insur,4.899062579772098
mail,4.899062579772098
princess,4.899062579772098
club,4.899062579772098
wateri,4.899062579772098
tenni,4.899062579772098
tramp,4.899062579772098
shower,4.899062579772098
map,4.899062579772098
memor,4.899062579772098
nobl,4.899062579772098
lagoon,4.899062579772098
artist,4.899062579772098
rattl,4.899062579772098
medicin,4.899062579772098
cloak,4.899062579772098
