WORD,VALUE,
a-gonna,57.23577193100811
maggi,51.78777337768578
row,39.44050331610569
farm,30.966945498518662
eden,24.979736846295815
pawn,23.546590927481652
food,20.752636712941033
factori,17.883667575114885
disgrac,16.653157897530537
jone,15.94337464469617
kitchen,14.612747904521669
neath,9.623838590840538
blanket,9.623838590840538
william,9.623838590840538
bum,8.326578948765269
coast,8.326578948765269
candl,8.326578948765269
direct,8.326578948765269
proud,8.326578948765269
unknown,7.978000099004474
cost,7.978000099004474
shotgun,6.358163489937228
carryin,6.358163489937228
monkey,6.358163489937228
advic,6.358163489937228
hero,6.358163489937228
crutch,4.818761745479633
flight,4.818761745479633
sleev,4.818761745479633
a-cryin,4.818761745479633
a-bleedin,4.818761745479633
dakota,4.818761745479633
flashin,4.818761745479633
hood,4.818761745479633
shout,4.818761745479633
pound,4.818761745479633
claw,4.818761745479633
princess,4.818761745479633
club,4.818761745479633
drag,4.818761745479633
whether,4.818761745479633
tenni,4.818761745479633
court,4.818761745479633
shower,4.818761745479633
second,4.818761745479633
map,4.818761745479633
equal,4.818761745479633
lagoon,4.818761745479633
artist,4.818761745479633
medicin,4.818761745479633
cloak,4.818761745479633
