WORD,VALUE,
maggi,52.497286142659206
row,39.90911357820171
eden,31.83040001882981
farm,31.454740653937336
pawn,23.842619221664982
food,21.11099539242519
factori,18.167715569970454
kitchen,17.806380760032496
disgrac,16.90005055007181
freedom,16.26522323585104
jone,16.221432489887853
blanket,9.815605452075879
william,9.815605452075879
bum,8.450025275035905
coast,8.450025275035905
candl,8.450025275035905
direct,8.450025275035905
proud,8.450025275035905
unknown,8.13261161792552
shotgun,6.475619666543984
carryin,6.475619666543984
monkey,6.475619666543984
hero,6.475619666543984
crutch,4.899062579772098
flight,4.899062579772098
sleev,4.899062579772098
a-cryin,4.899062579772098
a-bleedin,4.899062579772098
dakota,4.899062579772098
listenin,4.899062579772098
sailin,4.899062579772098
flashin,4.899062579772098
hood,4.899062579772098
shout,4.899062579772098
pound,4.899062579772098
claw,4.899062579772098
princess,4.899062579772098
club,4.899062579772098
drag,4.899062579772098
whether,4.899062579772098
tenni,4.899062579772098
court,4.899062579772098
shower,4.899062579772098
second,4.899062579772098
map,4.899062579772098
polit,4.899062579772098
equal,4.899062579772098
lagoon,4.899062579772098
frame,4.899062579772098
artist,4.899062579772098
medicin,4.899062579772098
cloak,4.899062579772098
