WORD,VALUE,
Maggie,51.70267152628416
Eden,31.40221231749607
Row,27.442658175018742
Queen,26.125805647488207
Man,17.9091612671813
Daddy,16.623550635168492
Mister,15.91004744664961
Jones,15.91004744664961
William,13.062902823744103
Blue,9.618271159268232
Captain,7.959476532138934
Dakota,4.809135579634116
Whether,4.809135579634116
