WORD,VALUE,
gaze,20.593260123380364
lookin,20.041901790462447
chase,19.898754503284845
chime,18.167715569970454
babe,16.90005055007181
flash,12.951239333087967
critic,12.951239333087967
act,9.815605452075879
fire,9.798125159544195
bid,9.798125159544195
accept,9.798125159544195
crash,8.13261161792552
complain,8.13261161792552
fear,8.13261161792552
hid,6.475619666543984
preach,6.475619666543984
promis,6.475619666543984
charg,6.475619666543984
block,4.899062579772098
defin,4.899062579772098
nail,4.899062579772098
order,4.899062579772098
invit,4.899062579772098
flip,4.899062579772098
duck,4.899062579772098
load,4.899062579772098
milk,4.899062579772098
memor,4.899062579772098
sparkl,4.899062579772098
rattl,4.899062579772098
