WORD,VALUE,
dandy,174.71225150283902
clean-cut,86.86458701017656
scared,30.681648764059226
sexy,21.120782916110873
