WORD,VALUE,
dandy,174.56278216957148
clean-cut,86.7849080018423
scared,30.65178632036443
sexy,21.10086807386461
