WORD,VALUE,
broken,568.6996201666695
a-rollin,74.32480743347186
