WORD,VALUE,
wiggle,662.7397449311222
brownsville,191.72558297273486
bully,191.3515071283105
conceit,150.18170074173022
dawn,98.32861538182966
polly,93.38899441931879
satan,86.7849080018423
vow,77.67920411465913
fandango,44.831935201871566
peck,42.20173614772922
durango,42.20173614772922
shenandoah,42.20173614772922
curl,40.28313943147389
porter,30.65178632036443
sorrow,30.65178632036443
