WORD,VALUE,
wiggle,663.2779562948505
brownsville,191.88503918614933
bully,191.5208716644751
conceit,150.31123559340233
dawn,98.4281110356642
polly,93.46871270635143
satan,86.86458701017656
vow,77.74893552154484
fandango,44.871784525713295
peck,42.241565832221745
durango,42.241565832221745
shenandoah,42.241565832221745
curl,40.32294947661723
porter,30.681648764059226
sorrow,30.681648764059226
