WORD,VALUE,
wiggle,721.5954145006792
silvio,166.35069212536536
teardrop,71.35645704670036
outskirt,28.073945374393993
