WORD,VALUE,
brownsville,191.72558297273486
shore,98.32861538182966
polly,93.38899441931879
satan,86.7849080018423
ring,69.01033733483568
almighty,44.831935201871566
peck,42.20173614772922
durango,42.20173614772922
shenandoah,42.20173614772922
mi,40.28313943147389
