WORD,VALUE,
brownsville,191.88503918614933
shore,98.4281110356642
polly,93.46871270635143
satan,86.86458701017656
ring,69.07012114027285
almighty,44.871784525713295
peck,42.241565832221745
durango,42.241565832221745
shenandoah,42.241565832221745
mi,40.32294947661723
