WORD,VALUE,
silvio,166.35069212536536
durango,54.22603664954559
