WORD,VALUE,
wan,162.3632927751608
saw,77.67920411465913
weep,44.831935201871566
howl,42.20173614772922
slave,32.87927510349299
thump,21.10086807386461
pierce,21.10086807386461
