WORD,VALUE,
saw,77.74893552154484
weep,44.871784525713295
howl,42.241565832221745
slave,32.909157186536994
thump,21.120782916110873
pierce,21.120782916110873
