WORD,VALUE,
uh-huh,201.78179375409238
dandi,52.41017164642457
broken,37.648900904073926
roll,25.304641906634618
babi,18.984031000419613
closer,15.936879620898047
blue-ey,14.433763073483496
gay,11.183429004332318
finest,8.84435410159352
longer,8.84435410159352
fat,8.84435410159352
bend,7.715676493189449
stormi,7.715676493189449
tender,7.715676493189449
foggi,4.42217705079676
pleasant,4.42217705079676
high-heel,4.42217705079676
bold,4.42217705079676
