WORD,VALUE,
broken,83.26291576738318
dandy,52.624187119723786
blue-eyed,14.535425107090218
gay,11.2388257109477
frail,7.756653311924483
broke,7.756653311924483
bended,7.756653311924483
tender,7.756653311924483
foggy,4.448733981651445
wee,4.448733981651445
pleasant,4.448733981651445
high-heeled,4.448733981651445
bold,4.448733981651445
