WORD,VALUE,
broken,83.26291576738318
dandy,48.083149292236286
disease,37.273583230778975
ten,33.94906498385106
cat,31.965074708469334
davey,29.647261834777098
wedding,24.294758440203346
rat,23.544954405456778
frog,22.17707379859047
albert,22.17707379859047
linger,19.10239576681269
seen,18.963472832166747
momma,14.823630917388549
twenty,14.663161462396019
blue-eyed,14.535425107090218
sailor,13.221940795799949
engine,11.724508984759886
pat,11.724508984759886
waist,11.2388257109477
gay,11.2388257109477
teardrop,11.2388257109477
arthur,10.230929686278625
gamblin,10.230929686278625
mistreat,8.89746796330289
tick,8.89746796330289
creep,8.89746796330289
leather,8.743421154565587
bee,8.743421154565587
frail,7.756653311924483
bended,7.756653311924483
stormy,7.756653311924483
bull,7.756653311924483
layin,7.756653311924483
london,7.756653311924483
snake,7.267712553545109
nine,5.8180058352934525
goodnight,4.448733981651445
foggy,4.448733981651445
cousin,4.448733981651445
wee,4.448733981651445
pleasant,4.448733981651445
bargain,4.448733981651445
high-heeled,4.448733981651445
daylight,4.448733981651445
woke,4.448733981651445
square,4.448733981651445
engage,4.448733981651445
bold,4.448733981651445
forty-four,4.448733981651445
holding,4.448733981651445
buddy,4.448733981651445
mount,4.448733981651445
niece,4.448733981651445
fortress,4.448733981651445
napkin,4.448733981651445
park,4.448733981651445
woe,4.448733981651445
jackie,4.448733981651445
confine,4.448733981651445
cannonball,4.448733981651445
hush,4.448733981651445
willow,4.448733981651445
turning,4.448733981651445
