WORD,VALUE,
uh-huh,209.58760524307166
broken,88.44354101593518
dandi,47.87141666384308
diseas,37.09297322305248
cat,36.656539068362676
ten,33.68962139157795
polit,30.04102863391388
davey,29.507628645785633
rat,23.40003270820901
frog,22.07841742833405
albert,22.07841742833405
b.,22.07841742833405
wed,20.331357563189837
linger,18.984031000419613
shootin,18.392015962825027
closer,17.33793558439329
twenti,14.57135362685763
blue-ey,14.433763073483496
sailor,13.12256160709924
dig,12.079845470511952
finest,12.079845470511952
pat,11.637266839033515
waist,11.183429004332318
gay,11.183429004332318
teardrop,11.183429004332318
arthur,10.165678781594918
forsak,10.15572469804458
flyin,8.84435410159352
led,8.84435410159352
tick,8.84435410159352
leather,8.68045309478789
bee,8.68045309478789
stormi,7.715676493189449
bull,7.715676493189449
ate,7.715676493189449
layin,7.715676493189449
london,7.715676493189449
backward,7.715676493189449
mistreat,7.216881536741748
snake,7.216881536741748
creep,7.216881536741748
nine,5.77931186146443
foggi,4.42217705079676
cousin,4.42217705079676
wee,4.42217705079676
pleasant,4.42217705079676
bargain,4.42217705079676
delight,4.42217705079676
scarc,4.42217705079676
lad,4.42217705079676
high-heel,4.42217705079676
daylight,4.42217705079676
spoken,4.42217705079676
engag,4.42217705079676
bump,4.42217705079676
forty-four,4.42217705079676
buddi,4.42217705079676
mount,4.42217705079676
niec,4.42217705079676
fortress,4.42217705079676
shop,4.42217705079676
napkin,4.42217705079676
woe,4.42217705079676
jacki,4.42217705079676
confin,4.42217705079676
cannonbal,4.42217705079676
hush,4.42217705079676
willow,4.42217705079676
