WORD,VALUE,
Next,75.48230944027308
dandy,52.3305277396572
Ten,51.51755975359889
Broken,48.49623098352629
played,47.29600076291104
broken,43.46290348637059
Give,37.8800086783612
Feel,37.02577138037357
disease,37.02577138037357
Ring,36.72134216827836
till,35.0794567296024
Miss,33.48845172899376
cat,31.796439036669522
Davey,29.45567200576539
step,29.137634954779205
Albert,22.041705990972474
B.,22.041705990972474
Black,20.255595425665476
Seen,18.83124234282326
pat,18.83124234282326
shootin,18.36067108413918
wedding,17.649193627255247
closer,17.294763396522775
blue-eyed,14.39595744428871
sailor,13.085610451272954
engine,11.604827768514452
forsake,11.52984226434852
momma,11.16281724299792
waist,11.16281724299792
gambled,11.16281724299792
Judge,11.16281724299792
tick,11.16281724299792
gay,11.16281724299792
teardrop,11.16281724299792
Arthur,10.1414094083218
twenty,10.1414094083218
heal,8.824596813627624
finest,8.824596813627624
led,8.824596813627624
leather,8.657038194883272
bee,8.657038194883272
Six,7.7004312905307755
mark,7.7004312905307755
bended,7.7004312905307755
stormy,7.7004312905307755
bull,7.7004312905307755
Mouse,7.7004312905307755
layin,7.7004312905307755
London,7.7004312905307755
flyin,7.197978722144355
snake,7.197978722144355
linger,7.197978722144355
Many,7.197978722144355
danced,5.76492113217426
dig,5.76492113217426
praying,5.76492113217426
mistreat,5.76492113217426
bleed,5.76492113217426
downtown,5.76492113217426
foggy,4.412298406813812
cousin,4.412298406813812
wee,4.412298406813812
pleasant,4.412298406813812
sixteen,4.412298406813812
high-heeled,4.412298406813812
saddle,4.412298406813812
daylight,4.412298406813812
Woke,4.412298406813812
square,4.412298406813812
hearing,4.412298406813812
pressed,4.412298406813812
spoken,4.412298406813812
shooting,4.412298406813812
bold,4.412298406813812
gained,4.412298406813812
bump,4.412298406813812
starting,4.412298406813812
Twenty,4.412298406813812
forty-four,4.412298406813812
hoping,4.412298406813812
Straight,4.412298406813812
mount,4.412298406813812
niece,4.412298406813812
fortress,4.412298406813812
blooming,4.412298406813812
napkin,4.412298406813812
park,4.412298406813812
woe,4.412298406813812
Jackie,4.412298406813812
confine,4.412298406813812
cannonball,4.412298406813812
willow,4.412298406813812
surrender,4.412298406813812
Believe,4.412298406813812
