WORD,VALUE,
uh-huh,209.41752688687197
broken,82.9095261878595
dandi,47.827362783787834
diseas,37.055397939240386
ten,33.63568033704252
cat,31.702050014914242
davey,29.47857767955712
polit,27.455783180873425
rat,23.369890882064997
frog,22.057890779689096
albert,22.057890779689096
b.,22.057890779689096
wed,20.304216319811168
linger,18.959412909093828
shootin,18.37448989694542
closer,17.31379492377997
momma,14.73928883977856
twenti,14.552259270350067
blue-ey,14.412622995635518
sailor,13.101898959963723
dig,12.065797418110154
finest,12.065797418110154
pat,11.619127343950883
waist,11.171904103983401
gay,11.171904103983401
teardrop,11.171904103983401
arthur,10.152108159905584
forsak,10.140108355014824
led,8.833306631957067
tick,8.833306631957067
leather,8.667359903811018
bee,8.667359903811018
stormi,7.707152175605879
bull,7.707152175605879
ate,7.707152175605879
layin,7.707152175605879
london,7.707152175605879
backward,7.707152175605879
flyin,7.206311497817759
mistreat,7.206311497817759
snake,7.206311497817759
nine,5.771264974593324
goodnight,4.416653315978533
foggi,4.416653315978533
cousin,4.416653315978533
wee,4.416653315978533
pleasant,4.416653315978533
bargain,4.416653315978533
delight,4.416653315978533
scarc,4.416653315978533
high-heel,4.416653315978533
daylight,4.416653315978533
spoken,4.416653315978533
engag,4.416653315978533
bump,4.416653315978533
forty-four,4.416653315978533
buddi,4.416653315978533
mount,4.416653315978533
niec,4.416653315978533
fortress,4.416653315978533
shop,4.416653315978533
napkin,4.416653315978533
woe,4.416653315978533
jacki,4.416653315978533
confin,4.416653315978533
cannonbal,4.416653315978533
hush,4.416653315978533
willow,4.416653315978533
