WORD,VALUE,
Broken,44.671480821239506
burn,37.05688110132182
disease,37.02577138037357
Miss,33.48845172899376
cat,31.796439036669522
Feel,29.984559908586412
Davey,29.45567200576539
Albert,22.041705990972474
B.,22.041705990972474
step,21.731451743185296
shootin,18.36067108413918
wedding,17.649193627255247
Black,17.5397283648012
sailor,13.085610451272954
engine,11.604827768514452
walk,11.604827768514452
momma,11.16281724299792
waist,11.16281724299792
Judge,11.16281724299792
teardrop,11.16281724299792
Arthur,10.1414094083218
leather,8.657038194883272
bee,8.657038194883272
mark,7.7004312905307755
bull,7.7004312905307755
Mouse,7.7004312905307755
layin,7.7004312905307755
London,7.7004312905307755
blind,7.7004312905307755
Seen,7.7004312905307755
flyin,7.197978722144355
snake,7.197978722144355
downtown,5.76492113217426
cousin,4.412298406813812
wee,4.412298406813812
saddle,4.412298406813812
daylight,4.412298406813812
drive,4.412298406813812
bump,4.412298406813812
Straight,4.412298406813812
niece,4.412298406813812
fortress,4.412298406813812
napkin,4.412298406813812
park,4.412298406813812
woe,4.412298406813812
Jackie,4.412298406813812
cannonball,4.412298406813812
willow,4.412298406813812
ease,4.412298406813812
