WORD,VALUE,
broken,44.7018614654184
diseas,37.055397939240386
miss,33.5157123119502
cat,31.702050014914242
davey,29.47857767955712
step,24.535871516131394
wed,24.13159483622031
rat,23.369890882064997
frog,22.057890779689096
albert,22.057890779689096
b.,22.057890779689096
shootin,18.37448989694542
momma,14.73928883977856
blind,14.73928883977856
pat,14.552259270350067
sailor,13.101898959963723
waist,11.171904103983401
teardrop,11.171904103983401
arthur,10.152108159905584
leather,8.667359903811018
bee,8.667359903811018
bull,7.707152175605879
tick,7.707152175605879
layin,7.707152175605879
london,7.707152175605879
seen,7.707152175605879
flyin,7.206311497817759
snake,7.206311497817759
mark,5.771264974593324
goodnight,4.416653315978533
cousin,4.416653315978533
wee,4.416653315978533
bid,4.416653315978533
daylight,4.416653315978533
bump,4.416653315978533
buddi,4.416653315978533
straight,4.416653315978533
niec,4.416653315978533
fortress,4.416653315978533
napkin,4.416653315978533
woe,4.416653315978533
jacki,4.416653315978533
cannonbal,4.416653315978533
willow,4.416653315978533
eas,4.416653315978533
