WORD,VALUE,
Broken,44.671480821239506
Miss,33.48845172899376
Davey,33.271221522087885
Feel,26.519758671231905
Albert,22.041705990972474
B.,22.041705990972474
Black,17.5397283648012
Judge,11.16281724299792
Arthur,10.1414094083218
Mouse,7.7004312905307755
London,7.7004312905307755
Seen,7.7004312905307755
Took,5.76492113217426
Straight,4.412298406813812
Jackie,4.412298406813812
