WORD,VALUE,
broken,44.74039161065542
miss,33.55028701299695
davey,33.324032635476634
feel,26.57086083788365
albert,22.07841742833405
b.,22.07841742833405
black,17.590215776549154
arthur,10.165678781594918
judg,8.84435410159352
mous,7.715676493189449
london,7.715676493189449
seen,7.715676493189449
good,7.216881536741748
took,5.77931186146443
straight,4.42217705079676
jacki,4.42217705079676
