WORD,VALUE,
step,28.11568852957845
linger,19.024517306111832
seen,18.90006802163266
mistreat,8.86252205828681
layin,7.729694057577107
charm,5.792546232116711
woke,4.431261029143405
reel,4.431261029143405
engage,4.431261029143405
mount,4.431261029143405
joke,4.431261029143405
bloom,4.431261029143405
confine,4.431261029143405
