WORD,VALUE,
broken,577.0444137652638
a-rollin,73.34492324375256
fiery,27.682034290810865
content,27.682034290810865
