WORD,VALUE,
clean-cut,85.21474512276099
fine,30.063332005633285
scared,30.063332005633285
broken-hearted,20.70842928692981
sexy,20.70842928692981
