WORD,VALUE,
silvio,163.99929661104085
teardrop,70.37664384415537
bos,27.682034290810865
outskirt,27.682034290810865
