WORD,VALUE,
brownsville,188.769599883326
satan,96.97601695204489
shore,96.48432865182146
polly,91.91119408063659
ring,67.90208268383515
almighty,44.093226238552695
peck,41.46340959645481
durango,41.46340959645481
shenandoah,41.46340959645481
mi,39.54519529224393
