WORD,VALUE,
brownsville,188.58321855786167
satan,96.87123917225924
shore,96.36805237252413
polly,91.81801607755325
ring,67.83220551134706
almighty,44.04664989665985
peck,41.41685857385962
durango,41.41685857385962
shenandoah,41.41685857385962
mi,39.49866958894641
