WORD,VALUE,
silvio,163.99929661104085
durango,53.44228546955363
