WORD,VALUE,
wan,255.99533992478908
saw,64.58082611483948
weep,44.04664989665985
howl,41.41685857385962
curse,39.49866958894641
slave,32.29041305741974
tremble,20.70842928692981
thump,20.70842928692981
pierce,20.70842928692981
