WORD,VALUE,
sad-eyed,207.15159299964117
broken,123.27681197678734
leopard-skin,90.09486571660018
pill-box,63.25328193372355
jingle-jangle,63.25328193372355
a-changin,63.25328193372355
a-gonna,60.28632899858491
frozen,49.92440627644535
faithful,49.92440627644535
fiery,36.698163426584784
god-fearing,23.646173645474388
bored,23.646173645474388
blowed,23.646173645474388
low-down,23.646173645474388
