WORD,VALUE,
senor,183.4908171329239
others,163.0743953781093
suckling,146.79265370633914
neath,110.09449027975435
bos,63.25328193372355
toil,36.698163426584784
travelin,34.46881471210198
moan,23.646173645474388
starin,23.646173645474388
evers,23.646173645474388
