WORD,VALUE,
senor,189.75984580117068
tambourine,123.27681197678734
desolation,116.1583564538202
papa,60.28632899858491
rooster,56.300968457345284
starin,23.646173645474388
neath,23.646173645474388
evers,23.646173645474388
