WORD,VALUE,
saw,396.2737615947583
waylay,23.646173645474388
