WORD,VALUE,
readi,37.92394169065766
broken,34.64654956176259
ugli,32.46753702527512
clean-cut,22.44202375952559
pure,19.513965313634984
usual,19.149145859956235
holi,17.334459899070147
glad,17.062143042410938
satisfi,10.087365238156384
grate,7.2814364141712895
corrupt,6.504655104544996
sacr,5.731630095475083
content,4.64595671897554
solid,4.64595671897554
east,4.64595671897554
french,3.6407182070856448
rid,3.6407182070856448
fieri,3.6407182070856448
thirsti,3.6407182070856448
