WORD,VALUE,
readi,37.47456311166225
ugli,32.89678712288253
broken,30.7017802680112
clean-cut,22.75201082112964
pure,19.847611318430424
usual,19.419378576225835
glad,17.514083763163278
holi,15.82384992944975
satisfi,10.270041562685558
grate,7.424358393366018
corrupt,6.615870439476807
sacr,5.866504373598276
content,4.749124352835819
solid,4.749124352835819
east,4.749124352835819
french,3.712179196683009
doggon,3.712179196683009
rid,3.712179196683009
fieri,3.712179196683009
thirsti,3.712179196683009
