WORD,VALUE,
ready,37.53119336659293
ugly,32.924584557119
broken,28.24259998483501
clean-cut,22.772086836348606
pure,19.869232268999784
usual,19.43688078510564
glad,17.54342939048464
holy,15.844442009030349
satisfied,10.281881723392637
Dead,9.703595540883073
grateful,7.433624747733922
Precious,7.433624747733922
corrupt,6.623077422999929
content,6.623077422999929
Sorry,6.623077422999929
sacred,5.875256292471798
solid,4.755816900864555
east,4.755816900864555
French,3.716812373866961
doggone,3.716812373866961
rid,3.716812373866961
fiery,3.716812373866961
thirsty,3.716812373866961
