WORD,VALUE,
troubl,76.45508234879854
bulli,48.198697225867654
shot,46.144713717595764
diseas,46.044399718580046
neighborhood,41.583310982154124
hell,39.70584104251557
broken,39.23374477267758
driftin,35.844209964175974
shore,35.51703302689691
trust,29.106073432298803
car,28.65815047737541
satan,25.76287506151214
desert,22.44202375952559
rock,21.84430924251388
mayb,20.459449941442944
missouri,19.149145859956235
killer,19.085690141509048
natur,19.085690141509048
dead,16.096839971748267
pearl,16.015493984594084
nightingal,15.892306939380555
vow,15.892306939380555
willi,15.892306939380555
shootin,15.892306939380555
never,15.506299326797382
beat,15.00968058816185
altar,13.009310209089993
grace,13.009310209089993
late,12.683667844381684
creation,12.683667844381684
forgiv,12.683667844381684
dump,12.683667844381684
martin,12.683667844381684
luther,12.683667844381684
union,10.92215462125694
idea,10.229724970721472
outlaw,10.087365238156384
greed,10.087365238156384
curl,9.542845070754524
tune,9.29191343795108
waitin,9.29191343795108
honor,8.250864795394914
sure,8.250864795394914
salli,7.2814364141712895
rubi,6.504655104544996
pool,6.504655104544996
unto,6.504655104544996
cent,6.504655104544996
movi,5.731630095475083
made,5.731630095475083
debt,4.64595671897554
stead,4.64595671897554
someplac,4.64595671897554
grain,4.64595671897554
temptat,4.64595671897554
guy,4.64595671897554
border,4.64595671897554
foundat,4.64595671897554
destruct,3.6407182070856448
govern,3.6407182070856448
alibi,3.6407182070856448
ghetto,3.6407182070856448
wherev,3.6407182070856448
idol,3.6407182070856448
buckl,3.6407182070856448
confess,3.6407182070856448
jumpin,3.6407182070856448
thumpin,3.6407182070856448
twilight,3.6407182070856448
reflect,3.6407182070856448
outskirt,3.6407182070856448
crumb,3.6407182070856448
womb,3.6407182070856448
tub,3.6407182070856448
vaniti,3.6407182070856448
score,3.6407182070856448
