WORD,VALUE,
Hell,60.5549279871484
bully,48.90115153118732
shot,47.00743596188799
disease,46.670759857118384
trouble,43.60844948504801
Broken,39.77544860786868
shore,36.244208679602366
tonight,36.20478924867224
neighborhood,32.275427425712685
Night,30.8456451701779
car,28.08279026739145
Satan,26.135266290008772
beat,22.570035861572045
Missouri,19.43688078510564
desert,19.407191081766147
killer,19.407191081766147
dead,16.493952547630713
pearl,16.294666773177568
nature,16.294666773177568
nightingale,16.137713712856343
Bird,16.137713712856343
vow,16.137713712856343
altar,16.137713712856343
shootin,16.137713712856343
Never,15.844442009030349
grace,13.246154845999857
Son,13.1845250227685
Late,12.886746466183855
a-rollin,12.886746466183855
creation,12.886746466183855
dump,12.886746466183855
Martin,12.886746466183855
Luther,12.886746466183855
ride,12.849249925814213
rock,12.137129312398157
union,11.150437121600884
idea,10.508415228148984
outlaw,10.281881723392637
Rock,10.281881723392637
greed,10.281881723392637
curl,9.703595540883073
tune,9.51163380172911
Nothin,9.51163380172911
honor,8.436819144065247
Sure,8.436819144065247
Yesterday,7.433624747733922
Sally,7.433624747733922
risin,7.020697566847862
pool,6.623077422999929
Bridge,6.623077422999929
Unto,6.623077422999929
eternity,6.623077422999929
cent,6.623077422999929
movie,5.875256292471798
Made,5.875256292471798
hanging,4.755816900864555
debt,4.755816900864555
someplace,4.755816900864555
grain,4.755816900864555
Oklahoma,4.755816900864555
border,4.755816900864555
foundation,4.755816900864555
destruction,3.716812373866961
government,3.716812373866961
alibi,3.716812373866961
ghetto,3.716812373866961
idol,3.716812373866961
buckle,3.716812373866961
confession,3.716812373866961
Master,3.716812373866961
temptation,3.716812373866961
jumpin,3.716812373866961
thumpin,3.716812373866961
hurricane,3.716812373866961
Stick,3.716812373866961
reflection,3.716812373866961
outskirt,3.716812373866961
crumb,3.716812373866961
Yonder,3.716812373866961
womb,3.716812373866961
fighting,3.716812373866961
tub,3.716812373866961
vanity,3.716812373866961
score,3.716812373866961
