WORD,VALUE,
Hell,60.5549279871484
Broken,39.77544860786868
Satan,26.135266290008772
Missouri,19.43688078510564
Never,15.844442009030349
Son,13.1845250227685
Late,12.886746466183855
Martin,12.886746466183855
Luther,12.886746466183855
Rock,12.886746466183855
Sure,8.436819144065247
Sally,7.433624747733922
Nothin,7.020697566847862
Bridge,6.623077422999929
Unto,6.623077422999929
Made,5.875256292471798
Oklahoma,4.755816900864555
Stick,3.716812373866961
Yonder,3.716812373866961
