WORD,VALUE,
satan,26.066153254304073
missouri,19.38347559753025
martin,12.849049126737775
luther,12.849049126737775
rock,12.849049126737775
risin,12.849049126737775
sally,7.405353613229716
ruby,6.601087931683168
bridge,6.601087931683168
oklahoma,4.735399690425005
yonder,3.702676806614858
