WORD,VALUE,
trust,29.491278260732223
thank,29.081444253062347
rambl,23.477463853190685
press,19.847611318430424
rose,19.387629502041563
grown,16.277678999792155
handl,13.959793968233177
dare,10.605820478536646
given,10.491425825896329
doin,10.270041562685558
rule,7.424358393366018
crippl,7.424358393366018
aris,5.866504373598276
star,4.749124352835819
breakin,4.749124352835819
dri,4.749124352835819
notic,4.749124352835819
ruin,4.749124352835819
mount,3.712179196683009
sign,3.712179196683009
snap,3.712179196683009
