WORD,VALUE,
trust,29.00666257567052
thank,28.62853521226357
rambl,23.072356858797882
press,19.513965313634984
rose,19.085690141509048
handl,13.705656654106637
grown,13.009310209089993
doin,12.683667844381684
dare,10.36777856655317
given,10.229724970721472
rule,7.2814364141712895
crippl,7.2814364141712895
aris,5.731630095475083
star,4.64595671897554
breakin,4.64595671897554
dri,4.64595671897554
notic,4.64595671897554
ruin,4.64595671897554
mount,3.6407182070856448
sign,3.6407182070856448
snap,3.6407182070856448
