NGRAM,VALUE,
narrow work,0.19298245614035087
work someday,0.19298245614035087
roman king,0.16363636363636364
scarlet town,0.16279069767441862
roll john,0.16129032258064516
long narrow,0.15942028985507245
burn roll,0.15254237288135594
way work,0.1506849315068493
bright john,0.14285714285714285
bright roll,0.14285714285714285
dream titan,0.14285714285714285
dream dream,0.14285714285714285
earli roman,0.14285714285714285
move burn,0.14285714285714285
shine burn,0.14285714285714285
shine move,0.14285714285714285
soon midnight,0.14285714285714285
watchman dream,0.14285714285714285
narrow sure,0.13580246913580246
sure someday,0.13580246913580246
burn bright,0.13333333333333333
burn john,0.13333333333333333
move bright,0.13333333333333333
move john,0.13333333333333333
move roll,0.13333333333333333
shine bright,0.13333333333333333
long way,0.12941176470588237
road narrow,0.12941176470588237
dream sink,0.125
earli king,0.125
light burn,0.125
light move,0.125
shine light,0.125
titan sink,0.125
light bright,0.11764705882352941
light roll,0.11764705882352941
pay blood,0.1111111111111111
fight em,0.10638297872340426
dream titan,0.10344827586206896
lay dream,0.1
watchman lay,0.1
way sure,0.09734513274336283
narrow way,0.09401709401709402
road way,0.09401709401709402
way someday,0.09401709401709402
sure work,0.09090909090909091
work sure,0.09090909090909091
road work,0.088
like earli,0.0847457627118644
like king,0.07692307692307693
like roman,0.07692307692307693
long sure,0.07586206896551724
long road,0.0738255033557047
road long,0.0738255033557047
lay dream,0.07317073170731707
dead lost,0.06666666666666667
night day,0.06666666666666667
work work,0.06666666666666667
long long,0.061611374407582936
em fight,0.061224489795918366
king earli,0.058823529411764705
long work,0.0582010582010582
saw saw,0.05660377358490566
earli earli,0.05263157894736842
scarlet born,0.05263157894736842
side side,0.04918032786885246
town born,0.04918032786885246
roman earli,0.043478260869565216
scarlet scarlet,0.043478260869565216
town scarlet,0.041666666666666664
town town,0.04
one day,0.037037037037037035
much long,0.02564102564102564
gentl long,0.024793388429752067
tear long,0.024793388429752067
hand long,0.024
'm 'm,0.022556390977443608
