WORD,VALUE,
close,6.605366757570634
paint,3.7054271688942735
like,3.7054271688942735
vacant,3.7054271688942735
dumb,3.7054271688942735
