WORD,VALUE,
ev'ry,19.41171148951845
ol',8.420532616026662
lost,6.612713467093487
safe,3.710149752880706
vacant,3.710149752880706
dumb,3.710149752880706
