WORD,VALUE,
ev'ry,19.422574953328855
ol',8.427561663321306
lost,6.6171865948697475
safe,3.713025296648431
vacant,3.713025296648431
dumb,3.713025296648431
