WORD,VALUE,
henri,94.21243609009588
stop,64.88017532926244
pleas,57.31941529878485
hello,49.55180719028759
appl,48.29213309636502
jack,41.327224072106475
behold,35.91063896583446
ooh,26.72674789734957
ev'ri,25.607333051590714
shelter,25.421349426441143
lili,22.4859258281443
jim,22.4859258281443
fun,19.56119552059198
wheel,19.19588047197005
coffe,19.187416195315002
forev,18.257675698976293
storm,17.58496467176901
playin,16.052612522492026
hook,15.924945541479381
poni,15.924945541479381
odd,15.924945541479381
felt,13.733713662399685
hangin,12.928005370984549
bucket,12.710674713220572
papa,12.710674713220572
dollar,12.54897879362327
offer,10.952489628434105
final,10.266716254575208
cup,10.266716254575208
counti,10.113220309534437
teeth,9.564220206333465
juic,9.564220206333465
plenti,9.321096647667417
goodby,9.128837849488146
bottl,9.128837849488146
ol,8.275568069312136
clay,6.866856831199843
valley,6.866856831199843
drinkin,6.520398506863993
oper,6.520398506863993
choos,6.520398506863993
lace,6.520398506863993
frisco,6.520398506863993
loot,6.520398506863993
trout,6.520398506863993
california,6.520398506863993
neighbor,5.750701636132366
arriv,4.660548323833709
sew,4.660548323833709
risk,4.660548323833709
pace,4.660548323833709
kin,4.660548323833709
goddess,4.660548323833709
messeng,3.6508298761447007
courag,3.6508298761447007
pair,3.6508298761447007
grin,3.6508298761447007
chicken,3.6508298761447007
graviti,3.6508298761447007
separ,3.6508298761447007
dine,3.6508298761447007
drew,3.6508298761447007
mexico,3.6508298761447007
affair,3.6508298761447007
actor,3.6508298761447007
safe,3.6508298761447007
blink,3.6508298761447007
san,3.6508298761447007
vacant,3.6508298761447007
crowin,3.6508298761447007
dumb,3.6508298761447007
tender,3.6508298761447007
blown,3.6508298761447007
mortal,3.6508298761447007
mercuri,3.6508298761447007
dad,3.6508298761447007
hunt,3.6508298761447007
neon,3.6508298761447007
twin,3.6508298761447007
agre,3.6508298761447007
illus,3.6508298761447007
haze,3.6508298761447007
swept,3.6508298761447007
fruit,3.6508298761447007
drummer,3.6508298761447007
