WORD,VALUE,
henry,95.24826789113462
stop,65.96758761350208
please,58.45876443398673
hello,50.07305823593244
apple,48.83970893525239
jack,41.83513453724938
behold,36.299909677505354
ev'ry,25.950268099266175
shelter,25.737959680874084
lily,22.74321620584124
jim,22.74321620584124
fun,19.838140401280462
wheel,19.518804648892594
coffee,19.41171148951845
forever,18.639563384873462
storm,17.901218558440572
playin,16.270237526444497
pony,16.116245752189343
odds,16.116245752189343
felt,14.01030217532679
hangin,13.158614587677596
bucket,12.868979840437042
papa,12.868979840437042
dollar,12.8188970162994
offer,11.130449258642116
twist,11.130449258642116
finally,10.599055845268184
cup,10.48398489076631
county,10.264855146499936
teeth,9.689530250056448
plenty,9.49238598762446
goodbye,9.319781692436731
bottle,9.319781692436731
ol',8.420532616026662
clay,7.005151087663395
valley,7.005151087663395
drinkin,6.612713467093487
operator,6.612713467093487
sacrifice,6.612713467093487
lost,6.612713467093487
lace,6.612713467093487
frisco,6.612713467093487
loot,6.612713467093487
trout,6.612713467093487
california,6.612713467093487
neighbor,5.862671099353403
arrive,4.74619299381223
sew,4.74619299381223
risk,4.74619299381223
pace,4.74619299381223
kin,4.74619299381223
goddess,4.74619299381223
messenger,3.710149752880706
pair,3.710149752880706
grin,3.710149752880706
chicken,3.710149752880706
gravity,3.710149752880706
din,3.710149752880706
mexico,3.710149752880706
affair,3.710149752880706
actor,3.710149752880706
safe,3.710149752880706
blink,3.710149752880706
san,3.710149752880706
vacant,3.710149752880706
crowin,3.710149752880706
dumb,3.710149752880706
mercury,3.710149752880706
dad,3.710149752880706
hunt,3.710149752880706
neon,3.710149752880706
twin,3.710149752880706
agree,3.710149752880706
illusion,3.710149752880706
fruit,3.710149752880706
drummer,3.710149752880706
