WORD,VALUE,
henri,95.16587287522842
appl,48.79615013530607
may,48.3030799981717
jack,41.794725529925884
stop,36.0470511600937
shelter,25.7127697596827
lili,22.72274886863629
jim,22.72274886863629
fun,19.81610027271191
ev'ri,19.81610027271191
wheel,19.493093270510414
storm,19.493093270510414
coffe,19.393868277849926
big,16.10102666605723
poni,16.10102666605723
odd,16.10102666605723
twist,13.210733515141268
bucket,12.85638487984135
papa,12.85638487984135
dollar,12.797386764712858
heavi,11.11628150668282
hangin,10.583315301945273
cup,10.466671556079795
counti,10.252785852990652
teeth,9.679559414997176
thousand,9.679559414997176
juic,9.679559414997176
goodby,9.304566816200229
bottl,9.304566816200229
playin,7.410854337788547
clay,6.994133128326922
valley,6.994133128326922
thinkin,6.605366757570634
drinkin,6.605366757570634
pace,6.605366757570634
oper,6.605366757570634
lost,6.605366757570634
lace,6.605366757570634
ol,6.605366757570634
frisco,6.605366757570634
trout,6.605366757570634
california,6.605366757570634
neighbor,5.853751598466941
kin,4.739371951375784
messeng,3.7054271688942735
pair,3.7054271688942735
grin,3.7054271688942735
chicken,3.7054271688942735
pump,3.7054271688942735
shoot,3.7054271688942735
graviti,3.7054271688942735
circl,3.7054271688942735
bar,3.7054271688942735
mexico,3.7054271688942735
affair,3.7054271688942735
actor,3.7054271688942735
san,3.7054271688942735
crowin,3.7054271688942735
tender,3.7054271688942735
mercuri,3.7054271688942735
dad,3.7054271688942735
neon,3.7054271688942735
twin,3.7054271688942735
illus,3.7054271688942735
true,3.7054271688942735
fruit,3.7054271688942735
drummer,3.7054271688942735
