WORD,VALUE,
henry,95.29843170665973
jack,41.85973700863792
may,35.53780360463421
jim,22.75567725366018
papa,12.876648136230376
king,11.139075889945298
big,9.695600961841244
ev'ry,9.695600961841244
frisco,6.6171865948697475
california,6.6171865948697475
honey,4.7503464973391445
president,3.713025296648431
mexico,3.713025296648431
san,3.713025296648431
