WORD,VALUE,
henri,94.21243609009588
may,47.77483662443815
jack,44.9718516562886
jim,22.4859258281443
babi,21.02397522170093
big,15.924945541479381
heavi,13.040797013727985
lost,6.520398506863993
frisco,6.520398506863993
california,6.520398506863993
presid,3.6508298761447007
mexico,3.6508298761447007
san,3.6508298761447007
true,3.6508298761447007
