WORD,VALUE,
henry,95.24826789113462
jack,41.83513453724938
may,32.22034123204496
jim,22.74321620584124
papa,12.868979840437042
big,9.689530250056448
ev'ry,9.689530250056448
frisco,6.612713467093487
california,6.612713467093487
honey,4.74619299381223
president,3.710149752880706
mexico,3.710149752880706
san,3.710149752880706
