WORD,VALUE,
henry,95.34491978821151
jack,41.88253716147156
may,35.55645819612805
jim,22.76722529272442
papa,12.883754688659963
king,11.147071087330099
big,9.701227018725946
ev'ry,9.701227018725946
frisco,6.621332156209567
california,6.621332156209567
honey,4.754196133384129
president,3.7156903624433664
mexico,3.7156903624433664
san,3.7156903624433664
