WORD,VALUE,
henri,95.16587287522842
may,48.3030799981717
jack,45.44549773727258
jim,22.72274886863629
babi,21.327332643405853
big,16.10102666605723
heavi,13.210733515141268
lost,6.605366757570634
frisco,6.605366757570634
california,6.605366757570634
presid,3.7054271688942735
mexico,3.7054271688942735
san,3.7054271688942735
true,3.7054271688942735
