WORD,VALUE,
stop,67.7835557581866
please,58.51403740235763
felt,14.023721021417382
offer,11.139075889945298
bend,7.426050593296862
blowing,6.6171865948697475
climb,6.6171865948697475
rolling,6.6171865948697475
arrive,4.7503464973391445
cause,4.7503464973391445
hound,3.713025296648431
born,3.713025296648431
empty,3.713025296648431
staying,3.713025296648431
agree,3.713025296648431
