WORD,VALUE,
pleas,45.414920725257424
stop,31.74994590583582
blow,24.42824233680042
felt,12.843851938505622
offer,11.11628150668282
behold,9.679559414997176
bend,6.605366757570634
empti,6.605366757570634
choos,6.605366757570634
man,5.853751598466941
arriv,4.739371951375784
sew,4.739371951375784
mirror,3.7054271688942735
dine,3.7054271688942735
drew,3.7054271688942735
blown,3.7054271688942735
agre,3.7054271688942735
bloom,3.7054271688942735
