WORD,VALUE,
stop,65.96758761350208
please,58.45876443398673
playin,16.270237526444497
felt,14.01030217532679
hangin,13.158614587677596
lovin,12.868979840437042
offer,11.130449258642116
bend,7.420299505761412
empty,6.612713467093487
drinkin,6.612713467093487
climb,6.612713467093487
arrive,4.74619299381223
pump,3.710149752880706
hound,3.710149752880706
crowin,3.710149752880706
agree,3.710149752880706
