WORD,VALUE,
pleas,44.57858393811746
stop,31.204325136205874
blow,23.955652729413753
felt,12.613525679043969
offer,10.952489628434105
behold,9.564220206333465
bend,6.520398506863993
empti,6.520398506863993
choos,6.520398506863993
man,5.750701636132366
arriv,4.660548323833709
sew,4.660548323833709
mirror,3.6508298761447007
dine,3.6508298761447007
drew,3.6508298761447007
blown,3.6508298761447007
agre,3.6508298761447007
bloom,3.6508298761447007
