NGRAM,VALUE,
Dear landlord,6.112005025513131
Tom Paine,6.112005025513131
pity immigrant,5.696967526234287
pity poor,5.3750394313469245
poor immigrant,5.3750394313469245
together hand,4.942080024070818
walked hand,4.942080024070818
along cove,4.8896126041766825
cove spied,4.7900769306257684
along spied,4.567684509289321
Judas Eternity,4.3750394313469245
Frankie Lee,4.11200502551313
Judas Priest,4.11200502551313
cove hand,3.942080024070818
wa known,3.864077512069545
Priest Lee,3.6525734068758338
Priest Frankie,3.527042524791975
road Frankie,3.3750394313469245
hand along,3.3046501034555265
