NGRAM,VALUE,
dear landlord,6.10852445677817
tom pain,6.10852445677817
piti immigr,5.693486957499326
'm sorri,5.471094536162878
piti poor,5.3715588626119635
poor immigr,5.3715588626119635
togeth hand,4.938599455335857
walk hand,4.938599455335857
along cove,4.8861320354417215
cove spi,4.786596361890807
along spi,4.56420394055436
juda etern,4.3715588626119635
franki lee,4.108524456778169
juda priest,4.108524456778169
cove hand,3.938599455335857
priest lee,3.6490928381408727
priest franki,3.523561956057014
road franki,3.3715588626119635
hand along,3.3011695347205654
