NGRAM,VALUE,
baby tonight,6.044394119358454
dear landlord,6.044394119358454
dear please,6.044394119358454
landlord please,6.044394119358454
tom paine,6.044394119358454
pity immigrant,5.62935662007961
walk hand,5.459431618637298
pity poor,5.307428525192248
poor immigrant,5.307428525192248
together hand,4.874469117916141
cove spy,4.722466024471092
along cove,4.6293566200796095
along spy,4.307428525192248
judas eternity,4.307428525192248
judas priest,4.307428525192248
frankie lee,4.044394119358453
cove hand,3.8744691179161412
priest lee,3.4329594072761065
priest frankie,3.3074285251922477
road frankie,3.3074285251922477
hand along,3.0443941193584543
