NGRAM,VALUE,
dear landlord please,13.503825737995749
walk together hand,12.918863237274595
pity poor immigrant,12.351822644550701
cove walk hand,11.918863237274595
cove together hand,11.333900736553439
along cove spy,10.766860143829547
judas priest frankie,9.029894549663336
