NGRAM,VALUE,
pity poor immigrant,12.487044456860055
walked together hand,12.469122548862792
cove together hand,11.469122548862792
cove walked hand,11.469122548862792
along cove spied,11.094727034081297
Priest Frankie Lee,9.179615931667808
