WORD,VALUE,
whistle,151.53612427598446
scarlet,151.53612427598446
spin,139.63742480659454
watchman,47.87983454213922
starlight,23.93991727106961
