WORD,VALUE,
duquesne,184.20863508487375
bos,81.45376737924799
others,59.928431404731526
