WORD,VALUE,
whistle,151.64515642140498
scarlet,151.64515642140498
spin,139.74641297788682
watchman,47.91616979578707
starlight,23.958084897893535
