WORD,VALUE,
duquesne,184.20863508487375
aflame,30.925318479585826
