WORD,VALUE,
john,149.07103884413135
roll,132.06702111621863
roman,132.0079044163019
king,123.01160043521826
love,111.46670716556062
lord,97.97362134447108
someday,81.0226991236293
deep,61.50580021760913
prison,45.12803739657048
though,45.12803739657048
tomorrow,30.752900108804564
tonight,30.752900108804564
sail,30.752900108804564
boss,30.752900108804564
