WORD,VALUE,
shine,134.83139164041623
saw,128.06659020709688
weep,37.166108651472506
pierce,23.958084897893535
