WORD,VALUE,
shine,134.72242985360086
saw,127.97572568850035
weep,37.138852813823796
pierce,23.93991727106961
