WORD,VALUE,
god,417.90703943704267
lord,233.04599286507718
mayb,204.9630904792859
broken,168.67960629145077
trust,134.92818218237144
never,120.96566740945813
satan,120.96566740945813
heart,98.03318296058063
jesus,93.11330540364895
everyth,79.23715008094662
nothin,69.82730271601335
tomorrow,65.40919458382112
late,65.40919458382112
one,65.40919458382112
curtain,65.40919458382112
jordan,62.44183670640205
resent,60.2342809924468
bruce,58.45566628060156
peter,51.64905540806732
ooh,51.64905540806732
made,51.64905540806732
got,51.64905540806732
west,51.64905540806732
devil,47.09572989040033
seen,37.99154903973114
golden,24.508295740145158
way,24.508295740145158
street,24.508295740145158
seem,24.508295740145158
master,24.508295740145158
june,24.508295740145158
tree,24.508295740145158
far,24.508295740145158
