WORD,VALUE,
sad-eyed,39.55498815142226
unkind,10.578866737881448
mighty,8.5950368723325
complete,7.888107515854125
fair,6.363262865766606
second,5.730024581555
small,5.730024581555
lovely,2.8650122907775
nervous,2.8650122907775
phony,2.8650122907775
prime,2.8650122907775
awful,2.8650122907775
moral,2.8650122907775
useless,2.8650122907775
