WORD,VALUE,
ladi,46.089439817603306
father,43.73522862647088
weekend,42.226744389743345
blue,34.21750976016226
stone,29.32660459519023
lee,26.493292150647306
franki,26.493292150647306
eden,21.740080396918508
jane,20.99410316100738
juda,20.99410316100738
gate,20.210583195999693
coin,18.878273695110867
memphi,18.292018842064245
jone,16.04444039572042
truck,16.04444039572042
factori,16.04444039572042
tombston,16.04444039572042
mr.,16.018711422589867
hat,14.156178718721874
insid,14.156178718721874
melodi,13.246646075323653
blanket,13.246646075323653
unknown,13.246646075323653
brand,13.019395257374818
queen,12.047406221121312
kitchen,11.3249429749775
mister,10.818164663903914
priest,10.818164663903914
hopin,10.49705158050369
lowland,10.49705158050369
drum,10.49705158050369
stay,10.458109177415722
gypsi,9.759387375860616
promis,8.493707231233126
hole,8.493707231233126
alley,8.103000277889766
sailor,8.009355711294933
toe,8.009355711294933
singin,8.009355711294933
y',8.009355711294933
railroad,7.815273407055438
dyin,7.815273407055438
lay,7.815273407055438
stand,7.697500050383546
vision,7.697500050383546
degre,6.972072784943813
captain,6.534654722280444
food,6.534654722280444
distanc,6.281462005550011
hang,6.281462005550011
pa,6.281462005550011
sweet,5.755446743231644
brass,5.66247148748875
tom,5.236128041024816
sir,5.236128041024816
bail,5.236128041024816
robe,5.236128041024816
landlord,5.236128041024816
gambler,5.236128041024816
ridin,4.982509301915092
piti,4.982509301915092
pictur,4.982509301915092
maid,4.221271905809089
gift,4.221271905809089
pleasur,3.4860363924719064
build,3.4860363924719064
card,3.4860363924719064
guard,3.4860363924719064
rainbow,3.4860363924719064
badg,3.4860363924719064
clown,3.4860363924719064
sooner,3.4860363924719064
ruin,2.831235743744375
organ,2.831235743744375
cape,2.831235743744375
sigh,2.831235743744375
bay,2.831235743744375
saxophon,2.831235743744375
cigarett,2.831235743744375
charg,2.831235743744375
penni,2.831235743744375
pound,2.831235743744375
shape,2.831235743744375
shovel,2.831235743744375
curfew,2.831235743744375
claw,2.831235743744375
princess,2.831235743744375
plain,2.831235743744375
drag,2.831235743744375
miseri,2.831235743744375
thirst,2.831235743744375
drivin,2.831235743744375
frame,2.831235743744375
rang,2.831235743744375
artist,2.831235743744375
proud,2.831235743744375
better,2.831235743744375
ice,2.831235743744375
hero,2.831235743744375
station,2.831235743744375
failur,2.831235743744375
