WORD,VALUE,
queen,27.736188735301845
lee,26.717075491775805
frankie,26.717075491775805
man,24.81424096162165
eden,21.91055841013111
jane,21.17882894037032
juda,21.17882894037032
memphis,18.4572158405444
jones,16.175860847167456
mister,13.14553469408941
highway,10.58941447018516
pa,6.363262865766606
whose,5.730024581555
tom,5.289433368940724
belle,5.289433368940724
sooner,3.5340607056553757
