WORD,VALUE,
insane,13.857632146736504
a-walkin,6.760566313992065
a-goin,5.093653789530556
countless,5.093653789530556
a-cryin,5.093653789530556
western,5.093653789530556
