WORD,VALUE,
younger,21.333858252641114
older,17.530671415945683
insane,13.893376448895921
fast,6.77630874225723
deepest,5.1043957493221574
watery,5.1043957493221574
lynch,5.1043957493221574
torn,5.1043957493221574
