WORD,VALUE,
favor,29.118577160071027
New,25.989258836373615
blowin,25.521978746610788
plow,22.56055688625954
younger,21.333858252641114
gazed,20.54399672638241
allow,20.54399672638241
chime,18.893692342007512
freedom,18.613092081009047
disgrace,17.530671415945683
flashing,17.530671415945683
older,17.530671415945683
War,17.530671415945683
ocean,17.495946692920327
Keep,17.0573131996039
York,16.93278790470122
Orleans,15.313187247966473
Highway,13.893376448895921
insane,13.893376448895921
bid,13.811723383820743
William,13.811723383820743
criticize,13.811723383820743
World,12.600528735373707
accept,12.600528735373707
protect,11.844894360913116
toll,11.844894360913116
pawn,11.844894360913116
farewell,11.844894360913116
middle,10.307006340115489
twice,10.307006340115489
Feeling,10.208791498644315
week,10.208791498644315
listenin,8.765335707972842
poet,8.765335707972842
prayed,8.765335707972842
preachin,8.765335707972842
landed,8.765335707972842
politics,8.765335707972842
lynch,8.765335707972842
hater,8.765335707972842
South,8.52865659980195
hatred,6.77630874225723
afternoon,6.77630874225723
a-walkin,6.77630874225723
level,6.77630874225723
define,5.1043957493221574
ladder,5.1043957493221574
a-goin,5.1043957493221574
deepest,5.1043957493221574
flight,5.1043957493221574
sleeve,5.1043957493221574
a-cryin,5.1043957493221574
louder,5.1043957493221574
fix,5.1043957493221574
Dakota,5.1043957493221574
Somewhere,5.1043957493221574
nighttime,5.1043957493221574
dove,5.1043957493221574
cept,5.1043957493221574
stove,5.1043957493221574
shatter,5.1043957493221574
constantly,5.1043957493221574
flashin,5.1043957493221574
driver,5.1043957493221574
link,5.1043957493221574
Whether,5.1043957493221574
watery,5.1043957493221574
yell,5.1043957493221574
Waiting,5.1043957493221574
tennis,5.1043957493221574
court,5.1043957493221574
club,5.1043957493221574
immediately,5.1043957493221574
screamed,5.1043957493221574
noble,5.1043957493221574
Thought,5.1043957493221574
dreamt,5.1043957493221574
charged,5.1043957493221574
