WORD,VALUE,
favor,29.118577160071027
New,25.989258836373615
blowin,25.521978746610788
freedom,18.613092081009047
disgrace,17.530671415945683
War,17.530671415945683
ocean,17.495946692920327
York,16.93278790470122
use,15.693449399229046
Orleans,15.313187247966473
Highway,13.893376448895921
William,13.811723383820743
World,12.600528735373707
kinda,12.600528735373707
toll,11.844894360913116
pawn,11.844894360913116
farewell,11.844894360913116
middle,10.307006340115489
week,10.208791498644315
listenin,8.765335707972842
poet,8.765335707972842
politics,8.765335707972842
hater,8.765335707972842
hatred,6.77630874225723
afternoon,6.77630874225723
a-walkin,6.77630874225723
level,6.77630874225723
beating,6.77630874225723
ladder,5.1043957493221574
a-goin,5.1043957493221574
flight,5.1043957493221574
sleeve,5.1043957493221574
a-cryin,5.1043957493221574
Dakota,5.1043957493221574
stove,5.1043957493221574
talkin,5.1043957493221574
flashin,5.1043957493221574
driver,5.1043957493221574
fair,5.1043957493221574
link,5.1043957493221574
Whether,5.1043957493221574
tennis,5.1043957493221574
court,5.1043957493221574
club,5.1043957493221574
shift,5.1043957493221574
Thought,5.1043957493221574
