WORD,VALUE,
new,27.291476912534655
oxford,21.295149859103798
war,17.497704513726408
york,16.895561556852854
orleans,15.280961368591669
world,12.578303792946029
william,11.818409972856351
dakota,5.093653789530556
