WORD,VALUE,
new,26.28800654655716
york,17.099991648200124
orlean,15.45791756572326
war,12.700312201646266
william,11.963854665159753
world,8.839349160735257
dakota,5.15263918857442
whether,5.15263918857442
thought,5.15263918857442
cadillac,5.15263918857442
