WORD,VALUE,
new,26.057225468805854
york,16.970836708390127
orlean,15.346123960058627
war,12.62324126427235
william,11.871964260571305
world,8.782181424437523
dakota,5.115374653352875
whether,5.115374653352875
thought,5.115374653352875
