WORD,VALUE,
New,25.989258836373615
York,16.93278790470122
Orleans,15.313187247966473
William,13.811723383820743
War,12.600528735373707
World,8.765335707972842
Dakota,5.1043957493221574
Whether,5.1043957493221574
Thought,5.1043957493221574
