WORD,VALUE,
fix,37.345192661887545
allow,37.200179011399456
lookin,25.86554067161531
plow,22.756827231036624
gaze,21.507655171676088
chime,19.064192673274448
chase,13.933980275835417
flash,13.694051214503206
bid,10.30527837714884
accept,10.30527837714884
charg,6.847025607251603
block,5.15263918857442
defin,5.15263918857442
dove,5.15263918857442
duck,5.15263918857442
milk,5.15263918857442
memor,5.15263918857442
rattl,5.15263918857442
dreamt,5.15263918857442
