WORD,VALUE,
fix,37.13134118391115
allow,37.003688867568414
lookin,25.649579061078533
plow,22.605227223219615
gaze,21.37341649800444
chime,18.932495866533625
chase,13.839548004316143
guid,13.839548004316143
flash,13.584799475769405
pound,12.12848339605732
bid,10.23074930670575
accept,10.23074930670575
charg,6.792399737884702
block,5.115374653352875
defin,5.115374653352875
dove,5.115374653352875
duck,5.115374653352875
milk,5.115374653352875
memor,5.115374653352875
rattl,5.115374653352875
dreamt,5.115374653352875
