WORD,VALUE,
fix,37.0066413300025
allow,36.88910157373009
flash,22.516848024248652
gaze,18.855724971314668
chase,13.784497972919501
feeling,11.818409972856351
bid,11.818409972856351
accept,10.187307579061113
charge,6.760566313992065
block,5.093653789530556
define,5.093653789530556
dive,5.093653789530556
memorize,5.093653789530556
slay,5.093653789530556
