NGRAM,VALUE,
dear landlord,6.191470531723578
tom pain,6.191470531723578
piti immigr,5.776433032444734
piti poor,5.454504937557371
poor immigr,5.454504937557371
togeth hand,5.021545530281265
walk hand,5.021545530281265
cove spi,4.869542436836215
along cove,4.606508031002421
juda etern,4.454504937557371
along spi,4.284579936115059
franki lee,4.191470531723577
juda priest,4.191470531723577
cove hand,4.021545530281265
priest lee,3.7320389130862806
priest franki,3.606508031002422
road franki,3.4545049375573713
hand along,3.021545530281265
