NGRAM,VALUE,
pity poor immigrant,12.668914523174344
walked together hand,12.650992615177081
cove together hand,11.650992615177081
cove walked hand,11.650992615177081
along cove spied,10.914027021010876
Priest Frankie Lee,9.361485997982097
