NGRAM,VALUE,
piti poor immigr,12.645975469280948
walk togeth hand,12.628053561283686
cove togeth hand,11.628053561283686
cove walk hand,11.628053561283686
along cove spi,10.89108796711748
priest franki lee,9.338546944088701
