WORD,VALUE,
loaded,42.09615364360572
faithful,27.244420949077572
friendless,27.244420949077572
