WORD,VALUE,
weary,63.295242001477746
forgetful,43.189429353100785
newborn,38.64243585329482
barren,31.647621000738873
restless,29.421033352906154
wretched,20.280065717127147
treacherous,20.280065717127147
joyful,20.280065717127147
faithful,20.280065717127147
fatherless,20.280065717127147
