WORD,VALUE,
weary,63.34896073257005
forgetful,43.22524907278971
newborn,38.67821217921943
barren,31.674480366285025
restless,29.447871021570155
wretched,20.297964728530523
treacherous,20.297964728530523
joyful,20.297964728530523
faithful,20.297964728530523
fatherless,20.297964728530523
