WORD,VALUE,
christmas,553.3509549081074
duquesne,163.96140194088616
dum,141.78855549013818
jolene,103.52886938225221
bos,72.25075797758
coulee,69.28256651920904
workingman,54.488841898155144
others,52.56714672731328
overdrive,27.244420949077572
