WORD,VALUE,
christmas,553.3509549081074
duquesne,163.96140194088616
dum,153.45055521797195
jolene,105.13429345462656
hark,57.12213940688403
