WORD,VALUE,
dixie,149.41289453039528
scarlet,117.98497383900023
po,79.0782112701119
heaven,38.64243585329482
mi,38.64243585329482
cap,29.421033352906154
train,20.280065717127147
