WORD,VALUE,
saw,168.40180824991333
wan,109.66774102576065
tumble,47.88984023645231
weep,43.189429353100785
herald,40.560131434254295
lag,38.64243585329482
proclaim,20.280065717127147
crave,20.280065717127147
pierce,20.280065717127147
