WORD,VALUE,
saw,168.53617016829054
tumble,47.93455521963752
weep,43.22524907278971
herald,40.59592945706105
lag,38.67821217921943
proclaim,20.297964728530523
crave,20.297964728530523
pierce,20.297964728530523
