WORD,VALUE,
saw,201.22253167290572
makin,39.865566405890604
