WORD,VALUE,
scarlet,60.982676765288645
narrow,56.672037455538174
earli,34.4103030390194
dull,7.621259986991404
bent,7.621259986991404
