WORD,VALUE,
narrow,56.295861119833624
early,34.10751314270388
dull,7.55990022897043
deadly,7.55990022897043
bent,7.55990022897043
