WORD,VALUE,
narrow,57.696452369045765
scarlet,56.9588162655317
wonder,11.612409544914378
deeper,6.969933551789877
glow,6.969933551789877
fanci,6.969933551789877
magic,6.969933551789877
dull,6.969933551789877
bent,6.969933551789877
