WORD,VALUE,
narrow,57.696452369045765
scarlet,56.9588162655317
wonderful,11.612409544914378
deeper,6.969933551789877
glowing,6.969933551789877
fancy,6.969933551789877
dull,6.969933551789877
deadly,6.969933551789877
bent,6.969933551789877
