WORD,VALUE,
narrow,56.38825664075907
early,32.60926262875032
dull,7.574969153481635
deadly,7.574969153481635
