WORD,VALUE,
narrow,56.3092723896642
scarlet,55.67127424905087
weak,11.755292771957127
wonder,11.29678902681727
deeper,6.762304311290965
glow,6.762304311290965
fanci,6.762304311290965
magic,6.762304311290965
dull,6.762304311290965
bent,6.762304311290965
