WORD,VALUE,
narrow,56.3092723896642
scarlet,55.67127424905087
magic,43.26633678106458
spin,40.57382586774578
mood,20.81689740278788
titan,16.00552681109376
weav,11.29678902681727
embrac,11.29678902681727
moonbeam,11.29678902681727
deeper,6.762304311290965
autumn,6.762304311290965
singapor,6.762304311290965
dancer,6.762304311290965
leaf,6.762304311290965
humbl,6.762304311290965
fairi,6.762304311290965
dull,6.762304311290965
ici,6.762304311290965
