WORD,VALUE,
scarlet,60.7875951914645
narrow,56.47798562116456
surely,47.89274774295107
kings,38.987609416089576
john,31.33283828174637
titanic,17.690631156593984
husband,13.379389211544394
lower,10.44427942724879
sailing,7.5896045075628376
lights,7.5896045075628376
dull,7.5896045075628376
deadly,7.5896045075628376
came,7.5896045075628376
pouring,7.5896045075628376
