WORD,VALUE,
narrow,57.696452369045765
scarlet,56.9588162655317
magic,44.429180890552274
spin,39.870806123660756
mood,21.34850047608137
titan,16.429138606789053
weav,11.612409544914378
embrac,11.612409544914378
moonbeam,11.612409544914378
deeper,6.969933551789877
autumn,6.969933551789877
singapor,6.969933551789877
dancer,6.969933551789877
leaf,6.969933551789877
humbl,6.969933551789877
fairi,6.969933551789877
dull,6.969933551789877
ici,6.969933551789877
photograph,6.969933551789877
