WORD,VALUE,
narrow,56.295861119833624
surely,47.72693744208253
Kings,38.86586817938759
Move,38.86586817938759
early,32.535404486587964
John,31.200631089246727
sinking,20.009839681588822
Titanic,17.63024789196505
strip,12.507947526092646
lowered,10.400210363082243
Saw,10.400210363082243
pierced,7.55990022897043
scattered,7.55990022897043
Lights,7.55990022897043
dull,7.55990022897043
deadly,7.55990022897043
Came,7.55990022897043
Death,7.55990022897043
bent,7.55990022897043
