WORD,VALUE,
scarlet,60.69738699707942
narrow,56.38825664075907
surely,47.811055260555534
kings,38.927630357826054
john,31.26769800935032
titanic,17.660881234452006
husband,13.350597717361556
lower,10.42256600311677
sailing,7.574969153481635
lights,7.574969153481635
dull,7.574969153481635
deadly,7.574969153481635
came,7.574969153481635
pouring,7.574969153481635
