WORD,VALUE,
scarlet,60.7875951914645
roll,45.861807645804554
kings,38.987609416089576
john,31.33283828174637
titanic,17.690631156593984
husband,13.379389211544394
wound,10.44427942724879
sailing,7.5896045075628376
lights,7.5896045075628376
