WORD,VALUE,
john,31.534487255600304
titan,17.782704235222717
husband,13.468520715207406
wound,10.511495751866764
put,10.511495751866764
