WORD,VALUE,
Kings,38.86586817938759
John,31.200631089246727
Titanic,17.63024789196505
wound,10.400210363082243
Put,10.400210363082243
Lights,7.55990022897043
Death,7.55990022897043
