WORD,VALUE,
spin,56.9588162655317
magic,37.75733293737554
mood,21.34850047608137
deep,16.429138606789053
titan,16.429138606789053
wish,13.939867103579754
moonbeam,11.612409544914378
autumn,6.969933551789877
shine,6.969933551789877
ca,6.969933551789877
singapor,6.969933551789877
dancer,6.969933551789877
leaf,6.969933551789877
fairi,6.969933551789877
ici,6.969933551789877
photograph,6.969933551789877
