WORD,VALUE,
spin,56.9588162655317
roll,44.429180890552274
magic,37.75733293737554
mood,21.34850047608137
deep,16.429138606789053
titanic,16.429138606789053
moonbeams,11.612409544914378
autumn,6.969933551789877
shine,6.969933551789877
ca,6.969933551789877
faults,6.969933551789877
wound,6.969933551789877
singapore,6.969933551789877
leaf,6.969933551789877
dresses,6.969933551789877
fairy,6.969933551789877
icy,6.969933551789877
