WORD,VALUE,
spin,55.67127424905087
magic,36.80211806838675
mood,20.81689740278788
deep,16.00552681109376
titan,16.00552681109376
wish,13.52460862258193
moonbeam,11.29678902681727
autumn,6.762304311290965
shine,6.762304311290965
ca,6.762304311290965
singapor,6.762304311290965
dancer,6.762304311290965
leaf,6.762304311290965
fairi,6.762304311290965
ici,6.762304311290965
