WORD,VALUE,
roll,31.473743329999103
john,31.473743329999103
titan,17.754971854901665
