WORD,VALUE,
roll,28.577544938156556
deep,16.429138606789053
titan,16.429138606789053
show,11.612409544914378
singapor,6.969933551789877
