WORD,VALUE,
Kings,38.86586817938759
John,31.200631089246727
Titanic,17.63024789196505
