WORD,VALUE,
roll,27.65574332795767
deep,16.00552681109376
titan,16.00552681109376
show,11.29678902681727
singapor,6.762304311290965
