WORD,VALUE,
kings,36.44247367822072
deep,16.429138606789053
titanic,16.429138606789053
show,11.612409544914378
singapore,6.969933551789877
