WORD,VALUE,
Move,38.86586817938759
sinking,20.009839681588822
strip,12.507947526092646
lowered,10.400210363082243
pierced,7.55990022897043
