WORD,VALUE,
whistl,33.61720443782066
weav,11.612409544914378
embrac,11.612409544914378
lower,9.525848312718853
