WORD,VALUE,
sink,16.45154756131687
lower,10.511495751866764
