WORD,VALUE,
whistle,33.61720443782066
loving,26.335678666745384
dreaming,23.413403080098284
sinking,16.459971733842462
strip,11.612409544914378
embrace,11.612409544914378
lowered,9.525848312718853
