WORD,VALUE,
lower,10.44427942724879
came,7.5896045075628376
