WORD,VALUE,
whistl,32.41319556831457
bet,11.755292771957127
weav,11.29678902681727
embrac,11.29678902681727
lower,9.218581109319224
