WORD,VALUE,
sad-eyed,39.522265439936156
unkind,10.566733499984784
mighty,8.58350103862195
complete,7.879819555860981
fair,6.353948373100867
second,5.7223340257479665
small,5.7223340257479665
lovely,2.8611670128739832
nervous,2.8611670128739832
phony,2.8611670128739832
prime,2.8611670128739832
awful,2.8611670128739832
moral,2.8611670128739832
useless,2.8611670128739832
