WORD,VALUE,
sad-ey,39.396182112240524
alon,10.538417316329351
unkind,10.519995984300195
mighti,8.539073407558398
second,7.847891250530909
complet,7.847891250530909
roll,7.847891250530909
tire,7.015065235343805
fair,4.249142297433987
small,3.5075326176719024
love,2.846357802519467
fat,2.846357802519467
nervous,2.846357802519467
silver,2.846357802519467
phoni,2.846357802519467
loud,2.846357802519467
prime,2.846357802519467
aw,2.846357802519467
moral,2.846357802519467
useless,2.846357802519467
