WORD,VALUE,
sad-ey,39.26733745291297
alon,10.49705158050369
unkind,10.472256082049633
mighti,8.493707231233126
second,7.815273407055438
complet,7.815273407055438
roll,7.815273407055438
tire,6.972072784943813
fair,4.221271905809089
small,3.4860363924719064
love,2.831235743744375
fat,2.831235743744375
nervous,2.831235743744375
silver,2.831235743744375
phoni,2.831235743744375
loud,2.831235743744375
prime,2.831235743744375
aw,2.831235743744375
moral,2.831235743744375
useless,2.831235743744375
