WORD,VALUE,
ladi,46.32101815108025
weekend,42.36433694142109
father,42.14298912764539
stone,29.511322729639993
blue,28.987391012855916
lee,26.593519406999004
franki,26.593519406999004
eden,21.816437702144928
jane,21.076834632658702
juda,21.076834632658702
gate,20.333186380774755
coin,18.945883107987097
memphi,18.366002421365376
jone,16.10330191624646
truck,16.10330191624646
factori,16.10330191624646
tombston,16.10330191624646
hat,14.231789012597337
insid,14.231789012597337
melodi,13.296759703499502
blanket,13.296759703499502
unknown,13.296759703499502
queen,12.139018276995237
mister,10.872278732579385
priest,10.872278732579385
hopin,10.538417316329351
lowland,10.538417316329351
drum,10.538417316329351
stay,10.522597853015707
kitchen,9.8175018850357
gypsi,9.8175018850357
promis,8.539073407558398
hole,8.539073407558398
alley,8.162741501639177
sailor,8.04834772119531
toe,8.04834772119531
singin,8.04834772119531
railroad,7.847891250530909
dyin,7.847891250530909
lay,7.847891250530909
stand,7.746866667208438
vision,7.746866667208438
brand,7.746866667208438
degre,7.015065235343805
captain,6.581647613180049
food,6.581647613180049
distanc,6.318080289525098
hang,6.318080289525098
pa,6.318080289525098
sweet,5.796065467706345
brass,5.692715605038934
tom,5.2599979921500974
sir,5.2599979921500974
bail,5.2599979921500974
robe,5.2599979921500974
landlord,5.2599979921500974
gambler,5.2599979921500974
ridin,5.016753859964892
piti,5.016753859964892
pictur,5.016753859964892
maid,4.249142297433987
gift,4.249142297433987
pleasur,3.5075326176719024
build,3.5075326176719024
card,3.5075326176719024
guard,3.5075326176719024
rainbow,3.5075326176719024
badg,3.5075326176719024
clown,3.5075326176719024
sooner,3.5075326176719024
ruin,2.846357802519467
organ,2.846357802519467
cape,2.846357802519467
sigh,2.846357802519467
bay,2.846357802519467
saxophon,2.846357802519467
cigarett,2.846357802519467
charg,2.846357802519467
penni,2.846357802519467
pound,2.846357802519467
shape,2.846357802519467
shovel,2.846357802519467
curfew,2.846357802519467
claw,2.846357802519467
princess,2.846357802519467
plain,2.846357802519467
drag,2.846357802519467
miseri,2.846357802519467
thirst,2.846357802519467
drivin,2.846357802519467
frame,2.846357802519467
rang,2.846357802519467
artist,2.846357802519467
proud,2.846357802519467
better,2.846357802519467
ice,2.846357802519467
hero,2.846357802519467
station,2.846357802519467
failur,2.846357802519467
