WORD,VALUE,
father,27.52665316032369
queen,26.493292150647306
lee,26.493292150647306
franki,26.493292150647306
juda,24.624234167526268
eden,21.740080396918508
jane,20.99410316100738
man,18.457293204896075
memphi,18.292018842064245
jone,16.04444039572042
mr.,16.018711422589867
mister,13.019395257374818
highway,10.49705158050369
daddi,10.472256082049633
hang,7.815273407055438
sweet,6.972072784943813
blue,5.66247148748875
tom,5.236128041024816
bell,5.236128041024816
tonight,5.236128041024816
sooner,5.236128041024816
stay,4.982509301915092
better,2.831235743744375
