WORD,VALUE,
queen,27.712351387995
lee,26.691614207610264
frankie,26.691614207610264
man,24.792624955359617
eden,21.89116374491389
jane,21.157810338294404
judas,21.157810338294404
memphis,18.438418579513296
jones,16.160908864039868
mister,13.131180115147938
highway,10.578905169147202
pa,6.353948373100867
whose,5.7223340257479665
tom,5.283366749992392
belle,5.283366749992392
blue,4.276450833521979
sooner,3.5285914908931577
