WORD,VALUE,
doe,24.094812442242624
throw,16.885087623236355
spi,10.818164663903914
warn,10.49705158050369
treat,9.199748419435936
carri,8.890042269531136
comin,8.009355711294933
refus,7.815273407055438
point,7.815273407055438
hand,6.972072784943813
steal,6.972072784943813
spend,5.755446743231644
peek,5.236128041024816
discov,5.236128041024816
bless,5.236128041024816
expect,4.982509301915092
realiz,4.221271905809089
fear,4.221271905809089
disguis,3.4860363924719064
ach,3.4860363924719064
kneel,2.831235743744375
click,2.831235743744375
rambl,2.831235743744375
part,2.831235743744375
bust,2.831235743744375
wore,2.831235743744375
invit,2.831235743744375
flip,2.831235743744375
employ,2.831235743744375
scorn,2.831235743744375
aim,2.831235743744375
wind,2.831235743744375
skip,2.831235743744375
place,2.831235743744375
mutter,2.831235743744375
