WORD,VALUE,
doe,27.69070202155165
hang,16.772366399878408
spied,16.187829968311032
ask,14.895520264496257
carried,13.368728764882743
happening,13.157026221335421
throw,12.741441189635156
steal,10.588580162978722
Throw,10.588580162978722
treat,9.901049396962726
comin,8.104372909192506
spend,8.104372909192506
pass,8.104372909192506
jump,5.736181802354805
fear,5.736181802354805
'Cause,5.294290081489361
stumble,4.28922361204514
staying,4.28922361204514
sends,3.538439824306447
hears,2.8680909011774025
asks,2.8680909011774025
part,2.8680909011774025
toil,2.8680909011774025
busted,2.8680909011774025
wore,2.8680909011774025
decided,2.8680909011774025
leap,2.8680909011774025
sail,2.8680909011774025
Wait,2.8680909011774025
scorn,2.8680909011774025
bowed,2.8680909011774025
Standing,2.8680909011774025
returned,2.8680909011774025
Wants,2.8680909011774025
Puts,2.8680909011774025
