WORD,VALUE,
doe,24.278036553990475
throw,16.996569189735947
spi,10.872278732579385
warn,10.538417316329351
treat,9.261863369110635
carri,8.95615765970545
comin,8.04834772119531
refus,7.847891250530909
point,7.847891250530909
hand,7.015065235343805
steal,7.015065235343805
spend,5.796065467706345
peek,5.2599979921500974
discov,5.2599979921500974
bless,5.2599979921500974
expect,5.016753859964892
realiz,4.249142297433987
fear,4.249142297433987
disguis,3.5075326176719024
ach,3.5075326176719024
kneel,2.846357802519467
click,2.846357802519467
rambl,2.846357802519467
part,2.846357802519467
bust,2.846357802519467
wore,2.846357802519467
invit,2.846357802519467
flip,2.846357802519467
employ,2.846357802519467
scorn,2.846357802519467
aim,2.846357802519467
wind,2.846357802519467
skip,2.846357802519467
place,2.846357802519467
mutter,2.846357802519467
