WORD,VALUE,
readi,37.57675725667157
broken,34.367787812247194
ugli,32.2978798728419
clean-cut,22.319519090079986
pure,19.382213720236315
usual,19.04235868483984
holi,17.20594359085955
glad,16.884156829246933
satisfi,10.01524833688648
grate,7.225037007230597
corrupt,6.46073790674544
sacr,5.678465973722459
content,4.605274806364053
solid,4.605274806364053
east,4.605274806364053
french,3.6125185036152985
rid,3.6125185036152985
fieri,3.6125185036152985
thirsti,3.6125185036152985
