WORD,VALUE,
ready,37.370079010000765
broken,32.41678036475243
clean-cut,22.71495739550121
glad,22.60119769211213
pure,22.50704803377642
Dead,9.675763845120922
grateful,7.407259101294869
Sorry,6.60257016350909
solid,4.736775690696814
east,4.736775690696814
angry,3.7036295506474346
fiery,3.7036295506474346
