WORD,VALUE,
broken,81.44979649916151
ready,37.20565937652876
clean-cut,22.65661531402463
glad,22.510003106371094
pure,22.442729198975638
grateful,7.380344072317197
near,6.581631887855629
solid,4.717341422883763
angry,3.6901720361585983
fiery,3.6901720361585983
