WORD,VALUE,
readi,37.23260667767839
broken,35.13969642694751
clean-cut,22.666180023928437
glad,22.524950271462536
pure,22.453273333122908
grate,7.384755859564229
solid,4.720526740750747
east,4.720526740750747
angri,3.6923779297821144
fieri,3.6923779297821144
content,3.6923779297821144
