WORD,VALUE,
readi,36.85370124179091
ugli,32.59156787268922
broken,30.216298909404415
clean-cut,22.531588320431098
pure,19.610327563808625
usual,19.22722165869222
glad,17.19249373892519
holi,15.597970504069613
satisfi,10.140117976102614
grate,7.322700389947994
corrupt,6.536775854602874
sacr,5.770548534801085
content,4.675731932582717
solid,4.675731932582717
east,4.675731932582717
french,3.661350194973997
rid,3.661350194973997
fieri,3.661350194973997
thirsti,3.661350194973997
