WORD,VALUE,
trouble,102.68007584707203
broken,81.39713429047686
bully,53.32478102558676
trust,51.340037923536016
shot,51.340037923536016
disease,46.4285832624632
neighborhood,46.4285832624632
shore,44.858655901518276
ready,37.17141415483717
tonight,34.803043771258736
maybe,30.046435231510188
thank,28.924270847751117
satan,25.991274060638574
clean-cut,22.644458667859244
killer,22.644458667859244
glad,22.49100737068662
pure,22.429327950759138
press,17.547025444170718
nature,16.186686984126332
nightingale,16.04281366612864
altar,16.04281366612864
grace,13.15453911782945
union,13.15453911782945
idea,13.070034128508315
creation,12.808210480336987
resent,12.808210480336987
dump,12.808210480336987
greed,12.808210480336987
handle,11.062105711987773
lamb,11.062105711987773
jesus,10.52313811205955
honor,10.206630056103059
sundown,10.206630056103059
cripple,9.641423615917038
made,9.641423615917038
garden,9.426586710673291
dare,8.364851795332966
neither,8.09607611393595
grateful,7.374737141325184
arise,7.374737141325184
heal,6.952014536672878
sweetheart,6.952014536672878
risin,6.952014536672878
intend,6.577269558914725
drifting,6.577269558914725
thirty,6.577269558914725
cent,6.577269558914725
swift,4.713293355336646
engine,4.713293355336646
grain,4.713293355336646
temptation,4.713293355336646
indeed,4.713293355336646
solid,4.713293355336646
foundation,4.713293355336646
destruction,3.687368570662592
health,3.687368570662592
glove,3.687368570662592
astray,3.687368570662592
mount,3.687368570662592
barrel,3.687368570662592
idol,3.687368570662592
confession,3.687368570662592
angry,3.687368570662592
thump,3.687368570662592
hurricane,3.687368570662592
rush,3.687368570662592
fiery,3.687368570662592
reflection,3.687368570662592
cotton,3.687368570662592
outskirt,3.687368570662592
test,3.687368570662592
condemn,3.687368570662592
capture,3.687368570662592
vanity,3.687368570662592
arrest,3.687368570662592
guy,3.687368570662592
