WORD,VALUE,
troubl,102.79144676041606
bulli,53.37157037708046
shot,51.39572338020803
diseas,46.46980194830701
neighborhood,46.46980194830701
tonight,46.123795937523504
shore,44.906546666245816
broken,39.60164815516907
driftin,36.18336392304974
trust,29.387728543937108
satan,26.015780749532716
mayb,25.131283619599767
killer,22.666180023928437
dead,20.4388682143341
natur,19.304007281372904
rock,18.46188964891057
nightingal,16.058964356547946
shootin,16.058964356547946
never,15.735848516661994
altar,13.170128501718388
grace,13.170128501718388
waitin,13.170128501718388
union,13.170128501718388
idea,13.089510258456036
late,12.821575837931347
creation,12.821575837931347
forgiv,12.821575837931347
dump,12.821575837931347
greed,12.821575837931347
step,11.658220832658056
lamb,11.077133789346341
jesus,10.539828909182326
honor,10.21943410716705
sure,10.21943410716705
made,9.652003640686452
tune,9.441053481501495
west,9.262537719523685
garden,8.109981578233784
sweetheart,6.96369597467613
unto,6.585064250859194
cent,6.585064250859194
block,5.829110416329028
engin,4.720526740750747
'd,4.720526740750747
someplac,4.720526740750747
grain,4.720526740750747
temptat,4.720526740750747
foundat,4.720526740750747
destruct,3.6923779297821144
health,3.6923779297821144
box,3.6923779297821144
glove,3.6923779297821144
barrel,3.6923779297821144
wherev,3.6923779297821144
idol,3.6923779297821144
confess,3.6923779297821144
thumpin,3.6923779297821144
hurrican,3.6923779297821144
twilight,3.6923779297821144
coupl,3.6923779297821144
reflect,3.6923779297821144
cotton,3.6923779297821144
outskirt,3.6923779297821144
vaniti,3.6923779297821144
guy,3.6923779297821144
