WORD,VALUE,
troubl,76.88835409445393
bulli,48.38931510984822
shot,46.37870219371975
diseas,46.21438561467224
neighborhood,41.75095134179562
hell,39.955531513542525
broken,39.38075314443073
driftin,35.97972957375959
shore,35.7142096800616
trust,29.21861551754337
car,27.5654680791531
satan,25.863928384587183
rock,21.968101169843983
missouri,19.22722165869222
desert,19.17290916596386
killer,19.17290916596386
natur,19.17290916596386
dead,16.20445206400745
pearl,16.091224246879364
nightingal,15.958893975947014
vow,15.958893975947014
willi,15.958893975947014
shootin,15.958893975947014
never,15.597970504069613
beat,15.108149454702207
altar,13.073551709205748
grace,13.073551709205748
late,12.738766118778617
a-rollin,12.738766118778617
creation,12.738766118778617
forgiv,12.738766118778617
dump,12.738766118778617
martin,12.738766118778617
luther,12.738766118778617
union,10.984050584921992
idea,10.305216312922779
outlaw,10.140117976102614
greed,10.140117976102614
curl,9.58645458298193
tune,9.351463865165433
honor,8.301271996890442
sure,8.301271996890442
salli,7.322700389947994
rubi,6.536775854602874
pool,6.536775854602874
unto,6.536775854602874
cent,6.536775854602874
movi,5.770548534801085
made,5.770548534801085
debt,4.675731932582717
stead,4.675731932582717
someplac,4.675731932582717
grain,4.675731932582717
temptat,4.675731932582717
oklahoma,4.675731932582717
border,4.675731932582717
foundat,4.675731932582717
destruct,3.661350194973997
govern,3.661350194973997
alibi,3.661350194973997
ghetto,3.661350194973997
idol,3.661350194973997
buckl,3.661350194973997
confess,3.661350194973997
jumpin,3.661350194973997
thumpin,3.661350194973997
twilight,3.661350194973997
reflect,3.661350194973997
outskirt,3.661350194973997
crumb,3.661350194973997
womb,3.661350194973997
tub,3.661350194973997
vaniti,3.661350194973997
score,3.661350194973997
