WORD,VALUE,
trouble,63.03102804553629
bully,53.4766363747144
shot,51.52077869416496
tonight,48.36688982316542
disease,46.562359362371794
shore,45.01409606755284
Broken,39.68169698566471
neighborhood,36.25715846176081
Satan,26.07081241289006
Maybe,25.213785332033936
killer,22.71495739550121
dead,20.49638328136453
nature,16.246327817924577
nightingale,16.095233144551564
Bird,16.095233144551564
altar,16.095233144551564
Nothin,16.095233144551564
shootin,16.095233144551564
Never,15.785852329204026
grace,13.20514032701818
waitin,13.20514032701818
union,13.20514032701818
idea,13.13325977921349
dance,13.13325977921349
Late,12.851590334150393
creation,12.851590334150393
dump,12.851590334150393
Rock,12.851590334150393
greed,12.851590334150393
city,11.623812524045753
lamb,11.110888651942304
Jesus,10.577324138155209
honor,10.248191640682265
Sure,10.248191640682265
Made,9.675763845120922
garden,9.473551381393628
tune,9.473551381393628
step,9.298775985792737
West,8.404595110677974
Yesterday,7.407259101294869
rock,6.989939582783691
sweetheart,6.989939582783691
risin,6.989939582783691
Bridge,6.60257016350909
Unto,6.60257016350909
eternity,6.60257016350909
cent,6.60257016350909
block,5.85035669535584
engine,4.736775690696814
'd,4.736775690696814
someplace,4.736775690696814
grain,4.736775690696814
beat,4.736775690696814
foundation,4.736775690696814
destruction,3.7036295506474346
health,3.7036295506474346
glove,3.7036295506474346
hanging,3.7036295506474346
barrel,3.7036295506474346
Wherever,3.7036295506474346
idol,3.7036295506474346
confession,3.7036295506474346
Master,3.7036295506474346
temptation,3.7036295506474346
thumpin,3.7036295506474346
hurricane,3.7036295506474346
couple,3.7036295506474346
reflection,3.7036295506474346
cotton,3.7036295506474346
outskirt,3.7036295506474346
rabbit,3.7036295506474346
fighting,3.7036295506474346
vanity,3.7036295506474346
guy,3.7036295506474346
