WORD,VALUE,
trouble,98.72398169882803
bully,48.38931510984822
shot,48.273672740638105
disease,46.21438561467224
neighborhood,41.75095134179562
hell,39.955531513542525
broken,39.38075314443073
driftin,35.97972957375959
shore,34.85695322558617
car,32.19025614189978
trust,29.21861551754337
satan,25.863928384587183
rock,19.610327563808625
beat,19.610327563808625
missouri,19.22722165869222
desert,19.17290916596386
killer,19.17290916596386
dead,16.20445206400745
pearls,16.091224246879364
nature,16.091224246879364
nightingale,15.958893975947014
vow,15.958893975947014
shootin,15.958893975947014
never,15.597970504069613
kid,14.913211646469062
grace,13.073551709205748
late,12.738766118778617
a-rollin,12.738766118778617
dump,12.738766118778617
martin,12.738766118778617
luther,12.738766118778617
idea,11.946119986330391
outlaw,10.140117976102614
greed,10.140117976102614
curls,9.58645458298193
cities,9.58645458298193
tune,9.351463865165433
union,8.301271996890442
sure,8.301271996890442
lives,8.023885549986016
curtain,8.023885549986016
stick,8.023885549986016
sally,7.322700389947994
ruby,6.536775854602874
debt,6.536775854602874
pool,6.536775854602874
unto,6.536775854602874
steps,6.536775854602874
movie,5.770548534801085
strangers,5.770548534801085
made,5.770548534801085
hanging,4.675731932582717
stead,4.675731932582717
someplace,4.675731932582717
grain,4.675731932582717
temptation,4.675731932582717
oklahoma,4.675731932582717
border,4.675731932582717
foundation,4.675731932582717
destruction,3.661350194973997
flower,3.661350194973997
bombs,3.661350194973997
confession,3.661350194973997
jumpin,3.661350194973997
thumpin,3.661350194973997
limbs,3.661350194973997
twilight,3.661350194973997
reflection,3.661350194973997
outskirts,3.661350194973997
know,3.661350194973997
feelings,3.661350194973997
womb,3.661350194973997
tub,3.661350194973997
vanity,3.661350194973997
score,3.661350194973997
