WORD,VALUE,
troubl,75.86288857592127
bulli,47.937970392647244
shot,45.824811123857735
diseas,45.811872588829985
neighborhood,41.354019137592125
hell,39.36466824729448
broken,39.03265263158593
driftin,35.65883531741353
shore,35.24751820133457
trust,28.952133774194785
car,28.392329868612304
satan,25.624652897737327
desert,22.319519090079986
rock,21.675111021691794
mayb,20.253264024808598
missouri,19.04235868483984
killer,18.966420757251516
natur,18.966420757251516
dead,15.949829815631533
pearl,15.911942094665758
nightingal,15.801237258593371
vow,15.801237258593371
willi,15.801237258593371
shootin,15.801237258593371
never,15.381018303774855
beat,14.875152641186254
altar,12.92147581349088
grace,12.92147581349088
late,12.60831565792371
creation,12.60831565792371
forgiv,12.60831565792371
dump,12.60831565792371
martin,12.60831565792371
luther,12.60831565792371
union,10.837555510845897
idea,10.126632012404299
outlaw,10.01524833688648
greed,10.01524833688648
curl,9.483210378625758
tune,9.210549612728107
waitin,9.210549612728107
honor,8.181983179313079
sure,8.181983179313079
salli,7.225037007230597
rubi,6.46073790674544
pool,6.46073790674544
unto,6.46073790674544
cent,6.46073790674544
movi,5.678465973722459
made,5.678465973722459
debt,4.605274806364053
stead,4.605274806364053
someplac,4.605274806364053
grain,4.605274806364053
temptat,4.605274806364053
guy,4.605274806364053
border,4.605274806364053
foundat,4.605274806364053
destruct,3.6125185036152985
govern,3.6125185036152985
alibi,3.6125185036152985
ghetto,3.6125185036152985
wherev,3.6125185036152985
idol,3.6125185036152985
buckl,3.6125185036152985
confess,3.6125185036152985
jumpin,3.6125185036152985
thumpin,3.6125185036152985
twilight,3.6125185036152985
reflect,3.6125185036152985
outskirt,3.6125185036152985
crumb,3.6125185036152985
womb,3.6125185036152985
tub,3.6125185036152985
vaniti,3.6125185036152985
score,3.6125185036152985
