WORD,VALUE,
Broken,39.68169698566471
Satan,26.07081241289006
Maybe,25.213785332033936
Never,15.785852329204026
Late,12.851590334150393
Rock,12.851590334150393
Nothin,12.851590334150393
Jesus,10.577324138155209
Sure,10.248191640682265
Made,9.675763845120922
Bridge,6.60257016350909
Unto,6.60257016350909
West,5.85035669535584
'd,4.736775690696814
Wherever,3.7036295506474346
