WORD,VALUE,
satan,26.004989570248863
west,16.196970505453034
risin,12.815690536167688
jesus,10.532478849204896
bridge,6.581631887855629
