WORD,VALUE,
broken,39.49702958577399
satan,25.943860206380695
mayb,25.02351616424224
never,15.670528037089525
late,12.782353321022391
rock,12.782353321022391
nothin,12.782353321022391
jesus,10.49085744273139
sure,10.181861606152985
made,9.620955630338267
bridg,6.562190747071779
unto,6.562190747071779
ooh,5.801362437770623
west,5.801362437770623
'd,4.699303252858221
wherev,3.677678932555465
