WORD,VALUE,
satan,25.991274060638574
west,16.186686984126332
risin,12.808210480336987
jesus,10.52313811205955
bridge,6.577269558914725
