WORD,VALUE,
hell,59.4638581348487
broken,39.03265263158593
satan,25.624652897737327
mayb,20.253264024808598
missouri,19.04235868483984
willi,15.801237258593371
never,15.381018303774855
son,14.450074014461194
late,12.60831565792371
martin,12.60831565792371
luther,12.60831565792371
rock,12.60831565792371
sure,8.181983179313079
salli,7.225037007230597
nothin,6.777659023849687
bridg,6.46073790674544
unto,6.46073790674544
ooh,5.678465973722459
made,5.678465973722459
wherev,3.6125185036152985
stick,3.6125185036152985
yonder,3.6125185036152985
