WORD,VALUE,
trust,29.14663433807157
thank,28.759363748945788
rambl,23.189351096859873
press,19.610327563808625
rose,19.17290916596386
handl,13.77904137994122
grown,10.984050584921992
dare,10.436472219486351
given,10.305216312922779
doin,10.140117976102614
rule,7.322700389947994
crippl,7.322700389947994
aris,5.770548534801085
star,4.675731932582717
breakin,4.675731932582717
dri,4.675731932582717
notic,4.675731932582717
ruin,4.675731932582717
mount,3.661350194973997
sign,3.661350194973997
snap,3.661350194973997
