WORD,VALUE,
thank,28.86286689101481
trust,23.281924511848057
ring,19.883193410715585
press,19.686572241215334
rose,19.241911260676535
given,11.602724875541247
handl,11.033036797666398
crippl,9.620955630338267
heal,8.341172054747416
aris,7.35535786511093
dare,6.929423505451849
intend,6.562190747071779
bought,4.699303252858221
join,4.699303252858221
breakin,4.699303252858221
rule,4.699303252858221
mount,3.677678932555465
sign,3.677678932555465
