WORD,VALUE,
thank,28.956010922059356
trust,23.365244020436947
ring,19.974611852951575
press,19.75519275257758
rose,19.304007281372904
given,11.658220832658056
handl,11.077133789346341
crippl,9.652003640686452
aris,7.384755859564229
heal,6.96369597467613
dare,6.96369597467613
intend,6.585064250859194
bought,4.720526740750747
join,4.720526740750747
breakin,4.720526740750747
rule,4.720526740750747
mount,3.6923779297821144
sign,3.6923779297821144
