WORD,VALUE,
wanted,35.7142096800616
trust,31.917787951894027
ramble,29.21861551754337
thank,28.759363748945788
handle,19.22722165869222
seeing,19.17290916596386
rose,19.17290916596386
saved,14.645400779895988
supposed,12.596805431810264
named,11.450182351287703
grown,10.984050584921992
given,10.305216312922779
doin,10.140117976102614
drown,10.140117976102614
crippled,7.322700389947994
stick,7.322700389947994
dare,6.891367019788275
dies,6.536775854602874
intend,6.536775854602874
dry,6.536775854602874
remind,5.770548534801085
arise,5.770548534801085
beat,4.675731932582717
owned,4.675731932582717
breakin,4.675731932582717
keeping,4.675731932582717
denied,4.675731932582717
compared,3.661350194973997
covers,3.661350194973997
click,3.661350194973997
search,3.661350194973997
mount,3.661350194973997
haunted,3.661350194973997
criticized,3.661350194973997
wandered,3.661350194973997
using,3.661350194973997
guessed,3.661350194973997
killing,3.661350194973997
snap,3.661350194973997
dared,3.661350194973997
