WORD,VALUE,
trust,51.340037923536016
thank,28.924270847751117
press,19.73180867674418
handle,12.808210480336987
resent,12.808210480336987
cripple,9.641423615917038
made,9.641423615917038
dare,8.364851795332966
arise,7.374737141325184
heal,6.952014536672878
intend,6.577269558914725
drifting,6.577269558914725
rule,6.577269558914725
mount,3.687368570662592
thump,3.687368570662592
notice,3.687368570662592
condemn,3.687368570662592
capture,3.687368570662592
