WORD,VALUE,
complete,9.25967913640864
naked,7.013925603985324
ragged,6.296194434825563
proud,5.4797744094490355
countless,3.506962801992662
bare,3.506962801992662
mean,3.506962801992662
a-cryin,3.506962801992662
nervous,3.506962801992662
phony,3.506962801992662
silent,3.506962801992662
