WORD,VALUE,
row,31.543515975570706
farm,25.062979616267775
eden,25.01013172411431
jane,24.546959863194083
mr.,19.390367386707155
jone,18.567680234864998
factori,18.567680234864998
pawn,18.567680234864998
food,16.635735665617826
disgrac,15.396480170442615
kitchen,13.949787451043559
freedom,13.949787451043559
mister,13.160203764979075
farewel,12.273479931597041
hole,10.462340588282668
pictur,10.462340588282668
rat,9.695183693353577
though,9.695183693353577
sailor,9.695183693353577
blanket,9.695183693353577
william,9.695183693353577
dyin,9.218296014123176
south,6.974893725521779
school,6.974893725521779
diamond,6.487136545904314
toll,6.487136545904314
bail,6.265744904066944
coast,6.265744904066944
start,6.265744904066944
outsid,5.443093774807408
unknown,5.443093774807408
societi,4.4250528864793255
question,4.4250528864793255
heel,4.4250528864793255
shotgun,4.4250528864793255
carryin,4.4250528864793255
guard,4.4250528864793255
strength,4.4250528864793255
fortun,4.4250528864793255
loser,4.4250528864793255
monkey,4.4250528864793255
clown,4.4250528864793255
fist,4.4250528864793255
youth,3.4874468627608897
respect,3.4874468627608897
ruin,3.4874468627608897
sleev,3.4874468627608897
a-cryin,3.4874468627608897
a-bleedin,3.4874468627608897
roar,3.4874468627608897
dakota,3.4874468627608897
listenin,3.4874468627608897
deputi,3.4874468627608897
bay,3.4874468627608897
sailin,3.4874468627608897
circus,3.4874468627608897
penni,3.4874468627608897
pound,3.4874468627608897
claw,3.4874468627608897
princess,3.4874468627608897
christ,3.4874468627608897
club,3.4874468627608897
drag,3.4874468627608897
shape,3.4874468627608897
pretti,3.4874468627608897
tenni,3.4874468627608897
court,3.4874468627608897
shower,3.4874468627608897
second,3.4874468627608897
map,3.4874468627608897
polit,3.4874468627608897
equal,3.4874468627608897
confus,3.4874468627608897
store,3.4874468627608897
lagoon,3.4874468627608897
frame,3.4874468627608897
artist,3.4874468627608897
medicin,3.4874468627608897
better,3.4874468627608897
station,3.4874468627608897
cloak,3.4874468627608897
