WORD,VALUE,
row,28.374675910194224
man,28.374675910194224
eden,25.106182804034002
queen,24.651593290818706
jane,24.651593290818706
jones,18.641864131731
mister,15.52386738052877
highway,12.325796645409353
william,12.325796645409353
war,7.013925603985324
south,4.453151173416026
dakota,3.506962801992662
spanish,3.506962801992662
