WORD,VALUE,
lookin,29.319658928514592
flash,21.860036766673904
gaze,15.52386738052877
chase,15.459730475781772
scream,9.745149163343967
dyin,9.25967913640864
complain,9.25967913640864
shout,8.906302346832051
criticize,8.906302346832051
hand,7.924303844742417
accept,7.013925603985324
act,6.532399528250869
stab,6.296194434825563
fix,6.296194434825563
crash,5.4797744094490355
point,5.4797744094490355
fear,5.4797744094490355
bust,4.453151173416026
swallow,4.453151173416026
promise,4.453151173416026
face,4.453151173416026
block,3.506962801992662
define,3.506962801992662
nail,3.506962801992662
invite,3.506962801992662
leap,3.506962801992662
flip,3.506962801992662
bless,3.506962801992662
clean,3.506962801992662
cool,3.506962801992662
memorize,3.506962801992662
