WORD,VALUE,
lookin,20.266500983315936
gaze,15.5517958121861
chase,15.484318902718801
chime,13.256703926135529
flash,12.616067616865113
babe,12.616067616865113
complain,9.27576819445898
hand,8.928161734599957
critic,8.928161734599957
pound,7.942823227790018
scream,7.942823227790018
act,7.942823227790018
fire,7.029104982312624
accept,7.029104982312624
fix,6.3080338084325565
crash,5.494044108053295
fear,5.494044108053295
taught,5.494044108053295
forsak,4.4640808672999786
swallow,4.4640808672999786
hid,4.4640808672999786
preach,4.4640808672999786
promis,4.4640808672999786
land,4.4640808672999786
block,3.514552491156312
defin,3.514552491156312
nail,3.514552491156312
bust,3.514552491156312
wore,3.514552491156312
invit,3.514552491156312
fed,3.514552491156312
flip,3.514552491156312
clean,3.514552491156312
memor,3.514552491156312
rattl,3.514552491156312
