WORD,VALUE,
mein,6.32833181357919
meinen,0.43620036231609305
