WORD,VALUE,
broken,71.35178651271382
tender,42.43207291545021
