WORD,VALUE,
dandy,181.16625546729637
fine,68.39900286105672
weary,43.961517547654566
pale,31.971232093217097
