WORD,VALUE,
wiggle,745.395302265405
woogie,384.8920149277942
davey,147.12094225011728
mousey,105.1755895619239
toil,28.955523727929876
