WORD,VALUE,
albert,78.08058411357328
frankie,71.65157054308911
diamond,65.94227632148186
hat,63.942464186434194
maggie,46.592497155979615
