WORD,VALUE,
albert,78.26672726433968
frankie,71.81118762565623
diamond,66.10180964525416
hat,64.10195563080907
maggie,46.698894584558566
