WORD,VALUE,
linger,90.3052513558757
saw,80.75999239580254
weep,71.65157054308911
gamble,43.961517547654566
saddle,21.980758773827283
