WORD,VALUE,
kings,21.791977044887943
john,17.456784713238697
someday,15.409155374809496
gon,15.107329274331981
heart,10.754790693097352
winter,9.22658865625004
titanic,9.22658865625004
mississippi,6.2718462650738
romeo,3.4913569426477395
tennessee,3.4913569426477395
old,3.4913569426477395
