WORD,VALUE,
dead,377.08795166694387
readi,349.67737084981377
last,344.28022692404534
broken,257.7555032691124
long,203.88087296420701
glad,180.84024172472323
whole,160.5726912592751
high,147.3501243467168
sweet,140.40031491560694
littl,131.08062269990754
wrong,131.08062269990754
wide,131.08062269990754
right,129.49642479820636
new,116.62278744305272
pure,107.9623895624036
real,103.94752351699874
blind,103.94752351699874
old,100.22049161591303
dark,90.42012086236161
cold,90.42012086236161
usual,90.42012086236161
mani,76.92875718671813
great,76.92875718671813
true,76.92875718671813
strong,67.52033777428325
better,63.48559333665147
closer,63.48559333665147
bad,63.48559333665147
free,63.48559333665147
black,63.48559333665147
hot,60.518592447357
next,58.31139372152636
ugliest,58.31139372152636
higher,50.11024580795652
best,50.11024580795652
full,50.11024580795652
worth,50.11024580795652
beauti,50.11024580795652
precious,50.11024580795652
rank,50.11024580795652
big,50.11024580795652
grate,47.478138868304114
deep,47.478138868304114
sick,47.478138868304114
bright,45.557634266538734
content,36.8375310866792
past,36.8375310866792
scare,36.8375310866792
solid,36.8375310866792
east,36.8375310866792
evil,34.60813441804057
open,34.60813441804057
mine,34.60813441804057
low,34.60813441804057
swift,23.739069434152057
dumb,23.739069434152057
pain,23.739069434152057
tough,23.739069434152057
discreet,23.739069434152057
outsid,23.739069434152057
straight,23.739069434152057
rid,23.739069434152057
wise,23.739069434152057
clear,23.739069434152057
thick,23.739069434152057
warm,23.739069434152057
tight,23.739069434152057
late,23.739069434152057
welcom,23.739069434152057
poor,23.739069434152057
wild,23.739069434152057
import,23.739069434152057
