WORD,VALUE,
readi,420.3683754008949
last,353.15729752128954
broken,279.7227005383298
glad,218.902413866009
dead,190.9136102021522
high,179.97137938260357
whole,164.0716479902359
long,134.97853453695268
pure,132.42681536453696
blind,125.69755266555944
sweet,121.96900528969205
wrong,109.4512069330045
real,109.4512069330045
great,93.24090017944324
true,93.24090017944324
dark,93.24090017944324
littl,77.07879325145878
black,77.07879325145878
mani,77.07879325145878
closer,60.984502644846025
bad,60.984502644846025
wide,60.984502644846025
full,60.984502644846025
worth,60.984502644846025
grate,58.35088023041191
deep,58.35088023041191
free,44.99284484565089
higher,44.99284484565089
solid,44.99284484565089
east,44.99284484565089
better,44.99284484565089
big,44.99284484565089
evil,42.76193270223056
mine,42.76193270223056
sick,42.76193270223056
swift,29.175440115205955
discreet,29.175440115205955
outsid,29.175440115205955
past,29.175440115205955
straight,29.175440115205955
best,29.175440115205955
beauti,29.175440115205955
wise,29.175440115205955
thick,29.175440115205955
content,29.175440115205955
warm,29.175440115205955
import,29.175440115205955
