WORD,VALUE,
broken,574.4992808877707
a-rollin,77.32301509012157
fiery,29.273121273107947
content,29.273121273107947
