WORD,VALUE,
dead,420.63440491321757
readi,390.1132844162853
last,386.2670012465931
broken,288.8575932542651
long,228.76188358975546
glad,202.61181494142573
whole,180.78679009416413
high,166.0089533417047
sweet,157.50607861260627
littl,146.63221882796202
wrong,146.63221882796202
wide,146.63221882796202
right,146.59777941138074
new,132.16887221632606
pure,121.95540903768831
real,116.38857996525107
blind,116.38857996525107
old,112.66044579320915
dark,101.30590747071287
cold,101.30590747071287
usual,101.30590747071287
mani,86.25927395516831
great,86.25927395516831
true,86.25927395516831
strong,76.84644545890855
better,71.2608402652006
closer,71.2608402652006
bad,71.2608402652006
free,71.2608402652006
black,71.2608402652006
hot,68.29273710494991
next,66.08443610816303
ugliest,66.08443610816303
higher,56.330222896604575
best,56.330222896604575
full,56.330222896604575
worth,56.330222896604575
beauti,56.330222896604575
precious,56.330222896604575
rank,56.330222896604575
big,56.330222896604575
grate,53.69701368599594
deep,53.69701368599594
sick,53.69701368599594
bright,51.775406813274344
content,41.50223833542618
past,41.50223833542618
scare,41.50223833542618
solid,41.50223833542618
east,41.50223833542618
evil,39.27173939583133
open,39.27173939583133
mine,39.27173939583133
low,39.27173939583133
swift,26.84850684299797
dumb,26.84850684299797
pain,26.84850684299797
tough,26.84850684299797
discreet,26.84850684299797
outsid,26.84850684299797
straight,26.84850684299797
rid,26.84850684299797
wise,26.84850684299797
clear,26.84850684299797
thick,26.84850684299797
warm,26.84850684299797
tight,26.84850684299797
late,26.84850684299797
welcom,26.84850684299797
poor,26.84850684299797
wild,26.84850684299797
import,26.84850684299797
