WORD,VALUE,
bully,201.66061515403285
conceit,158.06623047374308
satan,104.09467656381109
altar,72.64927156538081
groom,69.39645104254073
sorrow,32.469703343151394
multitude,22.313157220719386
