WORD,VALUE,
teardrop,74.35448609677353
bos,29.273121273107947
outskirt,29.273121273107947
