WORD,VALUE,
well,294.7002486934336
hell,244.2637017205438
lord,226.50489185320131
mayb,212.84454905360482
god,196.7289070142507
broken,163.67838584405953
jesus,144.67661104795167
silvio,140.34278598139073
trust,131.08062269990754
never,117.50289957405307
satan,117.50289957405307
everyth,103.94752351699874
heart,94.95627773660823
son,89.5110350297796
brrr,86.91577070393028
devil,84.23523509037366
king,69.21626883608114
tomorrow,63.48559333665147
late,63.48559333665147
one,63.48559333665147
got,63.48559333665147
mahatma,63.48559333665147
martin,63.48559333665147
curtain,63.48559333665147
jordan,60.518592447357
resent,58.31139372152636
bruce,56.53313599780572
gregori,50.11024580795652
peter,50.11024580795652
ooh,50.11024580795652
magdalena,50.11024580795652
durango,50.11024580795652
seen,50.11024580795652
made,50.11024580795652
christ,50.11024580795652
west,50.11024580795652
henri,45.557634266538734
oklahoma,36.8375310866792
sue,36.8375310866792
porter,34.60813441804057
boy,34.60813441804057
san,23.739069434152057
golden,23.739069434152057
way,23.739069434152057
street,23.739069434152057
seem,23.739069434152057
master,23.739069434152057
june,23.739069434152057
tree,23.739069434152057
far,23.739069434152057
