WORD,VALUE,
well,332.0179066834094
hell,273.8105218657954
lord,252.94337686056323
mayb,237.72776422106568
god,223.1563693120504
broken,183.89358694990474
jesus,161.78347701590718
silvio,158.99830816351
trust,146.63221882796202
never,131.49922586220646
satan,131.49922586220646
everyth,116.38857996525107
heart,107.39402737199188
son,101.9454778522946
brrr,97.8004550413253
devil,95.11881715681248
king,78.54347879166266
tomorrow,71.2608402652006
late,71.2608402652006
one,71.2608402652006
got,71.2608402652006
mahatma,71.2608402652006
martin,71.2608402652006
curtain,71.2608402652006
jordan,68.29273710494991
resent,66.08443610816303
bruce,64.30507611348618
gregori,56.330222896604575
peter,56.330222896604575
ooh,56.330222896604575
magdalena,56.330222896604575
durango,56.330222896604575
seen,56.330222896604575
made,56.330222896604575
christ,56.330222896604575
west,56.330222896604575
henri,51.775406813274344
oklahoma,41.50223833542618
sue,41.50223833542618
porter,39.27173939583133
boy,39.27173939583133
san,26.84850684299797
golden,26.84850684299797
way,26.84850684299797
street,26.84850684299797
seem,26.84850684299797
master,26.84850684299797
june,26.84850684299797
tree,26.84850684299797
far,26.84850684299797
