WORD,VALUE,
weep,47.25754689057152
howl,44.62631444143877
tremble,22.313157220719386
thump,22.313157220719386
