NGRAM,VALUE,
walk together hand,48.395710555998164
pity poor immigrant,46.12754818510258
cove walk hand,44.395710555998164
cove together hand,42.05586055311354
along cove spy,38.49998580266851
dear landlord please,38.051670419162086
judas priest frankie,24.629876854164852
