NGRAM,VALUE,
pity poor immigrant,46.67565809269738
walked together hand,46.603970460708325
cove together hand,42.60397046070833
cove walked hand,42.60397046070833
along cove spied,39.6561080840435
Priest Frankie Lee,33.44594399192839
