NGRAM,VALUE,
piti poor immigr,46.67565809269738
walk togeth hand,46.603970460708325
cove togeth hand,42.60397046070833
cove walk hand,42.60397046070833
along cove spi,39.6561080840435
priest franki lee,33.44594399192839
