NGRAM,VALUE,
walk together hand,48.42306023781788
pity poor immigrant,46.1548978669223
cove walk hand,44.42306023781788
cove together hand,42.08321023493325
along cove spy,38.527335484488226
dear landlord please,38.07218268052688
judas priest frankie,24.650389115529638
