WORD,VALUE,
a-gonna,59.76416568738867
lost,19.167497549737373
complete,9.583748774868686
weird,8.285227228080949
naked,7.9262667501466595
constant,4.791874387434343
countless,4.791874387434343
a-cryin,4.791874387434343
phony,4.791874387434343
