WORD,VALUE,
older,16.90005055007181
younger,14.697187739316293
complet,9.798125159544195
weird,8.450025275035905
nake,8.13261161792552
constant,4.899062579772098
countless,4.899062579772098
phoni,4.899062579772098
wateri,4.899062579772098
