WORD,VALUE,
a-gonna,59.80052491797807
lost,19.181507352827865
complete,9.590753676413932
weird,8.290614376526202
naked,7.933004707119279
constant,4.795376838206966
countless,4.795376838206966
a-cryin,4.795376838206966
phony,4.795376838206966
