WORD,VALUE,
a-gonna,56.99482516764089
maggie,51.581016763897495
row,31.46445679616532
farm,26.943386038190916
eden,24.871843129578608
food,20.648291841544108
gaze,20.218713169416375
pawn,20.218713169416375
lost,19.181507352827865
chime,17.80093318833049
factory,17.80093318833049
disgrace,16.581228753052404
jones,15.86241468057191
kitchen,14.524531543411417
toll,14.524531543411417
flash,14.524531543411417
chase,14.386130514620902
criticize,12.6479466807166
bum,11.960104983595613
william,11.083540047898992
easily,9.590753676413932
aim,9.590753676413932
complete,9.590753676413932
accept,9.590753676413932
except,9.56803795664908
blanket,9.56803795664908
bid,9.56803795664908
trace,8.290614376526202
stab,8.290614376526202
coast,8.290614376526202
phantom,8.290614376526202
candle,8.290614376526202
fold,8.290614376526202
weird,8.290614376526202
direction,8.290614376526202
shift,8.290614376526202
lynch,8.290614376526202
naked,7.933004707119279
complain,7.933004707119279
shotgun,6.3239733403583
wishin,6.3239733403583
carryin,6.3239733403583
monkey,6.3239733403583
advice,6.3239733403583
hero,6.3239733403583
define,4.795376838206966
constant,4.795376838206966
countless,4.795376838206966
crutch,4.795376838206966
flight,4.795376838206966
sleeve,4.795376838206966
a-cryin,4.795376838206966
a-bleedin,4.795376838206966
dakota,4.795376838206966
invite,4.795376838206966
flip,4.795376838206966
constantly,4.795376838206966
flashin,4.795376838206966
electric,4.795376838206966
hood,4.795376838206966
mail,4.795376838206966
princess,4.795376838206966
club,4.795376838206966
watery,4.795376838206966
gladly,4.795376838206966
tennis,4.795376838206966
tramp,4.795376838206966
shower,4.795376838206966
map,4.795376838206966
memorize,4.795376838206966
equality,4.795376838206966
noble,4.795376838206966
lagoon,4.795376838206966
artist,4.795376838206966
sparkle,4.795376838206966
rattle,4.795376838206966
slay,4.795376838206966
medicine,4.795376838206966
cloak,4.795376838206966
softly,4.795376838206966
