WORD,VALUE,
a-gonna,57.23577193100811
maggi,51.78777337768578
desol,35.43515941730308
row,35.42518839357158
farm,27.081921059166767
eden,24.979736846295815
toll,23.8457420394145
food,20.752636712941033
gaze,20.30322197886092
pawn,20.30322197886092
chime,17.883667575114885
factori,17.883667575114885
disgrac,16.653157897530537
older,16.653157897530537
jone,15.94337464469617
critic,15.94337464469617
kitchen,14.612747904521669
flash,14.612747904521669
chase,14.456285236438902
younger,14.456285236438902
bum,12.008649220801082
proud,11.28137712788715
constant,9.637523490959266
easili,9.637523490959266
direct,9.637523490959266
accept,9.637523490959266
except,9.623838590840538
blanket,9.623838590840538
bid,9.623838590840538
william,9.623838590840538
trace,8.326578948765269
possess,8.326578948765269
stab,8.326578948765269
invit,8.326578948765269
coast,8.326578948765269
phantom,8.326578948765269
candl,8.326578948765269
fold,8.326578948765269
weird,8.326578948765269
shift,8.326578948765269
lynch,8.326578948765269
nake,7.978000099004474
complain,7.978000099004474
aim,7.978000099004474
complet,7.978000099004474
shotgun,6.358163489937228
wishin,6.358163489937228
carryin,6.358163489937228
monkey,6.358163489937228
advic,6.358163489937228
equal,6.358163489937228
hero,6.358163489937228
defin,4.818761745479633
countless,4.818761745479633
crutch,4.818761745479633
secur,4.818761745479633
petti,4.818761745479633
flight,4.818761745479633
sleev,4.818761745479633
a-cryin,4.818761745479633
louder,4.818761745479633
a-bleedin,4.818761745479633
dakota,4.818761745479633
flip,4.818761745479633
flashin,4.818761745479633
hood,4.818761745479633
jealous,4.818761745479633
insur,4.818761745479633
mail,4.818761745479633
princess,4.818761745479633
club,4.818761745479633
wateri,4.818761745479633
tenni,4.818761745479633
tramp,4.818761745479633
shower,4.818761745479633
map,4.818761745479633
memor,4.818761745479633
nobl,4.818761745479633
lagoon,4.818761745479633
artist,4.818761745479633
rattl,4.818761745479633
medicin,4.818761745479633
cloak,4.818761745479633
