WORD,VALUE,
maggie,51.581016763897495
row,35.311137190299206
farm,28.772261029241804
eden,24.871843129578608
pawn,23.460307695376976
food,20.648291841544108
chime,20.218713169416375
factory,17.80093318833049
disgrace,16.581228753052404
jones,15.86241468057191
kitchen,14.524531543411417
william,11.083540047898992
unknown,9.590753676413932
blanket,9.56803795664908
trace,8.290614376526202
pound,8.290614376526202
bum,8.290614376526202
coast,8.290614376526202
candle,8.290614376526202
direction,8.290614376526202
cost,7.933004707119279
guide,7.933004707119279
heel,6.3239733403583
shotgun,6.3239733403583
monkey,6.3239733403583
advice,6.3239733403583
hero,6.3239733403583
crutch,4.795376838206966
flight,4.795376838206966
sleeve,4.795376838206966
dakota,4.795376838206966
hood,4.795376838206966
claw,4.795376838206966
princess,4.795376838206966
fit,4.795376838206966
club,4.795376838206966
drag,4.795376838206966
watery,4.795376838206966
tennis,4.795376838206966
court,4.795376838206966
tramp,4.795376838206966
kick,4.795376838206966
shower,4.795376838206966
map,4.795376838206966
equality,4.795376838206966
handle,4.795376838206966
lagoon,4.795376838206966
lynch,4.795376838206966
artist,4.795376838206966
medicine,4.795376838206966
cloak,4.795376838206966
