WORD,VALUE,
maggie,51.55004468175337
row,35.292557158145556
man,35.292557158145556
queen,31.446143708584312
eden,24.855681684242853
mister,15.85028957515404
jones,15.85028957515404
captain,11.952833137477736
william,11.074917393253749
highway,9.559682246576465
dakota,4.791874387434343
