WORD,VALUE,
maggie,51.581016763897495
row,35.311137190299206
man,35.311137190299206
queen,31.46445679616532
eden,24.871843129578608
mister,15.86241468057191
jones,15.86241468057191
captain,11.960104983595613
william,11.083540047898992
highway,9.56803795664908
dakota,4.795376838206966
