WORD,VALUE,
maggi,52.497286142659206
eden,31.83040001882981
row,27.822522919038796
queen,26.582159562667492
man,18.33192060991369
mister,16.221432489887853
jone,16.221432489887853
daddi,12.951239333087967
william,11.33887211564981
captain,8.13261161792552
blue,8.13261161792552
dakota,4.899062579772098
whether,4.899062579772098
