WORD,VALUE,
maggi,51.78777337768578
eden,31.448080740690127
row,27.483349132877294
queen,26.174665241541284
man,17.9543770371069
mister,15.94337464469617
jone,15.94337464469617
daddi,12.716326979874456
william,11.14111510475059
captain,7.978000099004474
blue,7.978000099004474
dakota,4.818761745479633
whether,4.818761745479633
