WORD,VALUE,
gaze,20.30322197886092
chase,19.645871701079688
lookin,19.62720287534136
chime,17.883667575114885
babe,16.653157897530537
guid,13.087332620770642
flash,12.716326979874456
critic,12.716326979874456
fire,9.637523490959266
bid,9.637523490959266
accept,9.637523490959266
act,9.623838590840538
crash,7.978000099004474
complain,7.978000099004474
fear,7.978000099004474
hid,6.358163489937228
preach,6.358163489937228
promis,6.358163489937228
charg,6.358163489937228
block,4.818761745479633
defin,4.818761745479633
nail,4.818761745479633
order,4.818761745479633
invit,4.818761745479633
flip,4.818761745479633
duck,4.818761745479633
load,4.818761745479633
milk,4.818761745479633
memor,4.818761745479633
sparkl,4.818761745479633
rattl,4.818761745479633
